{
    "forgetting": 53.611111111111114,
    "learning_success": 74.225,
    "retention_ratio": 0.34994947793869996,
    "stability_gap": 17.04511111111111,
    "peak_drop": 24.294444444444444,
    "first_drop": 22.427777777777777,
    "last_drop": 11.755555555555556,
    "recovery_time_median": 600.0,
    "recovery_rate": 0.5777777777777777,
    "recovery_window": 5000,
    "recovery_scale": 0.8,
    "sg_window_steps": 100,
    "acc_bounds": [
        0.0,
        100.0
    ],
    "acc_auc_norm_mean": 33.68298831625142,
    "acc_auc_ratio_01_mean": 0.3368298831625142,
    "per_task_metrics": {
        "0": {
            "peak_drop": [
                48.5,
                25.5,
                15.5,
                16.75,
                14.75,
                8.75,
                12.0,
                10.5,
                2.5
            ],
            "recovery_time": [
                5000,
                5000,
                200,
                600,
                5000,
                200,
                76,
                380,
                76
            ],
            "sg_area": [
                34.77,
                18.24,
                11.78,
                9.5,
                9.12,
                3.8,
                1.33,
                7.6,
                1.9
            ],
            "first_drop": [
                45.75,
                24.0,
                15.5,
                12.5,
                12.0,
                5.0,
                1.75,
                10.0,
                2.5
            ],
            "last_drop": [
                29.5,
                9.0,
                0.0,
                2.0,
                6.25,
                0.0,
                4.5,
                2.0,
                0.0
            ],
            "acc_auc": 153783.0,
            "acc_auc_norm": 20.438995215311003,
            "acc_auc_ratio_01": 0.20438995215311004
        },
        "1": {
            "peak_drop": [
                53.75,
                24.25,
                15.0,
                11.5,
                7.75,
                12.5,
                15.5,
                3.5
            ],
            "recovery_time": [
                5000,
                5000,
                400,
                608,
                76,
                304,
                5000,
                76
            ],
            "sg_area": [
                40.85,
                16.91,
                11.4,
                8.36,
                0.19,
                6.27,
                8.55,
                1.14
            ],
            "first_drop": [
                53.75,
                22.25,
                15.0,
                11.0,
                0.25,
                8.25,
                11.25,
                1.5
            ],
            "last_drop": [
                33.5,
                10.0,
                0.0,
                2.25,
                0.0,
                2.0,
                9.0,
                0.0
            ],
            "acc_auc": 120881.0,
            "acc_auc_norm": 17.871230041395624,
            "acc_auc_ratio_01": 0.17871230041395625
        },
        "2": {
            "peak_drop": [
                52.5,
                25.25,
                6.0,
                22.25,
                9.75,
                7.75,
                11.25
            ],
            "recovery_time": [
                5000,
                5000,
                76,
                5000,
                200,
                152,
                400
            ],
            "sg_area": [
                38.19,
                19.19,
                3.23,
                16.91,
                7.41,
                4.56,
                6.46
            ],
            "first_drop": [
                50.25,
                25.25,
                4.25,
                22.25,
                9.75,
                6.0,
                8.5
            ],
            "last_drop": [
                36.25,
                9.0,
                0.0,
                9.5,
                0.0,
                0.0,
                0.0
            ],
            "acc_auc": 164572.0,
            "acc_auc_norm": 27.41039307128581,
            "acc_auc_ratio_01": 0.2741039307128581
        },
        "3": {
            "peak_drop": [
                69.25,
                15.75,
                11.5,
                11.75,
                10.0,
                17.75
            ],
            "recovery_time": [
                5000,
                5000,
                304,
                532,
                200,
                5000
            ],
            "sg_area": [
                50.92,
                10.26,
                8.74,
                8.93,
                7.6,
                13.49
            ],
            "first_drop": [
                67.0,
                13.5,
                11.5,
                11.75,
                10.0,
                17.75
            ],
            "last_drop": [
                49.25,
                6.0,
                0.0,
                0.75,
                0.0,
                11.0
            ],
            "acc_auc": 100196.0,
            "acc_auc_norm": 19.106788710907704,
            "acc_auc_ratio_01": 0.19106788710907704
        },
        "4": {
            "peak_drop": [
                67.25,
                15.0,
                17.5,
                17.5,
                14.0
            ],
            "recovery_time": [
                5000,
                228,
                380,
                400,
                600
            ],
            "sg_area": [
                51.11,
                9.69,
                13.3,
                7.41,
                9.88
            ],
            "first_drop": [
                67.25,
                12.75,
                17.5,
                9.75,
                13.0
            ],
            "last_drop": [
                50.25,
                0.0,
                0.5,
                1.5,
                3.5
            ],
            "acc_auc": 121516.0,
            "acc_auc_norm": 27.099910793933986,
            "acc_auc_ratio_01": 0.27099910793933984
        },
        "5": {
            "peak_drop": [
                70.0,
                23.5,
                17.5,
                21.5
            ],
            "recovery_time": [
                5000,
                5000,
                400,
                5000
            ],
            "sg_area": [
                49.02,
                17.48,
                12.92,
                16.34
            ],
            "first_drop": [
                64.5,
                23.0,
                17.0,
                21.5
            ],
            "last_drop": [
                44.25,
                8.75,
                0.0,
                11.5
            ],
            "acc_auc": 115693.0,
            "acc_auc_norm": 31.06686358754028,
            "acc_auc_ratio_01": 0.3106686358754028
        },
        "6": {
            "peak_drop": [
                74.5,
                5.25,
                19.0
            ],
            "recovery_time": [
                5000,
                152,
                684
            ],
            "sg_area": [
                56.62,
                3.23,
                14.44
            ],
            "first_drop": [
                74.5,
                4.25,
                19.0
            ],
            "last_drop": [
                59.0,
                0.0,
                4.5
            ],
            "acc_auc": 92525.0,
            "acc_auc_norm": 31.216261808367072,
            "acc_auc_ratio_01": 0.31216261808367074
        },
        "7": {
            "peak_drop": [
                64.0,
                18.75
            ],
            "recovery_time": [
                5000,
                600
            ],