{
    "forgetting": 53.138888888888886,
    "learning_success": 73.375,
    "retention_ratio": 0.34821124361158434,
    "stability_gap": 16.87622222222222,
    "peak_drop": 23.788888888888888,
    "first_drop": 22.205555555555556,
    "last_drop": 11.561111111111112,
    "recovery_time_median": 532.0,
    "recovery_rate": 0.6444444444444445,
    "recovery_window": 5000,
    "recovery_scale": 0.8,
    "sg_window_steps": 100,
    "acc_bounds": [
        0.0,
        100.0
    ],
    "acc_auc_norm_mean": 33.45376073614373,
    "acc_auc_ratio_01_mean": 0.33453760736143723,
    "per_task_metrics": {
        "0": {
            "peak_drop": [
                49.75,
                24.25,
                17.75,
                14.75,
                16.5,
                5.25,
                12.75,
                10.75,
                7.0
            ],
            "recovery_time": [
                5000,
                684,
                200,
                600,
                5000,
                76,
                76,
                380,
                152
            ],
            "sg_area": [
                33.82,
                15.96,
                13.49,
                7.22,
                10.07,
                2.47,
                3.04,
                8.17,
                5.32
            ],
            "first_drop": [
                44.5,
                21.0,
                17.75,
                9.5,
                13.25,
                3.25,
                4.0,
                10.75,
                7.0
            ],
            "last_drop": [
                29.75,
                7.75,
                0.0,
                2.25,
                5.25,
                0.0,
                5.75,
                0.0,
                0.0
            ],
            "acc_auc": 154660.0,
            "acc_auc_norm": 20.555555555555557,
            "acc_auc_ratio_01": 0.20555555555555557
        },
        "1": {
            "peak_drop": [
                52.75,
                23.25,
                16.25,
                14.25,
                7.5,
                10.5,
                13.75,
                5.25
            ],
            "recovery_time": [
                5000,
                5000,
                400,
                684,
                76,
                304,
                5000,
                76
            ],
            "sg_area": [
                40.09,
                15.01,
                12.35,
                10.83,
                2.09,
                6.27,
                8.17,
                0.0
            ],
            "first_drop": [
                52.75,
                19.75,
                16.25,
                14.25,
                2.75,
                8.25,
                10.75,
                0.0
            ],
            "last_drop": [
                33.0,
                8.0,
                0.25,
                3.5,
                0.0,
                1.25,
                7.5,
                0.0
            ],
            "acc_auc": 121694.0,
            "acc_auc_norm": 17.99142519219397,
            "acc_auc_ratio_01": 0.1799142519219397
        },
        "2": {
            "peak_drop": [
                50.75,
                23.75,
                7.75,
                16.5,
                8.5,
                9.5,
                9.75
            ],
            "recovery_time": [
                5000,
                684,
                152,
                5000,
                200,
                152,
                400
            ],
            "sg_area": [
                36.1,
                18.05,
                4.94,
                12.54,
                4.56,
                7.22,
                7.22
            ],
            "first_drop": [
                47.5,
                23.75,
                6.5,
                16.5,
                6.0,
                9.5,
                9.5
            ],
            "last_drop": [
                37.0,
                5.75,
                0.0,
                7.25,
                0.75,
                0.0,
                0.0
            ],
            "acc_auc": 161411.0,
            "acc_auc_norm": 26.883910726182545,
            "acc_auc_ratio_01": 0.26883910726182547
        },
        "3": {
            "peak_drop": [
                66.0,
                13.75,
                12.75,
                11.0,
                9.0,
                16.5
            ],
            "recovery_time": [
                5000,
                684,
                400,
                304,
                380,
                5000
            ],
            "sg_area": [
                49.21,
                9.31,
                9.69,
                7.79,
                6.84,
                12.54
            ],
            "first_drop": [
                64.75,
                12.25,
                12.75,
                10.25,
                9.0,
                16.5
            ],
            "last_drop": [
                48.75,
                3.75,
                1.75,
                0.0,
                0.0,
                10.25
            ],
            "acc_auc": 101017.0,
            "acc_auc_norm": 19.26334858886346,
            "acc_auc_ratio_01": 0.1926334858886346
        },
        "4": {
            "peak_drop": [
                67.25,
                11.25,
                13.25,
                17.25,
                15.75
            ],
            "recovery_time": [
                5000,
                200,
                380,
                456,
                532
            ],
            "sg_area": [
                49.59,
                7.6,
                10.07,
                8.17,
                11.78
            ],
            "first_drop": [
                65.25,
                10.0,
                13.25,
                10.75,
                15.5
            ],
            "last_drop": [
                53.25,
                0.0,
                0.0,
                0.0,
                4.75
            ],
            "acc_auc": 117970.0,
            "acc_auc_norm": 26.309099018733274,
            "acc_auc_ratio_01": 0.26309099018733273
        },
        "5": {
            "peak_drop": [
                66.25,
                23.0,
                17.75,
                21.0
            ],
            "recovery_time": [
                5000,
                532,
                400,
                5000
            ],
            "sg_area": [
                49.97,
                16.91,
                13.49,
                15.96
            ],
            "first_drop": [
                65.75,
                22.25,
                17.75,
                21.0
            ],
            "last_drop": [
                44.5,
                8.25,
                0.5,
                10.5
            ],
            "acc_auc": 115138.0,
            "acc_auc_norm": 30.91783029001074,
            "acc_auc_ratio_01": 0.3091783029001074
        },
        "6": {
            "peak_drop": [
                75.75,
                3.0,
                20.75
            ],
            "recovery_time": [
                5000,
                76,
                5000
            ],
            "sg_area": [
                57.57,
                2.28,
                15.77
            ],
            "first_drop": [
                75.75,
                3.0,
                20.75
            ],
            "last_drop": [
                59.5,
                0.0,
                7.0
            ],
            "acc_auc": 92473.0,
            "acc_auc_norm": 31.19871794871795,
            "acc_auc_ratio_01": 0.31198717948717947
        },
        "7": {
            "peak_drop": [
                62.5,
                19.75
            ],
            "recovery_time": [
                5000,
                600
            ],