{
    "forgetting": 53.75,
    "learning_success": 74.05,
    "retention_ratio": 0.34672518568534777,
    "stability_gap": 17.467333333333332,
    "peak_drop": 24.772222222222222,
    "first_drop": 22.983333333333334,
    "last_drop": 11.65,
    "recovery_time_median": 532.0,
    "recovery_rate": 0.7111111111111111,
    "recovery_window": 5000,
    "recovery_scale": 0.8,
    "sg_window_steps": 100,
    "acc_bounds": [
        0.0,
        100.0
    ],
    "acc_auc_norm_mean": 33.52490013339655,
    "acc_auc_ratio_01_mean": 0.33524900133396546,
    "per_task_metrics": {
        "0": {
            "peak_drop": [
                49.75,
                27.0,
                15.0,
                19.0,
                17.5,
                7.0,
                8.5,
                10.5,
                8.5
            ],
            "recovery_time": [
                5000,
                684,
                200,
                600,
                684,
                200,
                76,
                380,
                152
            ],
            "sg_area": [
                33.44,
                18.62,
                11.4,
                8.93,
                11.97,
                5.32,
                0.38,
                7.98,
                6.46
            ],
            "first_drop": [
                44.0,
                24.5,
                15.0,
                11.75,
                15.75,
                7.0,
                0.5,
                10.5,
                8.5
            ],
            "last_drop": [
                29.75,
                7.25,
                0.0,
                0.25,
                6.75,
                0.25,
                2.75,
                0.0,
                0.0
            ],
            "acc_auc": 153384.0,
            "acc_auc_norm": 20.385964912280702,
            "acc_auc_ratio_01": 0.20385964912280702
        },
        "1": {
            "peak_drop": [
                53.0,
                25.25,
                15.0,
                9.0,
                4.5,
                18.0,
                14.5,
                7.25
            ],
            "recovery_time": [
                5000,
                5000,
                400,
                456,
                304,
                532,
                5000,
                76
            ],
            "sg_area": [
                37.62,
                16.91,
                11.4,
                6.84,
                3.42,
                7.41,
                8.74,
                0.0
            ],
            "first_drop": [
                49.5,
                22.25,
                15.0,
                9.0,
                4.5,
                9.75,
                11.5,
                0.0
            ],
            "last_drop": [
                34.0,
                8.0,
                2.75,
                0.75,
                0.0,
                3.5,
                6.75,
                0.0
            ],
            "acc_auc": 124721.0,
            "acc_auc_norm": 18.438941454760496,
            "acc_auc_ratio_01": 0.18438941454760496
        },
        "2": {
            "peak_drop": [
                54.0,
                25.0,
                8.75,
                24.0,
                15.0,
                8.25,
                13.5
            ],
            "recovery_time": [
                5000,
                760,
                152,
                600,
                456,
                380,
                532
            ],
            "sg_area": [
                41.04,
                19.0,
                6.65,
                18.24,
                8.36,
                3.61,
                10.26
            ],
            "first_drop": [
                54.0,
                25.0,
                8.75,
                24.0,
                11.0,
                4.75,
                13.5
            ],
            "last_drop": [
                37.0,
                6.25,
                0.0,
                6.25,
                4.0,
                0.0,
                0.0
            ],
            "acc_auc": 162539.0,
            "acc_auc_norm": 27.0717854763491,
            "acc_auc_ratio_01": 0.270717854763491
        },
        "3": {
            "peak_drop": [
                67.75,
                13.5,
                15.75,
                8.75,
                11.5,
                16.5
            ],
            "recovery_time": [
                5000,
                600,
                400,
                456,
                380,
                5000
            ],
            "sg_area": [
                48.07,
                10.26,
                11.97,
                5.13,
                8.74,
                12.54
            ],
            "first_drop": [
                63.25,
                13.5,
                15.75,
                6.75,
                11.5,
                16.5
            ],
            "last_drop": [
                47.75,
                2.5,
                4.5,
                0.0,
                0.0,
                11.0
            ],
            "acc_auc": 102450.0,
            "acc_auc_norm": 19.536613272311214,
            "acc_auc_ratio_01": 0.19536613272311215
        },
        "4": {
            "peak_drop": [
                68.5,
                14.25,
                13.75,
                18.5,
                16.75
            ],
            "recovery_time": [
                5000,
                200,
                380,
                456,
                600
            ],
            "sg_area": [
                52.06,
                10.64,
                9.69,
                8.55,
                12.73
            ],
            "first_drop": [
                68.5,
                14.0,
                12.75,
                11.25,
                16.75
            ],
            "last_drop": [
                53.75,
                0.0,
                0.0,
                0.5,
                3.25
            ],
            "acc_auc": 119151.0,
            "acc_auc_norm": 26.572479928635147,
            "acc_auc_ratio_01": 0.26572479928635145
        },
        "5": {
            "peak_drop": [
                66.5,
                22.5,
                19.25,
                22.0
            ],
            "recovery_time": [
                5000,
                532,
                532,
                5000
            ],
            "sg_area": [
                49.78,
                17.1,
                14.63,
                16.72
            ],
            "first_drop": [
                65.5,
                22.5,
                19.25,
                22.0
            ],
            "last_drop": [
                44.25,
                6.5,
                0.75,
                10.75
            ],
            "acc_auc": 117017.0,
            "acc_auc_norm": 31.422395273899035,
            "acc_auc_ratio_01": 0.31422395273899034
        },
        "6": {
            "peak_drop": [
                74.0,
                3.0,
                18.75
            ],
            "recovery_time": [
                5000,
                76,
                684
            ],
            "sg_area": [
                56.24,
                2.28,
                14.25
            ],
            "first_drop": [
                74.0,
                3.0,
                18.75
            ],
            "last_drop": [
                60.0,
                0.0,
                3.5
            ],
            "acc_auc": 94447.0,
            "acc_auc_norm": 31.864709851551957,
            "acc_auc_ratio_01": 0.3186470985155196
        },
        "7": {
            "peak_drop": [
                66.25,
                19.0
            ],
            "recovery_time": [
                5000,
                532
            ],