{
    "forgetting": 54.44444444444444,
    "learning_success": 71.8,
    "retention_ratio": 0.3175487465181059,
    "stability_gap": 18.088,
    "peak_drop": 24.377777777777776,
    "first_drop": 23.8,
    "last_drop": 12.127777777777778,
    "recovery_time_median": 600.0,
    "recovery_rate": 0.6444444444444445,
    "recovery_window": 5000,
    "recovery_scale": 0.8,
    "sg_window_steps": 100,
    "acc_bounds": [
        0.0,
        100.0
    ],
    "acc_auc_norm_mean": 30.964141991341176,
    "acc_auc_ratio_01_mean": 0.30964141991341176,
    "per_task_metrics": {
        "0": {
            "peak_drop": [
                51.25,
                24.0,
                15.25,
                20.5,
                14.25,
                9.25,
                11.25,
                13.25,
                6.0
            ],
            "recovery_time": [
                5000,
                5000,
                400,
                600,
                600,
                304,
                200,
                600,
                152
            ],
            "sg_area": [
                38.19,
                15.39,
                11.59,
                13.87,
                10.83,
                5.13,
                7.03,
                10.07,
                4.56
            ],
            "first_drop": [
                50.25,
                20.25,
                15.25,
                18.25,
                14.25,
                6.75,
                9.25,
                13.25,
                6.0
            ],
            "last_drop": [
                30.75,
                8.5,
                0.0,
                3.75,
                2.5,
                1.25,
                1.75,
                3.75,
                0.0
            ],
            "acc_auc": 144071.0,
            "acc_auc_norm": 19.14819245082403,
            "acc_auc_ratio_01": 0.1914819245082403
        },
        "1": {
            "peak_drop": [
                52.25,
                23.75,
                12.75,
                17.0,
                6.25,
                13.5,
                18.25,
                7.0
            ],
            "recovery_time": [
                5000,
                5000,
                400,
                5000,
                228,
                532,
                5000,
                400
            ],
            "sg_area": [
                39.71,
                18.05,
                9.69,
                12.92,
                4.75,
                10.26,
                13.87,
                4.75
            ],
            "first_drop": [
                52.25,
                23.75,
                12.75,
                17.0,
                6.25,
                13.5,
                18.25,
                6.25
            ],
            "last_drop": [
                32.25,
                11.5,
                0.0,
                6.25,
                0.0,
                0.0,
                8.5,
                0.0
            ],
            "acc_auc": 102791.0,
            "acc_auc_norm": 15.196777054997042,
            "acc_auc_ratio_01": 0.15196777054997043
        },
        "2": {
            "peak_drop": [
                56.5,
                27.25,
                9.0,
                16.0,
                13.5,
                6.5,
                12.0
            ],
            "recovery_time": [
                5000,
                5000,
                152,
                532,
                532,
                152,
                400
            ],
            "sg_area": [
                42.94,
                20.71,
                5.32,
                12.16,
                9.5,
                4.56,
                9.12
            ],
            "first_drop": [
                56.5,
                27.25,
                7.0,
                16.0,
                12.5,
                6.0,
                12.0
            ],
            "last_drop": [
                38.0,
                7.5,
                0.0,
                5.5,
                4.5,
                0.0,
                0.0
            ],
            "acc_auc": 138901.0,
            "acc_auc_norm": 23.134743504330448,
            "acc_auc_ratio_01": 0.2313474350433045
        },
        "3": {
            "peak_drop": [
                67.0,
                12.5,
                12.25,
                8.5,
                8.75,
                17.5
            ],
            "recovery_time": [
                5000,
                600,
                600,
                304,
                380,
                5000
            ],
            "sg_area": [
                50.92,
                9.12,
                9.12,
                5.89,
                6.65,
                13.3
            ],
            "first_drop": [
                67.0,
                12.0,
                12.0,
                7.75,
                8.75,
                17.5
            ],
            "last_drop": [
                50.5,
                3.0,
                2.5,
                0.0,
                0.0,
                12.25
            ],
            "acc_auc": 84758.0,
            "acc_auc_norm": 16.162852784134248,
            "acc_auc_ratio_01": 0.1616285278413425
        },
        "4": {
            "peak_drop": [
                68.5,
                9.75,
                16.5,
                15.25,
                15.0
            ],
            "recovery_time": [
                5000,
                400,
                532,
                456,
                684
            ],
            "sg_area": [
                52.06,
                6.84,
                10.64,
                10.26,
                11.4
            ],
            "first_drop": [
                68.5,
                9.0,
                14.0,
                13.5,
                15.0
            ],
            "last_drop": [
                53.75,
                0.0,
                0.0,
                3.0,
                4.25
            ],
            "acc_auc": 104457.0,
            "acc_auc_norm": 23.295495093666368,
            "acc_auc_ratio_01": 0.23295495093666369
        },
        "5": {
            "peak_drop": [
                68.25,
                19.75,
                21.25,
                19.75
            ],
            "recovery_time": [
                5000,
                456,
                608,
                5000
            ],
            "sg_area": [
                51.87,
                15.01,
                16.15,
                15.01
            ],
            "first_drop": [
                68.25,
                19.75,
                21.25,
                19.75
            ],
            "last_drop": [
                47.25,
                4.0,
                5.5,
                10.5
            ],
            "acc_auc": 106924.0,
            "acc_auc_norm": 28.712137486573578,
            "acc_auc_ratio_01": 0.2871213748657358
        },
        "6": {
            "peak_drop": [
                76.0,
                3.75,
                16.5
            ],
            "recovery_time": [
                5000,
                76,
                532
            ],
            "sg_area": [
                57.76,
                0.0,
                12.54
            ],
            "first_drop": [
                76.0,
                0.0,
                16.5
            ],
            "last_drop": [
                60.5,
                0.0,
                1.75
            ],
            "acc_auc": 86369.0,
            "acc_auc_norm": 29.139338731443996,
            "acc_auc_ratio_01": 0.29139338731444
        },
        "7": {
            "peak_drop": [
                66.25,
                20.0
            ],
            "recovery_time": [
                5000,
                608
            ],