{
    "forgetting": 52.666666666666664,
    "learning_success": 73.775,
    "retention_ratio": 0.35750593019315485,
    "stability_gap": 16.715777777777777,
    "peak_drop": 23.81111111111111,
    "first_drop": 21.994444444444444,
    "last_drop": 11.661111111111111,
    "recovery_time_median": 532.0,
    "recovery_rate": 0.6888888888888889,
    "recovery_window": 5000,
    "recovery_scale": 0.8,
    "sg_window_steps": 100,
    "acc_bounds": [
        0.0,
        100.0
    ],
    "acc_auc_norm_mean": 33.505887240909516,
    "acc_auc_ratio_01_mean": 0.33505887240909515,
    "per_task_metrics": {
        "0": {
            "peak_drop": [
                48.0,
                24.5,
                15.25,
                14.0,
                16.25,
                7.5,
                11.25,
                9.5,
                2.5
            ],
            "recovery_time": [
                5000,
                684,
                200,
                228,
                380,
                200,
                456,
                304,
                76
            ],
            "sg_area": [
                34.01,
                15.77,
                11.59,
                7.41,
                11.02,
                2.85,
                5.89,
                7.22,
                1.9
            ],
            "first_drop": [
                44.75,
                20.75,
                15.25,
                9.75,
                14.5,
                3.75,
                7.75,
                9.5,
                2.5
            ],
            "last_drop": [
                30.75,
                7.5,
                0.0,
                0.0,
                7.0,
                0.0,
                6.0,
                0.75,
                0.0
            ],
            "acc_auc": 154490.0,
            "acc_auc_norm": 20.53296119085593,
            "acc_auc_ratio_01": 0.20532961190855928
        },
        "1": {
            "peak_drop": [
                53.5,
                22.75,
                13.5,
                14.0,
                7.25,
                13.75,
                15.75,
                5.75
            ],
            "recovery_time": [
                5000,
                5000,
                228,
                684,
                200,
                532,
                5000,
                152
            ],
            "sg_area": [
                39.9,
                15.2,
                10.26,
                10.07,
                4.18,
                7.98,
                8.55,
                2.47
            ],
            "first_drop": [
                52.5,
                20.0,
                13.5,
                13.25,
                5.5,
                10.5,
                11.25,
                3.25
            ],
            "last_drop": [
                34.75,
                9.0,
                0.0,
                4.25,
                0.0,
                2.25,
                7.25,
                0.0
            ],
            "acc_auc": 121329.0,
            "acc_auc_norm": 17.937463039621527,
            "acc_auc_ratio_01": 0.17937463039621526
        },
        "2": {
            "peak_drop": [
                49.5,
                23.75,
                7.25,
                20.5,
                10.25,
                8.0,
                10.5
            ],
            "recovery_time": [
                5000,
                5000,
                76,
                532,
                200,
                200,
                304
            ],
            "sg_area": [
                35.91,
                18.05,
                3.23,
                15.58,
                7.03,
                6.08,
                7.41
            ],
            "first_drop": [
                47.25,
                23.75,
                4.25,
                20.5,
                9.25,
                8.0,
                9.75
            ],
            "last_drop": [
                36.0,
                8.5,
                0.0,
                5.5,
                3.75,
                0.0,
                0.0
            ],
            "acc_auc": 162902.0,
            "acc_auc_norm": 27.13224516988674,
            "acc_auc_ratio_01": 0.27132245169886743
        },
        "3": {
            "peak_drop": [
                67.75,
                15.5,
                14.75,
                11.0,
                9.25,
                16.0
            ],
            "recovery_time": [
                5000,
                600,
                304,
                532,
                200,
                5000
            ],
            "sg_area": [
                47.5,
                8.36,
                11.21,
                7.79,
                7.03,
                9.5
            ],
            "first_drop": [
                62.5,
                11.0,
                14.75,
                10.25,
                9.25,
                12.5
            ],
            "last_drop": [
                50.25,
                1.5,
                2.75,
                1.25,
                0.0,
                9.0
            ],
            "acc_auc": 100626.0,
            "acc_auc_norm": 19.18878718535469,
            "acc_auc_ratio_01": 0.19188787185354692
        },
        "4": {
            "peak_drop": [
                67.25,
                12.75,
                17.0,
                17.25,
                15.5
            ],
            "recovery_time": [
                5000,
                228,
                380,
                456,
                600
            ],
            "sg_area": [
                50.16,
                9.69,
                10.83,
                6.84,
                10.07
            ],
            "first_drop": [
                66.0,
                12.75,
                14.25,
                9.0,
                13.25
            ],
            "last_drop": [
                52.75,
                0.0,
                0.0,
                1.0,
                2.75
            ],
            "acc_auc": 119959.0,
            "acc_auc_norm": 26.752676181980373,
            "acc_auc_ratio_01": 0.2675267618198037
        },
        "5": {
            "peak_drop": [
                67.25,
                21.75,
                17.0,
                21.75
            ],
            "recovery_time": [
                5000,
                760,
                532,
                5000
            ],
            "sg_area": [
                47.69,
                16.34,
                12.92,
                15.96
            ],
            "first_drop": [
                62.75,
                21.5,
                17.0,
                21.0
            ],
            "last_drop": [
                44.5,
                7.0,
                0.0,
                12.0
            ],
            "acc_auc": 116638.0,
            "acc_auc_norm": 31.32062298603652,
            "acc_auc_ratio_01": 0.31320622986036517
        },
        "6": {
            "peak_drop": [
                75.5,
                4.0,
                18.25
            ],
            "recovery_time": [
                5000,
                152,
                684
            ],
            "sg_area": [
                57.38,
                3.04,
                13.87
            ],
            "first_drop": [
                75.5,
                4.0,
                18.25
            ],
            "last_drop": [
                59.25,
                0.0,
                5.0
            ],
            "acc_auc": 91185.0,
            "acc_auc_norm": 30.76417004048583,
            "acc_auc_ratio_01": 0.3076417004048583
        },
        "7": {
            "peak_drop": [
                60.75,
                16.0
            ],
            "recovery_time": [
                5000,
                456
            ],