{
    "forgetting": 53.44444444444444,
    "learning_success": 73.525,
    "retention_ratio": 0.3458007480448827,
    "stability_gap": 17.04933333333333,
    "peak_drop": 24.566666666666666,
    "first_drop": 22.433333333333334,
    "last_drop": 11.755555555555556,
    "recovery_time_median": 532.0,
    "recovery_rate": 0.6,
    "recovery_window": 5000,
    "recovery_scale": 0.8,
    "sg_window_steps": 100,
    "acc_bounds": [
        0.0,
        100.0
    ],
    "acc_auc_norm_mean": 33.395738147817,
    "acc_auc_ratio_01_mean": 0.33395738147817006,
    "per_task_metrics": {
        "0": {
            "peak_drop": [
                49.75,
                26.5,
                10.25,
                17.0,
                17.75,
                10.25,
                11.75,
                10.0,
                7.5
            ],
            "recovery_time": [
                5000,
                5000,
                200,
                600,
                5000,
                76,
                456,
                532,
                200
            ],
            "sg_area": [
                33.44,
                16.34,
                7.79,
                8.55,
                10.64,
                2.85,
                4.18,
                7.41,
                5.7
            ],
            "first_drop": [
                44.0,
                21.5,
                10.25,
                11.25,
                14.0,
                3.75,
                5.5,
                9.75,
                7.5
            ],
            "last_drop": [
                30.5,
                8.5,
                0.0,
                1.0,
                5.75,
                0.0,
                5.0,
                0.0,
                0.0
            ],
            "acc_auc": 155544.0,
            "acc_auc_norm": 20.673046251993622,
            "acc_auc_ratio_01": 0.2067304625199362
        },
        "1": {
            "peak_drop": [
                53.25,
                17.75,
                10.0,
                16.0,
                9.0,
                11.25,
                17.5,
                8.5
            ],
            "recovery_time": [
                5000,
                5000,
                200,
                5000,
                76,
                76,
                5000,
                456
            ],
            "sg_area": [
                35.91,
                11.21,
                5.89,
                12.16,
                1.52,
                1.9,
                9.88,
                2.47
            ],
            "first_drop": [
                47.25,
                14.75,
                7.75,
                16.0,
                2.0,
                2.5,
                13.0,
                3.25
            ],
            "last_drop": [
                36.0,
                9.0,
                0.0,
                6.25,
                0.0,
                0.0,
                8.5,
                0.0
            ],
            "acc_auc": 122593.0,
            "acc_auc_norm": 18.124334713187462,
            "acc_auc_ratio_01": 0.18124334713187462
        },
        "2": {
            "peak_drop": [
                54.25,
                27.25,
                10.25,
                24.25,
                14.75,
                10.0,
                17.5
            ],
            "recovery_time": [
                5000,
                684,
                152,
                5000,
                200,
                380,
                532
            ],
            "sg_area": [
                41.23,
                20.71,
                7.79,
                18.43,
                8.17,
                7.6,
                9.31
            ],
            "first_drop": [
                54.25,
                27.25,
                10.25,
                24.25,
                10.75,
                10.0,
                12.25
            ],
            "last_drop": [
                38.25,
                5.0,
                0.0,
                7.0,
                1.25,
                0.0,
                0.0
            ],
            "acc_auc": 165870.0,
            "acc_auc_norm": 27.626582278481013,
            "acc_auc_ratio_01": 0.27626582278481016
        },
        "3": {
            "peak_drop": [
                65.25,
                10.0,
                12.0,
                8.75,
                9.75,
                15.25
            ],
            "recovery_time": [
                5000,
                380,
                304,
                304,
                380,
                5000
            ],
            "sg_area": [
                47.31,
                7.6,
                9.12,
                5.13,
                7.41,
                11.21
            ],
            "first_drop": [
                62.25,
                10.0,
                12.0,
                6.75,
                9.75,
                14.75
            ],
            "last_drop": [
                51.5,
                2.75,
                0.25,
                0.0,
                0.0,
                9.0
            ],
            "acc_auc": 99335.0,
            "acc_auc_norm": 18.94260106788711,
            "acc_auc_ratio_01": 0.1894260106788711
        },
        "4": {
            "peak_drop": [
                65.75,
                13.25,
                16.75,
                15.5,
                17.0
            ],
            "recovery_time": [
                5000,
                200,
                532,
                400,
                600
            ],
            "sg_area": [
                49.78,
                10.07,
                12.73,
                8.17,
                12.92
            ],
            "first_drop": [
                65.5,
                13.25,
                16.75,
                10.75,
                17.0
            ],
            "last_drop": [
                52.5,
                0.0,
                0.25,
                1.0,
                4.0
            ],
            "acc_auc": 118916.0,
            "acc_auc_norm": 26.52007136485281,
            "acc_auc_ratio_01": 0.2652007136485281
        },
        "5": {
            "peak_drop": [
                70.75,
                21.0,
                18.0,
                21.25
            ],
            "recovery_time": [
                5000,
                456,
                532,
                5000
            ],
            "sg_area": [
                50.92,
                15.01,
                13.68,
                16.15
            ],
            "first_drop": [
                67.0,
                19.75,
                18.0,
                21.25
            ],
            "last_drop": [
                47.25,
                5.25,
                2.0,
                9.75
            ],
            "acc_auc": 117417.0,
            "acc_auc_norm": 31.52980665950591,
            "acc_auc_ratio_01": 0.3152980665950591
        },
        "6": {
            "peak_drop": [
                71.75,
                5.5,
                21.25
            ],
            "recovery_time": [
                5000,
                152,
                5000
            ],
            "sg_area": [
                54.53,
                4.18,
                16.15
            ],
            "first_drop": [
                71.75,
                5.5,
                21.25
            ],
            "last_drop": [
                56.0,
                0.0,
                6.25
            ],
            "acc_auc": 91951.0,
            "acc_auc_norm": 31.022604588394064,
            "acc_auc_ratio_01": 0.31022604588394065
        },
        "7": {
            "peak_drop": [
                64.75,
                19.75
            ],
            "recovery_time": [
                5000,
                600
            ],