{
    "forgetting": 53.611111111111114,
    "learning_success": 73.8,
    "retention_ratio": 0.3462059620596206,
    "stability_gap": 17.38711111111111,
    "peak_drop": 24.58888888888889,
    "first_drop": 22.877777777777776,
    "last_drop": 11.694444444444445,
    "recovery_time_median": 532.0,
    "recovery_rate": 0.6888888888888889,
    "recovery_window": 5000,
    "recovery_scale": 0.8,
    "sg_window_steps": 100,
    "acc_bounds": [
        0.0,
        100.0
    ],
    "acc_auc_norm_mean": 33.337798700557684,
    "acc_auc_ratio_01_mean": 0.33337798700557686,
    "per_task_metrics": {
        "0": {
            "peak_drop": [
                49.75,
                23.25,
                14.25,
                17.25,
                18.5,
                7.75,
                10.75,
                8.5,
                5.0
            ],
            "recovery_time": [
                5000,
                228,
                200,
                600,
                5000,
                200,
                76,
                304,
                152
            ],
            "sg_area": [
                33.44,
                17.67,
                10.83,
                11.02,
                11.97,
                3.8,
                2.28,
                6.46,
                3.8
            ],
            "first_drop": [
                44.0,
                23.25,
                14.25,
                14.5,
                15.75,
                5.0,
                3.0,
                8.5,
                5.0
            ],
            "last_drop": [
                30.5,
                9.0,
                0.0,
                0.5,
                7.5,
                0.0,
                6.5,
                0.0,
                0.0
            ],
            "acc_auc": 151307.0,
            "acc_auc_norm": 20.109914938862307,
            "acc_auc_ratio_01": 0.20109914938862306
        },
        "1": {
            "peak_drop": [
                53.5,
                23.25,
                13.75,
                12.5,
                6.75,
                15.5,
                15.0,
                5.0
            ],
            "recovery_time": [
                5000,
                5000,
                400,
                684,
                76,
                532,
                5000,
                152
            ],
            "sg_area": [
                37.24,
                16.53,
                10.45,
                9.5,
                1.52,
                7.22,
                7.79,
                2.28
            ],
            "first_drop": [
                49.0,
                21.75,
                13.75,
                12.5,
                2.0,
                9.5,
                10.25,
                3.0
            ],
            "last_drop": [
                35.5,
                8.25,
                0.0,
                1.75,
                0.0,
                2.25,
                8.0,
                0.0
            ],
            "acc_auc": 119804.0,
            "acc_auc_norm": 17.712004730928445,
            "acc_auc_ratio_01": 0.17712004730928446
        },
        "2": {
            "peak_drop": [
                54.75,
                25.0,
                8.5,
                23.5,
                13.0,
                8.75,
                13.5
            ],
            "recovery_time": [
                5000,
                684,
                304,
                380,
                400,
                304,
                400
            ],
            "sg_area": [
                41.61,
                19.0,
                6.46,
                17.86,
                9.88,
                4.18,
                7.98
            ],
            "first_drop": [
                54.75,
                25.0,
                8.5,
                23.5,
                13.0,
                5.5,
                10.5
            ],
            "last_drop": [
                37.75,
                5.75,
                0.0,
                5.25,
                3.5,
                0.0,
                0.75
            ],
            "acc_auc": 162383.0,
            "acc_auc_norm": 27.045802798134577,
            "acc_auc_ratio_01": 0.27045802798134577
        },
        "3": {
            "peak_drop": [
                67.75,
                12.75,
                15.25,
                11.0,
                11.0,
                18.0
            ],
            "recovery_time": [
                5000,
                600,
                400,
                532,
                380,
                5000
            ],
            "sg_area": [
                49.21,
                9.5,
                11.59,
                7.03,
                8.36,
                13.68
            ],
            "first_drop": [
                64.75,
                12.5,
                15.25,
                9.25,
                11.0,
                18.0
            ],
            "last_drop": [
                47.75,
                3.5,
                3.5,
                0.0,
                0.0,
                11.75
            ],
            "acc_auc": 102487.0,
            "acc_auc_norm": 19.543668954996186,
            "acc_auc_ratio_01": 0.19543668954996185
        },
        "4": {
            "peak_drop": [
                70.0,
                12.75,
                15.25,
                18.75,
                17.25
            ],
            "recovery_time": [
                5000,
                228,
                380,
                456,
                600
            ],
            "sg_area": [
                50.54,
                9.31,
                11.59,
                8.74,
                11.02
            ],
            "first_drop": [
                66.5,
                12.25,
                15.25,
                11.5,
                14.5
            ],
            "last_drop": [
                53.0,
                0.0,
                0.0,
                0.0,
                5.25
            ],
            "acc_auc": 119190.0,
            "acc_auc_norm": 26.581177520071364,
            "acc_auc_ratio_01": 0.26581177520071364
        },
        "5": {
            "peak_drop": [
                66.25,
                24.0,
                17.5,
                24.75
            ],
            "recovery_time": [
                5000,
                608,
                400,
                5000
            ],
            "sg_area": [
                49.78,
                16.15,
                13.3,
                18.81
            ],
            "first_drop": [
                65.5,
                21.25,
                17.5,
                24.75
            ],
            "last_drop": [
                45.0,
                7.0,
                0.0,
                13.0
            ],
            "acc_auc": 115514.0,
            "acc_auc_norm": 31.018796992481203,
            "acc_auc_ratio_01": 0.310187969924812
        },
        "6": {
            "peak_drop": [
                74.75,
                3.75,
                18.75
            ],
            "recovery_time": [
                5000,
                76,
                600
            ],
            "sg_area": [
                56.81,
                1.52,
                14.25
            ],
            "first_drop": [
                74.75,
                2.0,
                18.75
            ],
            "last_drop": [
                59.75,
                0.0,
                3.5
            ],
            "acc_auc": 92395.0,
            "acc_auc_norm": 31.172402159244264,
            "acc_auc_ratio_01": 0.3117240215924426
        },
        "7": {
            "peak_drop": [
                64.5,
                17.5
            ],
            "recovery_time": [
                5000,
                532
            ],