{
    "forgetting": 54.388888888888886,
    "learning_success": 74.075,
    "retention_ratio": 0.3391832602092474,
    "stability_gap": 17.55177777777778,
    "peak_drop": 24.58888888888889,
    "first_drop": 23.094444444444445,
    "last_drop": 11.9,
    "recovery_time_median": 532.0,
    "recovery_rate": 0.6222222222222222,
    "recovery_window": 5000,
    "recovery_scale": 0.8,
    "sg_window_steps": 100,
    "acc_bounds": [
        0.0,
        100.0
    ],
    "acc_auc_norm_mean": 33.387047349689965,
    "acc_auc_ratio_01_mean": 0.3338704734968997,
    "per_task_metrics": {
        "0": {
            "peak_drop": [
                49.75,
                23.5,
                15.5,
                20.25,
                18.75,
                7.75,
                11.5,
                9.25,
                4.5
            ],
            "recovery_time": [
                5000,
                5000,
                200,
                600,
                5000,
                200,
                76,
                304,
                152
            ],
            "sg_area": [
                33.44,
                17.48,
                11.78,
                12.54,
                14.25,
                4.18,
                2.47,
                6.84,
                3.42
            ],
            "first_drop": [
                44.0,
                23.0,
                15.5,
                16.5,
                18.75,
                5.5,
                3.25,
                9.0,
                4.5
            ],
            "last_drop": [
                31.0,
                7.0,
                0.0,
                0.75,
                8.0,
                0.0,
                4.25,
                1.0,
                0.0
            ],
            "acc_auc": 150539.0,
            "acc_auc_norm": 20.007841573631048,
            "acc_auc_ratio_01": 0.20007841573631047
        },
        "1": {
            "peak_drop": [
                55.5,
                24.0,
                16.0,
                14.25,
                5.75,
                15.25,
                13.25,
                7.0
            ],
            "recovery_time": [
                5000,
                5000,
                400,
                684,
                76,
                532,
                5000,
                76
            ],
            "sg_area": [
                39.71,
                18.24,
                12.16,
                10.83,
                0.76,
                5.89,
                6.84,
                0.0
            ],
            "first_drop": [
                52.25,
                24.0,
                16.0,
                14.25,
                1.0,
                7.75,
                9.0,
                0.0
            ],
            "last_drop": [
                33.75,
                9.5,
                0.0,
                5.5,
                0.0,
                4.25,
                5.0,
                0.0
            ],
            "acc_auc": 121482.0,
            "acc_auc_norm": 17.960082791247782,
            "acc_auc_ratio_01": 0.1796008279124778
        },
        "2": {
            "peak_drop": [
                53.5,
                26.25,
                8.5,
                24.0,
                12.25,
                7.25,
                14.0
            ],
            "recovery_time": [
                5000,
                5000,
                152,
                380,
                200,
                76,
                532
            ],
            "sg_area": [
                40.66,
                19.95,
                6.46,
                18.24,
                8.17,
                3.42,
                10.26
            ],
            "first_drop": [
                53.5,
                26.25,
                8.5,
                24.0,
                10.75,
                4.5,
                13.5
            ],
            "last_drop": [
                36.25,
                7.75,
                0.0,
                6.0,
                2.5,
                0.0,
                1.25
            ],
            "acc_auc": 160912.0,
            "acc_auc_norm": 26.800799467021985,
            "acc_auc_ratio_01": 0.26800799467021985
        },
        "3": {
            "peak_drop": [
                67.0,
                12.5,
                14.75,
                11.75,
                9.0,
                17.5
            ],
            "recovery_time": [
                5000,
                600,
                304,
                532,
                200,
                5000
            ],
            "sg_area": [
                49.97,
                9.5,
                11.21,
                8.74,
                6.84,
                12.35
            ],
            "first_drop": [
                65.75,
                12.5,
                14.75,
                11.5,
                9.0,
                16.25
            ],
            "last_drop": [
                49.0,
                3.5,
                0.0,
                1.0,
                0.0,
                12.75
            ],
            "acc_auc": 102994.0,
            "acc_auc_norm": 19.640350877192983,
            "acc_auc_ratio_01": 0.19640350877192983
        },
        "4": {
            "peak_drop": [
                68.5,
                13.0,
                13.25,
                15.25,
                14.25
            ],
            "recovery_time": [
                5000,
                228,
                532,
                456,
                380
            ],
            "sg_area": [
                52.06,
                9.88,
                7.6,
                8.36,
                8.36
            ],
            "first_drop": [
                68.5,
                13.0,
                10.0,
                11.0,
                11.0
            ],
            "last_drop": [
                55.5,
                0.0,
                0.0,
                2.75,
                0.75
            ],
            "acc_auc": 116976.0,
            "acc_auc_norm": 26.087421944692238,
            "acc_auc_ratio_01": 0.2608742194469224
        },
        "5": {
            "peak_drop": [
                66.5,
                24.0,
                18.25,
                20.25
            ],
            "recovery_time": [
                5000,
                532,
                400,
                5000
            ],
            "sg_area": [
                49.97,
                18.24,
                13.87,
                15.39
            ],
            "first_drop": [
                65.75,
                24.0,
                18.25,
                20.25
            ],
            "last_drop": [
                43.0,
                7.75,
                2.25,
                13.0
            ],
            "acc_auc": 114595.0,
            "acc_auc_norm": 30.77201933404941,
            "acc_auc_ratio_01": 0.3077201933404941
        },
        "6": {
            "peak_drop": [
                75.25,
                1.5,
                20.25
            ],
            "recovery_time": [
                5000,
                76,
                5000
            ],
            "sg_area": [
                57.19,
                1.14,
                15.39
            ],
            "first_drop": [
                75.25,
                1.5,
                20.25
            ],
            "last_drop": [
                61.5,
                0.0,
                7.75
            ],
            "acc_auc": 93289.0,
            "acc_auc_norm": 31.474021592442647,
            "acc_auc_ratio_01": 0.31474021592442647
        },
        "7": {
            "peak_drop": [
                65.75,
                21.25
            ],
            "recovery_time": [
                5000,
                600
            ],