{
    "forgetting": 52.69444444444444,
    "learning_success": 73.55,
    "retention_ratio": 0.35520054384772265,
    "stability_gap": 17.138,
    "peak_drop": 24.488888888888887,
    "first_drop": 22.55,
    "last_drop": 11.566666666666666,
    "recovery_time_median": 600.0,
    "recovery_rate": 0.6444444444444445,
    "recovery_window": 5000,
    "recovery_scale": 0.8,
    "sg_window_steps": 100,
    "acc_bounds": [
        0.0,
        100.0
    ],
    "acc_auc_norm_mean": 33.65124716315934,
    "acc_auc_ratio_01_mean": 0.3365124716315934,
    "per_task_metrics": {
        "0": {
            "peak_drop": [
                49.75,
                26.75,
                9.0,
                19.25,
                18.25,
                9.5,
                10.25,
                11.0,
                5.25
            ],
            "recovery_time": [
                5000,
                5000,
                200,
                600,
                684,
                200,
                456,
                304,
                152
            ],
            "sg_area": [
                33.44,
                16.15,
                6.84,
                8.55,
                8.74,
                4.56,
                4.37,
                8.36,
                3.99
            ],
            "first_drop": [
                44.0,
                21.25,
                9.0,
                11.25,
                11.5,
                6.0,
                5.75,
                11.0,
                5.25
            ],
            "last_drop": [
                29.75,
                10.0,
                0.0,
                0.75,
                4.75,
                1.25,
                3.75,
                0.0,
                0.0
            ],
            "acc_auc": 154775.0,
            "acc_auc_norm": 20.570839978734714,
            "acc_auc_ratio_01": 0.20570839978734715
        },
        "1": {
            "peak_drop": [
                55.5,
                21.75,
                12.5,
                15.75,
                5.75,
                14.75,
                16.0,
                8.0
            ],
            "recovery_time": [
                5000,
                5000,
                228,
                5000,
                76,
                76,
                5000,
                200
            ],
            "sg_area": [
                38.19,
                13.3,
                8.36,
                11.97,
                1.14,
                2.85,
                9.31,
                3.42
            ],
            "first_drop": [
                50.25,
                17.5,
                11.0,
                15.75,
                1.5,
                3.75,
                12.25,
                4.5
            ],
            "last_drop": [
                34.75,
                8.5,
                0.0,
                6.5,
                0.0,
                0.75,
                7.0,
                0.0
            ],
            "acc_auc": 125078.0,
            "acc_auc_norm": 18.491720875221763,
            "acc_auc_ratio_01": 0.18491720875221762
        },
        "2": {
            "peak_drop": [
                55.0,
                26.25,
                7.25,
                24.5,
                14.0,
                7.5,
                12.75
            ],
            "recovery_time": [
                5000,
                5000,
                152,
                600,
                456,
                380,
                532
            ],
            "sg_area": [
                41.8,
                19.95,
                5.51,
                18.62,
                9.31,
                5.7,
                8.55
            ],
            "first_drop": [
                55.0,
                26.25,
                7.25,
                24.5,
                12.25,
                7.5,
                11.25
            ],
            "last_drop": [
                34.75,
                7.75,
                0.0,
                6.25,
                2.0,
                0.0,
                0.0
            ],
            "acc_auc": 166953.0,
            "acc_auc_norm": 27.806962025316455,
            "acc_auc_ratio_01": 0.27806962025316456
        },
        "3": {
            "peak_drop": [
                63.25,
                13.75,
                12.75,
                11.5,
                12.0,
                19.0
            ],
            "recovery_time": [
                5000,
                600,
                400,
                532,
                200,
                5000
            ],
            "sg_area": [
                47.5,
                10.45,
                9.31,
                5.13,
                9.12,
                14.44
            ],
            "first_drop": [
                62.5,
                13.75,
                12.25,
                6.75,
                12.0,
                19.0
            ],
            "last_drop": [
                47.25,
                5.0,
                0.0,
                0.0,
                0.0,
                12.5
            ],
            "acc_auc": 104543.0,
            "acc_auc_norm": 19.935736079328755,
            "acc_auc_ratio_01": 0.19935736079328756
        },
        "4": {
            "peak_drop": [
                67.0,
                13.75,
                14.25,
                13.25,
                16.25
            ],
            "recovery_time": [
                5000,
                380,
                532,
                400,
                600
            ],
            "sg_area": [
                50.92,
                10.45,
                9.88,
                8.93,
                11.02
            ],
            "first_drop": [
                67.0,
                13.75,
                13.0,
                11.75,
                14.5
            ],
            "last_drop": [
                52.5,
                0.0,
                0.25,
                0.0,
                2.75
            ],
            "acc_auc": 120611.0,
            "acc_auc_norm": 26.89808206958073,
            "acc_auc_ratio_01": 0.2689808206958073
        },
        "5": {
            "peak_drop": [
                66.75,
                23.25,
                18.75,
                22.0
            ],
            "recovery_time": [
                5000,
                532,
                400,
                5000
            ],
            "sg_area": [
                49.02,
                17.67,
                14.25,
                16.72
            ],
            "first_drop": [
                64.5,
                23.25,
                18.75,
                22.0
            ],
            "last_drop": [
                45.25,
                5.25,
                3.0,
                10.5
            ],
            "acc_auc": 119223.0,
            "acc_auc_norm": 32.014769065520944,
            "acc_auc_ratio_01": 0.3201476906552094
        },
        "6": {
            "peak_drop": [
                73.0,
                3.0,
                19.5
            ],
            "recovery_time": [
                5000,
                76,
                684
            ],
            "sg_area": [
                55.48,
                2.28,
                14.82
            ],
            "first_drop": [
                73.0,
                3.0,
                19.5
            ],
            "last_drop": [
                58.0,
                0.0,
                4.75
            ],
            "acc_auc": 94017.0,
            "acc_auc_norm": 31.719635627530366,
            "acc_auc_ratio_01": 0.3171963562753037
        },
        "7": {
            "peak_drop": [
                64.75,
                19.75
            ],
            "recovery_time": [
                5000,
                608
            ],