{
    "forgetting": 53.27777777777778,
    "learning_success": 73.65,
    "retention_ratio": 0.3489477257298031,
    "stability_gap": 17.264666666666667,
    "peak_drop": 24.555555555555557,
    "first_drop": 22.716666666666665,
    "last_drop": 11.627777777777778,
    "recovery_time_median": 532.0,
    "recovery_rate": 0.6444444444444445,
    "recovery_window": 5000,
    "recovery_scale": 0.8,
    "sg_window_steps": 100,
    "acc_bounds": [
        0.0,
        100.0
    ],
    "acc_auc_norm_mean": 33.49545449653307,
    "acc_auc_ratio_01_mean": 0.3349545449653307,
    "per_task_metrics": {
        "0": {
            "peak_drop": [
                49.75,
                25.0,
                14.75,
                14.5,
                17.75,
                8.5,
                10.0,
                9.0,
                4.75
            ],
            "recovery_time": [
                5000,
                5000,
                200,
                600,
                5000,
                76,
                456,
                304,
                200
            ],
            "sg_area": [
                33.44,
                16.72,
                10.83,
                10.64,
                11.21,
                2.09,
                3.61,
                5.7,
                3.61
            ],
            "first_drop": [
                44.0,
                22.0,
                14.25,
                14.0,
                14.75,
                2.75,
                4.75,
                7.5,
                4.75
            ],
            "last_drop": [
                30.75,
                6.5,
                0.0,
                2.0,
                5.25,
                0.0,
                5.5,
                0.0,
                0.0
            ],
            "acc_auc": 153623.0,
            "acc_auc_norm": 20.417729930887827,
            "acc_auc_ratio_01": 0.20417729930887826
        },
        "1": {
            "peak_drop": [
                55.5,
                22.0,
                13.25,
                14.0,
                5.5,
                16.25,
                16.25,
                5.25
            ],
            "recovery_time": [
                5000,
                5000,
                228,
                684,
                76,
                532,
                5000,
                76
            ],
            "sg_area": [
                38.76,
                15.58,
                9.12,
                8.74,
                1.33,
                7.79,
                8.17,
                0.0
            ],
            "first_drop": [
                51.0,
                20.5,
                12.0,
                11.5,
                1.75,
                10.25,
                10.75,
                0.0
            ],
            "last_drop": [
                35.75,
                6.75,
                0.0,
                4.0,
                0.0,
                3.25,
                8.0,
                0.0
            ],
            "acc_auc": 121946.0,
            "acc_auc_norm": 18.02868125369604,
            "acc_auc_ratio_01": 0.18028681253696038
        },
        "2": {
            "peak_drop": [
                53.5,
                25.5,
                10.75,
                21.25,
                15.25,
                7.5,
                14.0
            ],
            "recovery_time": [
                5000,
                5000,
                152,
                532,
                200,
                76,
                304
            ],
            "sg_area": [
                40.66,
                19.38,
                8.17,
                16.15,
                11.4,
                2.28,
                10.64
            ],
            "first_drop": [
                53.5,
                25.5,
                10.75,
                21.25,
                15.0,
                3.0,
                14.0
            ],
            "last_drop": [
                35.25,
                8.0,
                0.0,
                3.75,
                5.75,
                0.0,
                0.0
            ],
            "acc_auc": 162053.0,
            "acc_auc_norm": 26.990839440373083,
            "acc_auc_ratio_01": 0.2699083944037308
        },
        "3": {
            "peak_drop": [
                64.0,
                13.25,
                11.5,
                12.25,
                8.5,
                14.75
            ],
            "recovery_time": [
                5000,
                600,
                304,
                532,
                380,
                5000
            ],
            "sg_area": [
                46.93,
                9.5,
                8.74,
                7.79,
                6.46,
                11.21
            ],
            "first_drop": [
                61.75,
                12.5,
                11.5,
                10.25,
                8.5,
                14.75
            ],
            "last_drop": [
                48.25,
                4.0,
                0.0,
                0.25,
                0.0,
                10.0
            ],
            "acc_auc": 102838.0,
            "acc_auc_norm": 19.610602593440124,
            "acc_auc_ratio_01": 0.19610602593440124
        },
        "4": {
            "peak_drop": [
                69.5,
                13.5,
                17.25,
                17.25,
                16.5
            ],
            "recovery_time": [
                5000,
                200,
                532,
                456,
                532
            ],
            "sg_area": [
                52.06,
                10.26,
                13.11,
                8.55,
                10.07
            ],
            "first_drop": [
                68.5,
                13.5,
                17.25,
                11.25,
                13.25
            ],
            "last_drop": [
                54.5,
                0.0,
                0.0,
                0.75,
                3.5
            ],
            "acc_auc": 119252.0,
            "acc_auc_norm": 26.5950044603033,
            "acc_auc_ratio_01": 0.265950044603033
        },
        "5": {
            "peak_drop": [
                66.25,
                26.75,
                20.75,
                22.25
            ],
            "recovery_time": [
                5000,
                532,
                400,
                5000
            ],
            "sg_area": [
                48.64,
                17.86,
                15.77,
                16.91
            ],
            "first_drop": [
                64.0,
                23.5,
                20.75,
                22.25
            ],
            "last_drop": [
                42.75,
                5.25,
                3.0,
                11.0
            ],
            "acc_auc": 116838.0,
            "acc_auc_norm": 31.37432867883996,
            "acc_auc_ratio_01": 0.3137432867883996
        },
        "6": {
            "peak_drop": [
                72.25,
                3.0,
                20.0
            ],
            "recovery_time": [
                5000,
                76,
                684
            ],
            "sg_area": [
                54.91,
                2.28,
                15.2
            ],
            "first_drop": [
                72.25,
                3.0,
                20.0
            ],
            "last_drop": [
                61.0,
                0.0,
                4.25
            ],
            "acc_auc": 92264.0,
            "acc_auc_norm": 31.128205128205128,
            "acc_auc_ratio_01": 0.3112820512820513
        },
        "7": {
            "peak_drop": [
                66.75,
                19.75
            ],
            "recovery_time": [
                5000,
                608
            ],