{
    "forgetting": 56.97222222222222,
    "learning_success": 69.325,
    "retention_ratio": 0.26036783267219615,
    "stability_gap": 16.81288888888889,
    "peak_drop": 22.844444444444445,
    "first_drop": 22.122222222222224,
    "last_drop": 12.5,
    "recovery_time_median": 532.0,
    "recovery_rate": 0.5333333333333333,
    "recovery_window": 5000,
    "recovery_scale": 0.8,
    "sg_window_steps": 100,
    "acc_bounds": [
        0.0,
        100.0
    ],
    "acc_auc_norm_mean": 27.04679445904666,
    "acc_auc_ratio_01_mean": 0.2704679445904666,
    "per_task_metrics": {
        "0": {
            "peak_drop": [
                57.75,
                24.25,
                12.5,
                19.75,
                13.5,
                11.0,
                13.0,
                8.0,
                7.0
            ],
            "recovery_time": [
                5000,
                5000,
                400,
                5000,
                532,
                380,
                5000,
                400,
                304
            ],
            "sg_area": [
                38.19,
                14.44,
                9.31,
                14.63,
                10.26,
                7.6,
                9.88,
                6.08,
                5.32
            ],
            "first_drop": [
                50.25,
                19.0,
                12.25,
                19.25,
                13.5,
                10.0,
                13.0,
                8.0,
                7.0
            ],
            "last_drop": [
                32.5,
                10.25,
                0.0,
                4.5,
                2.25,
                0.0,
                6.5,
                1.0,
                0.0
            ],
            "acc_auc": 114847.0,
            "acc_auc_norm": 15.264088250930357,
            "acc_auc_ratio_01": 0.15264088250930358
        },
        "1": {
            "peak_drop": [
                51.0,
                19.75,
                8.0,
                10.75,
                6.5,
                12.25,
                9.5,
                6.25
            ],
            "recovery_time": [
                5000,
                5000,
                400,
                5000,
                380,
                532,
                5000,
                456
            ],
            "sg_area": [
                38.76,
                14.63,
                6.08,
                7.6,
                4.94,
                7.98,
                7.22,
                4.37
            ],
            "first_drop": [
                51.0,
                19.25,
                8.0,
                10.0,
                6.5,
                10.5,
                9.5,
                5.75
            ],
            "last_drop": [
                33.25,
                11.75,
                0.0,
                3.25,
                0.0,
                4.5,
                3.0,
                0.0
            ],
            "acc_auc": 71786.0,
            "acc_auc_norm": 10.612950916617386,
            "acc_auc_ratio_01": 0.10612950916617386
        },
        "2": {
            "peak_drop": [
                56.0,
                23.25,
                5.0,
                12.5,
                13.0,
                5.25,
                11.0
            ],
            "recovery_time": [
                5000,
                5000,
                76,
                532,
                5000,
                76,
                532
            ],
            "sg_area": [
                41.23,
                17.67,
                1.33,
                9.5,
                9.88,
                0.38,
                8.36
            ],
            "first_drop": [
                54.25,
                23.25,
                1.75,
                12.5,
                13.0,
                0.5,
                11.0
            ],
            "last_drop": [
                39.5,
                8.5,
                0.0,
                4.75,
                4.5,
                0.0,
                0.0
            ],
            "acc_auc": 107526.0,
            "acc_auc_norm": 17.90906062624917,
            "acc_auc_ratio_01": 0.17909060626249168
        },
        "3": {
            "peak_drop": [
                64.75,
                7.0,
                7.5,
                7.75,
                4.25,
                13.0
            ],
            "recovery_time": [
                5000,
                456,
                400,
                760,
                200,
                5000
            ],
            "sg_area": [
                49.02,
                4.37,
                5.7,
                5.7,
                3.23,
                9.88
            ],
            "first_drop": [
                64.5,
                5.75,
                7.5,
                7.5,
                4.25,
                13.0
            ],
            "last_drop": [
                56.25,
                1.25,
                0.0,
                1.5,
                0.0,
                9.5
            ],
            "acc_auc": 64348.0,
            "acc_auc_norm": 12.270785659801678,
            "acc_auc_ratio_01": 0.12270785659801678
        },
        "4": {
            "peak_drop": [
                72.75,
                12.25,
                14.25,
                14.0,
                14.0
            ],
            "recovery_time": [
                5000,
                400,
                400,
                456,
                532
            ],
            "sg_area": [
                55.29,
                8.93,
                9.88,
                10.64,
                10.64
            ],
            "first_drop": [
                72.75,
                11.75,
                13.0,
                14.0,
                14.0
            ],
            "last_drop": [
                56.5,
                0.75,
                0.0,
                0.75,
                1.5
            ],
            "acc_auc": 88394.0,
            "acc_auc_norm": 19.71320249776985,
            "acc_auc_ratio_01": 0.1971320249776985
        },
        "5": {
            "peak_drop": [
                71.75,
                17.75,
                22.25,
                13.5
            ],
            "recovery_time": [
                5000,
                456,
                5000,
                5000
            ],
            "sg_area": [
                54.53,
                13.49,
                16.91,
                10.26
            ],
            "first_drop": [
                71.75,
                17.75,
                22.25,
                13.5
            ],
            "last_drop": [
                51.75,
                1.5,
                8.5,
                7.5
            ],
            "acc_auc": 88615.0,
            "acc_auc_norm": 23.795649838882923,
            "acc_auc_ratio_01": 0.23795649838882924
        },
        "6": {
            "peak_drop": [
                71.5,
                1.25,
                17.25
            ],
            "recovery_time": [
                5000,
                76,
                532
            ],
            "sg_area": [
                54.34,
                0.0,
                13.11
            ],
            "first_drop": [
                71.5,
                0.0,
                17.25
            ],
            "last_drop": [
                63.5,
                0.0,
                3.75
            ],
            "acc_auc": 73647.0,
            "acc_auc_norm": 24.847165991902834,
            "acc_auc_ratio_01": 0.24847165991902834
        },
        "7": {
            "peak_drop": [
                69.75,
                18.25
            ],
            "recovery_time": [
                5000,
                5000
            ],