{
    "forgetting": 52.72222222222222,
    "learning_success": 73.5,
    "retention_ratio": 0.354421768707483,
    "stability_gap": 18.19355555555556,
    "peak_drop": 26.27777777777778,
    "first_drop": 23.93888888888889,
    "last_drop": 11.294444444444444,
    "recovery_time_median": 600.0,
    "recovery_rate": 0.6222222222222222,
    "recovery_window": 5000,
    "recovery_scale": 0.8,
    "sg_window_steps": 100,
    "acc_bounds": [
        0.0,
        100.0
    ],
    "acc_auc_norm_mean": 31.89522553599998,
    "acc_auc_ratio_01_mean": 0.3189522553599998,
    "per_task_metrics": {
        "0": {
            "peak_drop": [
                49.0,
                27.25,
                19.0,
                17.5,
                17.25,
                10.25,
                9.75,
                10.0,
                6.25
            ],
            "recovery_time": [
                5000,
                5000,
                304,
                600,
                5000,
                76,
                456,
                304,
                76
            ],
            "sg_area": [
                32.87,
                20.71,
                14.44,
                10.45,
                12.73,
                2.47,
                4.75,
                7.41,
                1.71
            ],
            "first_drop": [
                43.25,
                27.25,
                19.0,
                13.75,
                16.75,
                3.25,
                6.25,
                9.75,
                2.25
            ],
            "last_drop": [
                28.5,
                9.0,
                0.0,
                0.0,
                5.5,
                1.0,
                5.0,
                0.0,
                0.0
            ],
            "acc_auc": 146704.0,
            "acc_auc_norm": 19.49813928761297,
            "acc_auc_ratio_01": 0.19498139287612973
        },
        "1": {
            "peak_drop": [
                55.75,
                24.5,
                14.75,
                11.25,
                7.5,
                12.75,
                14.75,
                7.5
            ],
            "recovery_time": [
                5000,
                684,
                400,
                684,
                76,
                304,
                5000,
                76
            ],
            "sg_area": [
                40.85,
                17.1,
                11.21,
                8.55,
                1.71,
                7.22,
                4.75,
                0.0
            ],
            "first_drop": [
                53.75,
                22.5,
                14.75,
                11.25,
                2.25,
                9.5,
                6.25,
                0.0
            ],
            "last_drop": [
                35.75,
                7.75,
                1.25,
                2.25,
                0.0,
                0.5,
                6.5,
                0.0
            ],
            "acc_auc": 114047.0,
            "acc_auc_norm": 16.860881135422826,
            "acc_auc_ratio_01": 0.16860881135422826
        },
        "2": {
            "peak_drop": [
                57.0,
                28.75,
                11.0,
                23.0,
                18.0,
                12.75,
                17.75
            ],
            "recovery_time": [
                5000,
                5000,
                152,
                532,
                200,
                380,
                532
            ],
            "sg_area": [
                43.32,
                21.85,
                5.7,
                17.48,
                9.31,
                6.27,
                11.4
            ],
            "first_drop": [
                57.0,
                28.75,
                7.5,
                23.0,
                12.25,
                8.25,
                15.0
            ],
            "last_drop": [
                34.75,
                9.25,
                0.0,
                5.0,
                2.5,
                0.0,
                0.25
            ],
            "acc_auc": 152930.0,
            "acc_auc_norm": 25.47135243171219,
            "acc_auc_ratio_01": 0.2547135243171219
        },
        "3": {
            "peak_drop": [
                67.0,
                18.25,
                15.75,
                14.5,
                12.25,
                19.25
            ],
            "recovery_time": [
                5000,
                684,
                532,
                600,
                380,
                5000
            ],
            "sg_area": [
                49.97,
                13.3,
                11.97,
                11.02,
                9.31,
                14.25
            ],
            "first_drop": [
                65.75,
                17.5,
                15.75,
                14.5,
                12.25,
                18.75
            ],
            "last_drop": [
                46.0,
                4.25,
                1.25,
                1.0,
                0.0,
                10.0
            ],
            "acc_auc": 94675.0,
            "acc_auc_norm": 18.053966437833715,
            "acc_auc_ratio_01": 0.18053966437833716
        },
        "4": {
            "peak_drop": [
                69.25,
                13.0,
                20.0,
                16.75,
                15.75
            ],
            "recovery_time": [
                5000,
                228,
                532,
                456,
                600
            ],
            "sg_area": [
                52.63,
                8.74,
                14.44,
                7.22,
                11.59
            ],
            "first_drop": [
                69.25,
                11.5,
                19.0,
                9.5,
                15.25
            ],
            "last_drop": [
                52.5,
                0.0,
                2.25,
                0.0,
                3.75
            ],
            "acc_auc": 111154.0,
            "acc_auc_norm": 24.789027653880463,
            "acc_auc_ratio_01": 0.24789027653880463
        },
        "5": {
            "peak_drop": [
                67.75,
                27.5,
                22.0,
                24.0
            ],
            "recovery_time": [
                5000,
                5000,
                600,
                5000
            ],
            "sg_area": [
                49.97,
                16.91,
                13.87,
                17.1
            ],
            "first_drop": [
                65.75,
                22.25,
                18.25,
                22.5
            ],
            "last_drop": [
                42.0,
                7.5,
                0.5,
                12.75
            ],
            "acc_auc": 110724.0,
            "acc_auc_norm": 29.732545649838883,
            "acc_auc_ratio_01": 0.2973254564983888
        },
        "6": {
            "peak_drop": [
                77.5,
                9.25,
                19.0
            ],
            "recovery_time": [
                5000,
                380,
                608
            ],
            "sg_area": [
                58.9,
                6.46,
                14.44
            ],
            "first_drop": [
                77.5,
                8.5,
                19.0
            ],
            "last_drop": [
                58.75,
                0.0,
                2.0
            ],
            "acc_auc": 88711.0,
            "acc_auc_norm": 29.92948717948718,
            "acc_auc_ratio_01": 0.2992948717948718
        },
        "7": {
            "peak_drop": [
                66.25,
                25.25
            ],
            "recovery_time": [
                5000,
                5000
            ],