{
    "forgetting": 53.05555555555556,
    "learning_success": 73.825,
    "retention_ratio": 0.35320013545546897,
    "stability_gap": 17.412444444444443,
    "peak_drop": 25.211111111111112,
    "first_drop": 22.91111111111111,
    "last_drop": 11.377777777777778,
    "recovery_time_median": 532.0,
    "recovery_rate": 0.7111111111111111,
    "recovery_window": 5000,
    "recovery_scale": 0.8,
    "sg_window_steps": 100,
    "acc_bounds": [
        0.0,
        100.0
    ],
    "acc_auc_norm_mean": 32.65412504146772,
    "acc_auc_ratio_01_mean": 0.3265412504146772,
    "per_task_metrics": {
        "0": {
            "peak_drop": [
                49.25,
                24.25,
                15.0,
                15.0,
                14.0,
                6.5,
                10.0,
                8.25,
                5.75
            ],
            "recovery_time": [
                5000,
                5000,
                200,
                600,
                456,
                200,
                76,
                304,
                200
            ],
            "sg_area": [
                33.06,
                18.43,
                11.4,
                11.4,
                10.64,
                4.75,
                2.47,
                6.27,
                3.8
            ],
            "first_drop": [
                43.5,
                24.25,
                15.0,
                15.0,
                14.0,
                6.25,
                3.25,
                8.25,
                5.0
            ],
            "last_drop": [
                30.5,
                7.0,
                0.0,
                1.75,
                4.0,
                0.0,
                4.75,
                1.0,
                0.0
            ],
            "acc_auc": 147939.0,
            "acc_auc_norm": 19.662280701754387,
            "acc_auc_ratio_01": 0.19662280701754387
        },
        "1": {
            "peak_drop": [
                56.25,
                22.75,
                17.0,
                11.75,
                7.0,
                13.75,
                17.25,
                5.0
            ],
            "recovery_time": [
                5000,
                684,
                228,
                684,
                76,
                304,
                5000,
                76
            ],
            "sg_area": [
                40.09,
                17.29,
                12.92,
                8.55,
                2.09,
                5.51,
                7.22,
                0.0
            ],
            "first_drop": [
                52.75,
                22.75,
                17.0,
                11.25,
                2.75,
                7.25,
                9.5,
                0.0
            ],
            "last_drop": [
                34.75,
                7.25,
                0.0,
                2.25,
                0.0,
                0.0,
                8.5,
                0.0
            ],
            "acc_auc": 120764.0,
            "acc_auc_norm": 17.853932584269664,
            "acc_auc_ratio_01": 0.17853932584269663
        },
        "2": {
            "peak_drop": [
                56.5,
                25.0,
                9.25,
                25.75,
                16.5,
                11.0,
                14.75
            ],
            "recovery_time": [
                5000,
                684,
                152,
                684,
                456,
                76,
                304
            ],
            "sg_area": [
                42.94,
                19.0,
                4.94,
                19.57,
                9.12,
                1.71,
                9.69
            ],
            "first_drop": [
                56.5,
                25.0,
                6.5,
                25.75,
                12.0,
                2.25,
                12.75
            ],
            "last_drop": [
                38.75,
                6.0,
                0.0,
                6.25,
                4.5,
                0.0,
                0.0
            ],
            "acc_auc": 160644.0,
            "acc_auc_norm": 26.75616255829447,
            "acc_auc_ratio_01": 0.2675616255829447
        },
        "3": {
            "peak_drop": [
                66.75,
                16.25,
                14.25,
                12.25,
                10.75,
                16.5
            ],
            "recovery_time": [
                5000,
                684,
                400,
                532,
                380,
                5000
            ],
            "sg_area": [
                49.59,
                11.02,
                10.83,
                8.93,
                8.17,
                11.21
            ],
            "first_drop": [
                65.25,
                14.5,
                14.25,
                11.75,
                10.75,
                14.75
            ],
            "last_drop": [
                46.0,
                6.0,
                0.25,
                0.75,
                0.0,
                10.25
            ],
            "acc_auc": 98252.0,
            "acc_auc_norm": 18.736079328756674,
            "acc_auc_ratio_01": 0.18736079328756675
        },
        "4": {
            "peak_drop": [
                69.5,
                14.0,
                18.5,
                15.75,
                13.25
            ],
            "recovery_time": [
                5000,
                228,
                380,
                456,
                532
            ],
            "sg_area": [
                52.25,
                9.5,
                12.92,
                4.75,
                10.07
            ],
            "first_drop": [
                68.75,
                12.5,
                17.0,
                6.25,
                13.25
            ],
            "last_drop": [
                53.0,
                0.0,
                0.0,
                2.75,
                1.25
            ],
            "acc_auc": 116528.0,
            "acc_auc_norm": 25.98751115075825,
            "acc_auc_ratio_01": 0.2598751115075825
        },
        "5": {
            "peak_drop": [
                68.0,
                24.0,
                20.5,
                23.25
            ],
            "recovery_time": [
                5000,
                684,
                400,
                5000
            ],
            "sg_area": [
                50.73,
                17.67,
                12.92,
                17.67
            ],
            "first_drop": [
                66.75,
                23.25,
                17.0,
                23.25
            ],
            "last_drop": [
                43.0,
                6.5,
                1.25,
                12.75
            ],
            "acc_auc": 116813.0,
            "acc_auc_norm": 31.367615467239528,
            "acc_auc_ratio_01": 0.3136761546723953
        },
        "6": {
            "peak_drop": [
                76.25,
                11.25,
                18.0
            ],
            "recovery_time": [
                5000,
                228,
                684
            ],
            "sg_area": [
                57.95,
                3.23,
                13.68
            ],
            "first_drop": [
                76.25,
                4.25,
                18.0
            ],
            "last_drop": [
                57.0,
                0.0,
                3.75
            ],
            "acc_auc": 89859.0,
            "acc_auc_norm": 30.3168016194332,
            "acc_auc_ratio_01": 0.303168016194332
        },
        "7": {
            "peak_drop": [
                66.5,
                22.75
            ],
            "recovery_time": [
                5000,
                600
            ],