{
    "forgetting": 55.47222222222222,
    "learning_success": 69.7,
    "retention_ratio": 0.28371592539454804,
    "stability_gap": 17.11688888888889,
    "peak_drop": 25.788888888888888,
    "first_drop": 22.522222222222222,
    "last_drop": 12.294444444444444,
    "recovery_time_median": 608.0,
    "recovery_rate": 0.5777777777777777,
    "recovery_window": 5000,
    "recovery_scale": 0.8,
    "sg_window_steps": 100,
    "acc_bounds": [
        0.0,
        100.0
    ],
    "acc_auc_norm_mean": 24.58155711389487,
    "acc_auc_ratio_01_mean": 0.2458155711389487,
    "per_task_metrics": {
        "0": {
            "peak_drop": [
                50.0,
                29.25,
                17.25,
                21.25,
                16.0,
                11.25,
                15.75,
                10.5,
                9.5
            ],
            "recovery_time": [
                5000,
                5000,
                400,
                304,
                532,
                200,
                600,
                400,
                304
            ],
            "sg_area": [
                33.06,
                22.23,
                9.5,
                9.31,
                10.45,
                3.61,
                11.02,
                7.98,
                7.03
            ],
            "first_drop": [
                43.5,
                29.25,
                12.5,
                12.25,
                13.75,
                4.75,
                14.5,
                10.5,
                9.25
            ],
            "last_drop": [
                27.25,
                12.5,
                0.0,
                3.25,
                4.0,
                0.0,
                2.75,
                3.25,
                0.0
            ],
            "acc_auc": 124059.0,
            "acc_auc_norm": 16.488437001594896,
            "acc_auc_ratio_01": 0.16488437001594897
        },
        "1": {
            "peak_drop": [
                53.25,
                22.0,
                9.5,
                11.25,
                7.75,
                14.75,
                15.0,
                9.0
            ],
            "recovery_time": [
                5000,
                5000,
                532,
                5000,
                152,
                760,
                5000,
                152
            ],
            "sg_area": [
                34.77,
                11.21,
                7.22,
                7.6,
                3.8,
                8.36,
                7.98,
                1.9
            ],
            "first_drop": [
                45.75,
                14.75,
                9.5,
                10.0,
                5.0,
                11.0,
                10.5,
                2.5
            ],
            "last_drop": [
                34.25,
                12.25,
                0.0,
                4.25,
                0.0,
                1.0,
                5.25,
                0.75
            ],
            "acc_auc": 77862.0,
            "acc_auc_norm": 11.51123595505618,
            "acc_auc_ratio_01": 0.11511235955056179
        },
        "2": {
            "peak_drop": [
                62.0,
                27.0,
                16.0,
                20.75,
                21.5,
                11.5,
                16.5
            ],
            "recovery_time": [
                5000,
                5000,
                456,
                684,
                5000,
                76,
                532
            ],
            "sg_area": [
                38.95,
                20.52,
                8.17,
                15.77,
                16.34,
                2.09,
                12.54
            ],
            "first_drop": [
                51.25,
                27.0,
                10.75,
                20.75,
                21.5,
                2.75,
                16.5
            ],
            "last_drop": [
                37.75,
                9.75,
                0.0,
                3.5,
                7.75,
                0.0,
                0.0
            ],
            "acc_auc": 99500.0,
            "acc_auc_norm": 16.572285143237842,
            "acc_auc_ratio_01": 0.16572285143237842
        },
        "3": {
            "peak_drop": [
                66.5,
                10.75,
                8.75,
                11.5,
                11.0,
                16.5
            ],
            "recovery_time": [
                5000,
                608,
                400,
                600,
                600,
                5000
            ],
            "sg_area": [
                50.54,
                7.79,
                6.08,
                7.98,
                7.22,
                10.07
            ],
            "first_drop": [
                66.5,
                10.25,
                8.0,
                10.5,
                9.5,
                13.25
            ],
            "last_drop": [
                55.0,
                3.25,
                0.0,
                0.75,
                0.0,
                10.75
            ],
            "acc_auc": 65258.0,
            "acc_auc_norm": 12.444317315026698,
            "acc_auc_ratio_01": 0.12444317315026698
        },
        "4": {
            "peak_drop": [
                66.25,
                17.75,
                19.75,
                15.5,
                15.0
            ],
            "recovery_time": [
                5000,
                608,
                600,
                456,
                760
            ],
            "sg_area": [
                48.64,
                10.64,
                14.82,
                10.07,
                10.26
            ],
            "first_drop": [
                64.0,
                14.0,
                19.5,
                13.25,
                13.5
            ],
            "last_drop": [
                52.75,
                0.0,
                4.25,
                0.0,
                2.0
            ],
            "acc_auc": 78581.0,
            "acc_auc_norm": 17.524754683318466,
            "acc_auc_ratio_01": 0.17524754683318466
        },
        "5": {
            "peak_drop": [
                70.5,
                23.75,
                23.25,
                17.25
            ],
            "recovery_time": [
                5000,
                600,
                600,
                5000
            ],
            "sg_area": [
                53.58,
                17.1,
                10.45,
                12.16
            ],
            "first_drop": [
                70.5,
                22.5,
                13.75,
                16.0
            ],
            "last_drop": [
                48.25,
                5.75,
                5.25,
                8.75
            ],
            "acc_auc": 84895.0,
            "acc_auc_norm": 22.79672395273899,
            "acc_auc_ratio_01": 0.2279672395273899
        },
        "6": {
            "peak_drop": [
                69.75,
                7.0,
                22.75
            ],
            "recovery_time": [
                5000,
                380,
                5000
            ],
            "sg_area": [
                47.88,
                4.75,
                17.29
            ],
            "first_drop": [
                63.0,
                6.25,
                22.75
            ],
            "last_drop": [
                59.0,
                0.0,
                6.25
            ],
            "acc_auc": 68657.0,
            "acc_auc_norm": 23.163630229419702,
            "acc_auc_ratio_01": 0.23163630229419702
        },
        "7": {
            "peak_drop": [
                67.75,
                27.0
            ],
            "recovery_time": [
                5000,
                5000
            ],