{
    "forgetting": 54.47222222222222,
    "learning_success": 69.775,
    "retention_ratio": 0.2973844500179147,
    "stability_gap": 17.129555555555555,
    "peak_drop": 25.916666666666668,
    "first_drop": 22.538888888888888,
    "last_drop": 12.0,
    "recovery_time_median": 684.0,
    "recovery_rate": 0.5777777777777777,
    "recovery_window": 5000,
    "recovery_scale": 0.8,
    "sg_window_steps": 100,
    "acc_bounds": [
        0.0,
        100.0
    ],
    "acc_auc_norm_mean": 24.868297713851238,
    "acc_auc_ratio_01_mean": 0.24868297713851234,
    "per_task_metrics": {
        "0": {
            "peak_drop": [
                51.0,
                27.0,
                16.0,
                20.75,
                18.5,
                12.0,
                14.25,
                12.5,
                11.75
            ],
            "recovery_time": [
                5000,
                5000,
                400,
                600,
                532,
                200,
                600,
                380,
                304
            ],
            "sg_area": [
                32.49,
                15.39,
                8.17,
                9.5,
                12.16,
                9.12,
                10.45,
                8.74,
                8.55
            ],
            "first_drop": [
                42.75,
                20.25,
                10.75,
                12.5,
                16.0,
                12.0,
                13.75,
                11.5,
                11.25
            ],
            "last_drop": [
                28.5,
                12.75,
                0.0,
                1.0,
                5.25,
                0.0,
                1.5,
                3.0,
                0.0
            ],
            "acc_auc": 123286.0,
            "acc_auc_norm": 16.385699096225412,
            "acc_auc_ratio_01": 0.16385699096225412
        },
        "1": {
            "peak_drop": [
                53.5,
                19.5,
                7.25,
                12.25,
                8.0,
                17.25,
                12.0,
                10.5
            ],
            "recovery_time": [
                5000,
                5000,
                380,
                5000,
                200,
                5000,
                684,
                76
            ],
            "sg_area": [
                34.96,
                10.64,
                5.51,
                8.17,
                3.99,
                7.6,
                5.7,
                0.0
            ],
            "first_drop": [
                46.0,
                14.0,
                7.25,
                10.75,
                5.25,
                10.0,
                7.5,
                0.0
            ],
            "last_drop": [
                35.5,
                12.0,
                0.0,
                3.75,
                0.0,
                5.5,
                0.25,
                1.75
            ],
            "acc_auc": 82060.0,
            "acc_auc_norm": 12.131874630396215,
            "acc_auc_ratio_01": 0.12131874630396215
        },
        "2": {
            "peak_drop": [
                61.75,
                28.5,
                16.0,
                23.0,
                23.75,
                8.5,
                15.5
            ],
            "recovery_time": [
                5000,
                5000,
                456,
                684,
                5000,
                380,
                532
            ],
            "sg_area": [
                36.29,
                19.0,
                12.16,
                16.91,
                18.05,
                2.28,
                11.02
            ],
            "first_drop": [
                47.75,
                25.0,
                16.0,
                22.25,
                23.75,
                3.0,
                14.5
            ],
            "last_drop": [
                36.5,
                11.25,
                0.0,
                1.75,
                9.25,
                0.0,
                0.0
            ],
            "acc_auc": 104175.0,
            "acc_auc_norm": 17.35093271152565,
            "acc_auc_ratio_01": 0.17350932711525652
        },
        "3": {
            "peak_drop": [
                65.25,
                10.75,
                11.0,
                12.25,
                11.5,
                14.5
            ],
            "recovery_time": [
                5000,
                608,
                400,
                600,
                600,
                5000
            ],
            "sg_area": [
                48.26,
                4.75,
                7.6,
                8.36,
                8.74,
                8.17
            ],
            "first_drop": [
                63.5,
                6.25,
                10.0,
                11.0,
                11.5,
                10.75
            ],
            "last_drop": [
                54.25,
                0.75,
                0.0,
                0.5,
                0.0,
                8.25
            ],
            "acc_auc": 67031.0,
            "acc_auc_norm": 12.782418001525553,
            "acc_auc_ratio_01": 0.12782418001525553
        },
        "4": {
            "peak_drop": [
                68.0,
                16.5,
                20.0,
                15.0,
                15.5
            ],
            "recovery_time": [
                5000,
                456,
                600,
                456,
                684
            ],
            "sg_area": [
                51.68,
                11.59,
                15.2,
                2.66,
                11.78
            ],
            "first_drop": [
                68.0,
                15.25,
                20.0,
                3.5,
                15.5
            ],
            "last_drop": [
                54.0,
                0.0,
                4.0,
                0.0,
                1.75
            ],
            "acc_auc": 81033.0,
            "acc_auc_norm": 18.071587867975023,
            "acc_auc_ratio_01": 0.18071587867975022
        },
        "5": {
            "peak_drop": [
                70.5,
                25.75,
                20.25,
                19.5
            ],
            "recovery_time": [
                5000,
                600,
                684,
                5000
            ],
            "sg_area": [
                50.92,
                17.1,
                10.26,
                14.82
            ],
            "first_drop": [
                67.0,
                22.5,
                13.5,
                19.5
            ],
            "last_drop": [
                47.0,
                5.25,
                3.5,
                11.0
            ],
            "acc_auc": 87140.0,
            "acc_auc_norm": 23.399570354457573,
            "acc_auc_ratio_01": 0.23399570354457574
        },
        "6": {
            "peak_drop": [
                70.75,
                8.25,
                20.0
            ],
            "recovery_time": [
                5000,
                228,
                5000
            ],
            "sg_area": [
                52.44,
                5.13,
                14.06
            ],
            "first_drop": [
                69.0,
                6.75,
                18.5
            ],
            "last_drop": [
                56.75,
                0.0,
                6.0
            ],
            "acc_auc": 69265.0,
            "acc_auc_norm": 23.368758434547907,
            "acc_auc_ratio_01": 0.23368758434547907
        },
        "7": {
            "peak_drop": [
                68.25,
                24.75
            ],
            "recovery_time": [
                5000,
                5000
            ],