{
    "forgetting": 52.111111111111114,
    "learning_success": 72.975,
    "retention_ratio": 0.35731414868105515,
    "stability_gap": 18.10066666666667,
    "peak_drop": 26.1,
    "first_drop": 23.816666666666666,
    "last_drop": 11.222222222222221,
    "recovery_time_median": 600.0,
    "recovery_rate": 0.6444444444444445,
    "recovery_window": 5000,
    "recovery_scale": 0.8,
    "sg_window_steps": 100,
    "acc_bounds": [
        0.0,
        100.0
    ],
    "acc_auc_norm_mean": 31.811634993968475,
    "acc_auc_ratio_01_mean": 0.3181163499396848,
    "per_task_metrics": {
        "0": {
            "peak_drop": [
                49.5,
                25.75,
                16.0,
                16.75,
                16.25,
                10.25,
                12.0,
                9.75,
                6.0
            ],
            "recovery_time": [
                5000,
                5000,
                400,
                600,
                5000,
                200,
                456,
                304,
                152
            ],
            "sg_area": [
                33.06,
                19.0,
                12.16,
                12.73,
                12.35,
                3.8,
                4.37,
                7.41,
                4.56
            ],
            "first_drop": [
                43.5,
                25.0,
                16.0,
                16.75,
                16.25,
                5.0,
                5.75,
                9.75,
                6.0
            ],
            "last_drop": [
                29.5,
                7.75,
                0.0,
                0.75,
                5.75,
                0.25,
                4.25,
                0.25,
                0.0
            ],
            "acc_auc": 144809.0,
            "acc_auc_norm": 19.246278575225944,
            "acc_auc_ratio_01": 0.19246278575225945
        },
        "1": {
            "peak_drop": [
                56.25,
                25.0,
                15.5,
                13.5,
                8.75,
                14.0,
                15.0,
                6.0
            ],
            "recovery_time": [
                5000,
                5000,
                400,
                684,
                76,
                532,
                5000,
                304
            ],
            "sg_area": [
                40.85,
                18.05,
                11.78,
                10.26,
                1.9,
                7.03,
                6.08,
                2.28
            ],
            "first_drop": [
                53.75,
                23.75,
                15.5,
                13.5,
                2.5,
                9.25,
                8.0,
                3.0
            ],
            "last_drop": [
                35.75,
                9.0,
                0.0,
                2.75,
                0.0,
                0.0,
                6.5,
                0.0
            ],
            "acc_auc": 112263.0,
            "acc_auc_norm": 16.597131874630396,
            "acc_auc_ratio_01": 0.16597131874630397
        },
        "2": {
            "peak_drop": [
                59.25,
                28.0,
                14.75,
                20.0,
                16.0,
                10.5,
                16.5
            ],
            "recovery_time": [
                5000,
                760,
                152,
                600,
                400,
                76,
                532
            ],
            "sg_area": [
                42.94,
                21.28,
                8.74,
                15.2,
                12.16,
                1.52,
                10.45
            ],
            "first_drop": [
                56.5,
                28.0,
                11.5,
                20.0,
                16.0,
                2.0,
                13.75
            ],
            "last_drop": [
                36.0,
                5.75,
                0.0,
                6.0,
                3.25,
                0.0,
                0.0
            ],
            "acc_auc": 154165.0,
            "acc_auc_norm": 25.67704863424384,
            "acc_auc_ratio_01": 0.2567704863424384
        },
        "3": {
            "peak_drop": [
                66.25,
                15.25,
                15.25,
                13.75,
                10.75,
                17.5
            ],
            "recovery_time": [
                5000,
                600,
                600,
                532,
                380,
                5000
            ],
            "sg_area": [
                48.83,
                11.59,
                11.4,
                8.17,
                8.17,
                13.3
            ],
            "first_drop": [
                64.25,
                15.25,
                15.0,
                10.75,
                10.75,
                17.5
            ],
            "last_drop": [
                47.0,
                3.5,
                2.0,
                0.5,
                0.0,
                8.5
            ],
            "acc_auc": 94690.0,
            "acc_auc_norm": 18.056826849733028,
            "acc_auc_ratio_01": 0.1805682684973303
        },
        "4": {
            "peak_drop": [
                67.5,
                14.25,
                20.25,
                17.5,
                18.25
            ],
            "recovery_time": [
                5000,
                456,
                532,
                456,
                532
            ],
            "sg_area": [
                51.3,
                8.17,
                15.39,
                5.89,
                12.73
            ],
            "first_drop": [
                67.5,
                10.75,
                20.25,
                7.75,
                16.75
            ],
            "last_drop": [
                52.0,
                0.0,
                1.25,
                0.0,
                4.5
            ],
            "acc_auc": 111665.0,
            "acc_auc_norm": 24.902988403211417,
            "acc_auc_ratio_01": 0.24902988403211418
        },
        "5": {
            "peak_drop": [
                69.5,
                28.5,
                24.75,
                19.25
            ],
            "recovery_time": [
                5000,
                760,
                684,
                5000
            ],
            "sg_area": [
                52.63,
                17.86,
                16.72,
                14.25
            ],
            "first_drop": [
                69.25,
                23.5,
                22.0,
                18.75
            ],
            "last_drop": [
                40.5,
                7.25,
                4.75,
                9.25
            ],
            "acc_auc": 112186.0,
            "acc_auc_norm": 30.12513426423201,
            "acc_auc_ratio_01": 0.3012513426423201
        },
        "6": {
            "peak_drop": [
                77.5,
                10.5,
                20.5
            ],
            "recovery_time": [
                5000,
                76,
                684
            ],
            "sg_area": [
                58.9,
                3.23,
                15.58
            ],
            "first_drop": [
                77.5,
                4.25,
                20.5
            ],
            "last_drop": [
                56.75,
                0.0,
                3.25
            ],
            "acc_auc": 89548.0,
            "acc_auc_norm": 30.21187584345479,
            "acc_auc_ratio_01": 0.30211875843454794
        },
        "7": {
            "peak_drop": [
                67.25,
                22.0
            ],
            "recovery_time": [
                5000,
                5000
            ],