{
    "forgetting": 55.888888888888886,
    "learning_success": 66.275,
    "retention_ratio": 0.24104111655978874,
    "stability_gap": 15.432222222222224,
    "peak_drop": 22.77777777777778,
    "first_drop": 20.305555555555557,
    "last_drop": 11.86111111111111,
    "recovery_time_median": 760.0,
    "recovery_rate": 0.5333333333333333,
    "recovery_window": 5000,
    "recovery_scale": 0.8,
    "sg_window_steps": 100,
    "acc_bounds": [
        0.0,
        100.0
    ],
    "acc_auc_norm_mean": 21.375486551409267,
    "acc_auc_ratio_01_mean": 0.2137548655140927,
    "per_task_metrics": {
        "0": {
            "peak_drop": [
                49.5,
                29.0,
                17.5,
                21.0,
                19.0,
                10.25,
                15.25,
                10.75,
                9.25
            ],
            "recovery_time": [
                5000,
                5000,
                228,
                684,
                5000,
                304,
                532,
                532,
                200
            ],
            "sg_area": [
                33.06,
                22.04,
                13.3,
                13.49,
                14.44,
                4.18,
                7.79,
                7.41,
                7.03
            ],
            "first_drop": [
                43.5,
                29.0,
                17.5,
                17.75,
                19.0,
                5.5,
                10.25,
                9.75,
                9.25
            ],
            "last_drop": [
                29.0,
                11.5,
                0.0,
                1.25,
                8.5,
                0.0,
                4.0,
                1.75,
                0.0
            ],
            "acc_auc": 111612.0,
            "acc_auc_norm": 14.834130781499203,
            "acc_auc_ratio_01": 0.14834130781499202
        },
        "1": {
            "peak_drop": [
                48.75,
                16.75,
                6.75,
                8.75,
                3.75,
                8.5,
                8.75,
                6.0
            ],
            "recovery_time": [
                5000,
                5000,
                532,
                5000,
                76,
                684,
                5000,
                760
            ],
            "sg_area": [
                32.11,
                10.83,
                5.13,
                6.27,
                0.0,
                3.8,
                3.61,
                3.23
            ],
            "first_drop": [
                42.25,
                14.25,
                6.75,
                8.25,
                0.0,
                5.0,
                4.75,
                4.25
            ],
            "last_drop": [
                32.5,
                10.25,
                0.0,
                4.25,
                0.0,
                0.25,
                2.75,
                0.0
            ],
            "acc_auc": 58688.0,
            "acc_auc_norm": 8.67652276759314,
            "acc_auc_ratio_01": 0.0867652276759314
        },
        "2": {
            "peak_drop": [
                61.0,
                21.25,
                13.75,
                14.75,
                15.5,
                8.25,
                11.25
            ],
            "recovery_time": [
                5000,
                5000,
                456,
                608,
                5000,
                400,
                152
            ],
            "sg_area": [
                38.0,
                15.58,
                6.27,
                8.74,
                11.78,
                4.94,
                8.55
            ],
            "first_drop": [
                50.0,
                20.5,
                8.25,
                11.5,
                15.5,
                6.5,
                11.25
            ],
            "last_drop": [
                38.5,
                9.5,
                0.0,
                0.5,
                5.75,
                0.0,
                0.0
            ],
            "acc_auc": 77080.0,
            "acc_auc_norm": 12.838107928047968,
            "acc_auc_ratio_01": 0.12838107928047968
        },
        "3": {
            "peak_drop": [
                62.0,
                8.75,
                5.5,
                6.5,
                6.25,
                10.5
            ],
            "recovery_time": [
                5000,
                5000,
                600,
                684,
                380,
                5000
            ],
            "sg_area": [
                47.12,
                6.46,
                3.61,
                4.37,
                4.37,
                7.79
            ],
            "first_drop": [
                62.0,
                8.5,
                4.75,
                5.75,
                5.75,
                10.25
            ],
            "last_drop": [
                52.75,
                3.75,
                0.0,
                0.25,
                0.0,
                8.5
            ],
            "acc_auc": 48658.0,
            "acc_auc_norm": 9.278794813119756,
            "acc_auc_ratio_01": 0.09278794813119756
        },
        "4": {
            "peak_drop": [
                67.5,
                14.25,
                11.5,
                12.0,
                10.0
            ],
            "recovery_time": [
                5000,
                684,
                600,
                760,
                532
            ],
            "sg_area": [
                51.3,
                8.17,
                8.74,
                7.79,
                7.22
            ],
            "first_drop": [
                67.5,
                10.75,
                11.5,
                10.25,
                9.5
            ],
            "last_drop": [
                55.5,
                2.75,
                0.0,
                1.5,
                0.0
            ],
            "acc_auc": 64127.0,
            "acc_auc_norm": 14.301293487957182,
            "acc_auc_ratio_01": 0.1430129348795718
        },
        "5": {
            "peak_drop": [
                68.25,
                24.0,
                15.75,
                11.5
            ],
            "recovery_time": [
                5000,
                600,
                600,
                5000
            ],
            "sg_area": [
                46.93,
                15.01,
                7.03,
                8.74
            ],
            "first_drop": [
                61.75,
                19.75,
                9.25,
                11.5
            ],
            "last_drop": [
                47.25,
                8.25,
                4.75,
                6.0
            ],
            "acc_auc": 70328.0,
            "acc_auc_norm": 18.885069817400645,
            "acc_auc_ratio_01": 0.18885069817400646
        },
        "6": {
            "peak_drop": [
                68.0,
                8.5,
                17.0
            ],
            "recovery_time": [
                5000,
                456,
                5000
            ],
            "sg_area": [
                48.83,
                6.46,
                12.92
            ],
            "first_drop": [
                64.25,
                8.5,
                17.0
            ],
            "last_drop": [
                57.25,
                0.0,
                4.5
            ],
            "acc_auc": 58529.0,
            "acc_auc_norm": 19.746626180836707,
            "acc_auc_ratio_01": 0.19746626180836707
        },
        "7": {
            "peak_drop": [
                65.75,
                24.0
            ],
            "recovery_time": [
                5000,
                5000
            ],