{
    "forgetting": 53.22222222222222,
    "learning_success": 73.7,
    "retention_ratio": 0.35006784260515605,
    "stability_gap": 18.00777777777778,
    "peak_drop": 25.894444444444446,
    "first_drop": 23.694444444444443,
    "last_drop": 11.455555555555556,
    "recovery_time_median": 532.0,
    "recovery_rate": 0.6888888888888889,
    "recovery_window": 5000,
    "recovery_scale": 0.8,
    "sg_window_steps": 100,
    "acc_bounds": [
        0.0,
        100.0
    ],
    "acc_auc_norm_mean": 32.85302477788615,
    "acc_auc_ratio_01_mean": 0.3285302477788615,
    "per_task_metrics": {
        "0": {
            "peak_drop": [
                49.25,
                25.5,
                19.0,
                15.5,
                17.5,
                8.0,
                12.0,
                8.75,
                8.25
            ],
            "recovery_time": [
                5000,
                5000,
                400,
                600,
                684,
                200,
                152,
                304,
                200
            ],
            "sg_area": [
                32.87,
                17.86,
                14.44,
                9.5,
                11.97,
                6.08,
                6.27,
                6.65,
                4.94
            ],
            "first_drop": [
                43.25,
                23.5,
                19.0,
                12.5,
                15.75,
                8.0,
                8.25,
                8.75,
                6.5
            ],
            "last_drop": [
                29.75,
                7.0,
                0.0,
                2.0,
                3.25,
                0.5,
                5.25,
                0.0,
                0.0
            ],
            "acc_auc": 149651.0,
            "acc_auc_norm": 19.889819245082403,
            "acc_auc_ratio_01": 0.19889819245082405
        },
        "1": {
            "peak_drop": [
                55.25,
                24.5,
                17.75,
                14.5,
                8.75,
                13.75,
                14.25,
                10.0
            ],
            "recovery_time": [
                5000,
                684,
                400,
                684,
                380,
                304,
                5000,
                76
            ],
            "sg_area": [
                38.95,
                16.91,
                13.49,
                11.02,
                4.75,
                4.94,
                5.51,
                1.33
            ],
            "first_drop": [
                51.25,
                22.25,
                17.75,
                14.5,
                6.25,
                6.5,
                7.25,
                1.75
            ],
            "last_drop": [
                35.5,
                7.0,
                0.0,
                3.75,
                0.0,
                0.5,
                5.0,
                0.0
            ],
            "acc_auc": 119297.0,
            "acc_auc_norm": 17.637049083382614,
            "acc_auc_ratio_01": 0.17637049083382614
        },
        "2": {
            "peak_drop": [
                56.75,
                27.25,
                9.5,
                23.75,
                15.75,
                9.5,
                17.5
            ],
            "recovery_time": [
                5000,
                684,
                152,
                532,
                228,
                76,
                532
            ],
            "sg_area": [
                43.13,
                20.71,
                7.22,
                18.05,
                8.55,
                3.04,
                8.93
            ],
            "first_drop": [
                56.75,
                27.25,
                9.5,
                23.75,
                11.25,
                4.0,
                11.75
            ],
            "last_drop": [
                37.0,
                6.75,
                0.0,
                6.25,
                3.0,
                0.0,
                0.0
            ],
            "acc_auc": 158473.0,
            "acc_auc_norm": 26.394570286475684,
            "acc_auc_ratio_01": 0.2639457028647568
        },
        "3": {
            "peak_drop": [
                66.5,
                16.5,
                15.25,
                11.75,
                12.25,
                18.25
            ],
            "recovery_time": [
                5000,
                608,
                456,
                532,
                380,
                5000
            ],
            "sg_area": [
                49.21,
                11.97,
                11.4,
                8.93,
                9.31,
                13.87
            ],
            "first_drop": [
                64.75,
                15.75,
                15.0,
                11.75,
                12.25,
                18.25
            ],
            "last_drop": [
                45.5,
                4.5,
                4.25,
                0.0,
                0.0,
                11.5
            ],
            "acc_auc": 97980.0,
            "acc_auc_norm": 18.68421052631579,
            "acc_auc_ratio_01": 0.18684210526315792
        },
        "4": {
            "peak_drop": [
                67.75,
                14.75,
                20.75,
                17.75,
                15.5
            ],
            "recovery_time": [
                5000,
                228,
                532,
                532,
                532
            ],
            "sg_area": [
                49.02,
                11.21,
                15.77,
                6.65,
                10.07
            ],
            "first_drop": [
                64.5,
                14.75,
                20.75,
                8.75,
                13.25
            ],
            "last_drop": [
                53.0,
                0.0,
                0.5,
                3.0,
                2.5
            ],
            "acc_auc": 116055.0,
            "acc_auc_norm": 25.882024977698485,
            "acc_auc_ratio_01": 0.25882024977698487
        },
        "5": {
            "peak_drop": [
                66.5,
                27.25,
                20.25,
                22.5
            ],
            "recovery_time": [
                5000,
                684,
                532,
                5000
            ],
            "sg_area": [
                50.54,
                17.1,
                15.39,
                16.53
            ],
            "first_drop": [
                66.5,
                22.5,
                20.25,
                21.75
            ],
            "last_drop": [
                41.5,
                7.0,
                2.0,
                14.0
            ],
            "acc_auc": 114564.0,
            "acc_auc_norm": 30.763694951664878,
            "acc_auc_ratio_01": 0.30763694951664877
        },
        "6": {
            "peak_drop": [
                77.5,
                7.25,
                19.25
            ],
            "recovery_time": [
                5000,
                228,
                608
            ],
            "sg_area": [
                58.9,
                4.37,
                14.63
            ],
            "first_drop": [
                77.5,
                5.75,
                19.25
            ],
            "last_drop": [
                58.5,
                0.0,
                3.75
            ],
            "acc_auc": 90681.0,
            "acc_auc_norm": 30.594129554655872,
            "acc_auc_ratio_01": 0.30594129554655874
        },
        "7": {
            "peak_drop": [
                64.25,
                23.0
            ],
            "recovery_time": [
                5000,
                5000
            ],