{
    "forgetting": 53.138888888888886,
    "learning_success": 73.575,
    "retention_ratio": 0.34998301053346925,
    "stability_gap": 17.669999999999998,
    "peak_drop": 25.16111111111111,
    "first_drop": 23.25,
    "last_drop": 11.53888888888889,
    "recovery_time_median": 532.0,
    "recovery_rate": 0.6222222222222222,
    "recovery_window": 5000,
    "recovery_scale": 0.8,
    "sg_window_steps": 100,
    "acc_bounds": [
        0.0,
        100.0
    ],
    "acc_auc_norm_mean": 32.95579482877209,
    "acc_auc_ratio_01_mean": 0.32955794828772084,
    "per_task_metrics": {
        "0": {
            "peak_drop": [
                49.0,
                24.0,
                13.25,
                16.5,
                18.25,
                5.5,
                11.25,
                8.25,
                6.25
            ],
            "recovery_time": [
                5000,
                5000,
                200,
                600,
                5000,
                76,
                456,
                304,
                200
            ],
            "sg_area": [
                33.82,
                17.1,
                10.07,
                10.26,
                12.73,
                2.47,
                3.42,
                6.27,
                4.75
            ],
            "first_drop": [
                44.5,
                22.5,
                13.25,
                13.5,
                16.75,
                3.25,
                4.5,
                8.25,
                6.25
            ],
            "last_drop": [
                30.5,
                8.5,
                0.0,
                1.0,
                7.25,
                0.0,
                6.5,
                0.0,
                0.0
            ],
            "acc_auc": 150219.0,
            "acc_auc_norm": 19.965311004784688,
            "acc_auc_ratio_01": 0.1996531100478469
        },
        "1": {
            "peak_drop": [
                54.25,
                24.0,
                13.5,
                13.25,
                8.75,
                15.25,
                13.5,
                7.75
            ],
            "recovery_time": [
                5000,
                5000,
                400,
                684,
                380,
                532,
                5000,
                76
            ],
            "sg_area": [
                39.14,
                17.67,
                9.5,
                9.31,
                3.23,
                8.17,
                3.04,
                0.38
            ],
            "first_drop": [
                51.5,
                23.25,
                12.5,
                12.25,
                4.25,
                10.75,
                4.0,
                0.5
            ],
            "last_drop": [
                35.25,
                8.75,
                0.0,
                2.0,
                0.0,
                3.5,
                5.25,
                0.0
            ],
            "acc_auc": 117672.0,
            "acc_auc_norm": 17.396806623299824,
            "acc_auc_ratio_01": 0.17396806623299824
        },
        "2": {
            "peak_drop": [
                52.5,
                23.5,
                10.5,
                23.75,
                12.5,
                12.5,
                18.25
            ],
            "recovery_time": [
                5000,
                684,
                152,
                532,
                400,
                380,
                532
            ],
            "sg_area": [
                39.9,
                17.86,
                6.08,
                18.05,
                9.5,
                7.22,
                13.87
            ],
            "first_drop": [
                52.5,
                23.5,
                8.0,
                23.75,
                12.5,
                9.5,
                18.25
            ],
            "last_drop": [
                37.5,
                5.5,
                0.0,
                5.75,
                0.75,
                0.0,
                0.25
            ],
            "acc_auc": 160645.0,
            "acc_auc_norm": 26.75632911392405,
            "acc_auc_ratio_01": 0.2675632911392405
        },
        "3": {
            "peak_drop": [
                67.75,
                15.5,
                17.25,
                12.0,
                12.5,
                16.25
            ],
            "recovery_time": [
                5000,
                600,
                400,
                532,
                380,
                5000
            ],
            "sg_area": [
                49.78,
                10.83,
                13.11,
                7.22,
                9.5,
                11.78
            ],
            "first_drop": [
                65.5,
                14.25,
                17.25,
                9.5,
                12.5,
                15.5
            ],
            "last_drop": [
                48.0,
                4.0,
                2.25,
                0.0,
                0.0,
                9.75
            ],
            "acc_auc": 100164.0,
            "acc_auc_norm": 19.100686498855836,
            "acc_auc_ratio_01": 0.19100686498855837
        },
        "4": {
            "peak_drop": [
                66.75,
                13.25,
                17.0,
                17.25,
                18.0
            ],
            "recovery_time": [
                5000,
                200,
                380,
                456,
                600
            ],
            "sg_area": [
                50.73,
                10.07,
                12.92,
                5.89,
                13.68
            ],
            "first_drop": [
                66.75,
                13.25,
                17.0,
                7.75,
                18.0
            ],
            "last_drop": [
                54.0,
                0.0,
                0.0,
                0.0,
                5.5
            ],
            "acc_auc": 114719.0,
            "acc_auc_norm": 25.58407671721677,
            "acc_auc_ratio_01": 0.2558407671721677
        },
        "5": {
            "peak_drop": [
                68.5,
                24.5,
                20.0,
                24.0
            ],
            "recovery_time": [
                5000,
                532,
                532,
                5000
            ],
            "sg_area": [
                50.16,
                16.91,
                15.2,
                18.24
            ],
            "first_drop": [
                66.0,
                22.25,
                20.0,
                24.0
            ],
            "last_drop": [
                42.5,
                5.5,
                0.5,
                12.75
            ],
            "acc_auc": 117864.0,
            "acc_auc_norm": 31.64983888292159,
            "acc_auc_ratio_01": 0.3164983888292159
        },
        "6": {
            "peak_drop": [
                74.75,
                4.5,
                18.5
            ],
            "recovery_time": [
                5000,
                76,
                5000
            ],
            "sg_area": [
                56.81,
                1.9,
                14.06
            ],
            "first_drop": [
                74.75,
                2.5,
                18.5
            ],
            "last_drop": [
                59.5,
                0.0,
                6.25
            ],
            "acc_auc": 89277.0,
            "acc_auc_norm": 30.120445344129553,
            "acc_auc_ratio_01": 0.30120445344129554
        },
        "7": {
            "peak_drop": [
                65.25,
                23.75
            ],
            "recovery_time": [
                5000,
                5000
            ],