{
    "forgetting": 54.916666666666664,
    "learning_success": 62.275,
    "retention_ratio": 0.20634283420313126,
    "stability_gap": 13.713777777777775,
    "peak_drop": 19.977777777777778,
    "first_drop": 18.044444444444444,
    "last_drop": 11.661111111111111,
    "recovery_time_median": 5000.0,
    "recovery_rate": 0.4666666666666667,
    "recovery_window": 5000,
    "recovery_scale": 0.8,
    "sg_window_steps": 100,
    "acc_bounds": [
        0.0,
        100.0
    ],
    "acc_auc_norm_mean": 19.024652569772698,
    "acc_auc_ratio_01_mean": 0.190246525697727,
    "per_task_metrics": {
        "0": {
            "peak_drop": [
                48.5,
                27.5,
                14.0,
                19.0,
                17.75,
                10.0,
                14.0,
                8.0,
                6.0
            ],
            "recovery_time": [
                5000,
                5000,
                400,
                304,
                5000,
                200,
                5000,
                400,
                400
            ],
            "sg_area": [
                35.34,
                18.24,
                10.64,
                5.13,
                13.11,
                5.32,
                8.74,
                6.08,
                4.56
            ],
            "first_drop": [
                46.5,
                24.0,
                14.0,
                6.75,
                17.25,
                7.0,
                11.5,
                8.0,
                6.0
            ],
            "last_drop": [
                29.5,
                12.5,
                0.0,
                2.25,
                6.25,
                0.0,
                5.75,
                1.75,
                0.0
            ],
            "acc_auc": 107355.0,
            "acc_auc_norm": 14.268341307814993,
            "acc_auc_ratio_01": 0.1426834130781499
        },
        "1": {
            "peak_drop": [
                43.75,
                14.0,
                5.5,
                6.75,
                2.75,
                6.25,
                5.25,
                3.75
            ],
            "recovery_time": [
                5000,
                5000,
                532,
                5000,
                152,
                5000,
                380,
                5000
            ],
            "sg_area": [
                29.64,
                8.36,
                3.99,
                3.8,
                1.14,
                3.8,
                1.71,
                1.71
            ],
            "first_drop": [
                39.0,
                11.0,
                5.25,
                5.0,
                1.5,
                5.0,
                2.25,
                2.25
            ],
            "last_drop": [
                30.25,
                8.5,
                0.0,
                3.75,
                0.0,
                1.5,
                1.25,
                1.0
            ],
            "acc_auc": 49631.0,
            "acc_auc_norm": 7.337522176227084,
            "acc_auc_ratio_01": 0.07337522176227085
        },
        "2": {
            "peak_drop": [
                54.75,
                16.0,
                10.5,
                12.0,
                13.25,
                7.75,
                8.0
            ],
            "recovery_time": [
                5000,
                5000,
                456,
                200,
                5000,
                152,
                532
            ],
            "sg_area": [
                33.44,
                10.83,
                4.37,
                8.36,
                10.07,
                5.13,
                5.89
            ],
            "first_drop": [
                44.0,
                14.25,
                5.75,
                11.0,
                13.25,
                6.75,
                7.75
            ],
            "last_drop": [
                38.25,
                6.25,
                0.0,
                1.5,
                5.25,
                0.0,
                0.0
            ],
            "acc_auc": 71645.0,
            "acc_auc_norm": 11.932878081279148,
            "acc_auc_ratio_01": 0.11932878081279147
        },
        "3": {
            "peak_drop": [
                57.75,
                2.25,
                6.25,
                2.75,
                4.0,
                5.25
            ],
            "recovery_time": [
                5000,
                76,
                5000,
                608,
                200,
                5000
            ],
            "sg_area": [
                42.37,
                0.0,
                4.56,
                2.09,
                2.85,
                3.99
            ],
            "first_drop": [
                55.75,
                0.0,
                6.0,
                2.75,
                3.75,
                5.25
            ],
            "last_drop": [
                55.5,
                0.0,
                3.5,
                0.0,
                0.0,
                4.25
            ],
            "acc_auc": 42430.0,
            "acc_auc_norm": 8.09115179252479,
            "acc_auc_ratio_01": 0.08091151792524791
        },
        "4": {
            "peak_drop": [
                62.5,
                10.5,
                10.0,
                9.25,
                6.75
            ],
            "recovery_time": [
                5000,
                684,
                608,
                5000,
                532
            ],
            "sg_area": [
                46.93,
                6.46,
                7.6,
                6.84,
                5.13
            ],
            "first_drop": [
                61.75,
                8.5,
                10.0,
                9.0,
                6.75
            ],
            "last_drop": [
                54.25,
                0.5,
                0.75,
                2.5,
                0.0
            ],
            "acc_auc": 56621.0,
            "acc_auc_norm": 12.627341659232828,
            "acc_auc_ratio_01": 0.12627341659232827
        },
        "5": {
            "peak_drop": [
                69.5,
                15.5,
                14.0,
                11.5
            ],
            "recovery_time": [
                5000,
                456,
                684,
                5000
            ],
            "sg_area": [
                48.07,
                9.31,
                9.69,
                8.74
            ],
            "first_drop": [
                63.25,
                12.25,
                12.75,
                11.5
            ],
            "last_drop": [
                54.5,
                0.75,
                3.5,
                7.0
            ],
            "acc_auc": 63349.0,
            "acc_auc_norm": 17.011009667024705,
            "acc_auc_ratio_01": 0.17011009667024704
        },
        "6": {
            "peak_drop": [
                63.5,
                7.0,
                16.25
            ],
            "recovery_time": [
                5000,
                400,
                5000
            ],
            "sg_area": [
                46.36,
                5.32,
                11.4
            ],
            "first_drop": [
                61.0,
                7.0,
                15.0
            ],
            "last_drop": [
                56.0,
                0.0,
                5.0
            ],
            "acc_auc": 52133.0,
            "acc_auc_norm": 17.5887314439946,
            "acc_auc_ratio_01": 0.175887314439946
        },
        "7": {
            "peak_drop": [
                64.25,
                17.75
            ],
            "recovery_time": [
                5000,
                5000
            ],