{
    "forgetting": 51.5,
    "learning_success": 54.1,
    "retention_ratio": 0.14325323475046212,
    "stability_gap": 9.499999999999998,
    "peak_drop": 13.916666666666666,
    "first_drop": 12.5,
    "last_drop": 10.688888888888888,
    "recovery_time_median": 380.0,
    "recovery_rate": 0.6444444444444445,
    "recovery_window": 5000,
    "recovery_scale": 0.8,
    "sg_window_steps": 100,
    "acc_bounds": [
        0.0,
        100.0
    ],
    "acc_auc_norm_mean": 17.272703016468647,
    "acc_auc_ratio_01_mean": 0.17272703016468646,
    "per_task_metrics": {
        "0": {
            "peak_drop": [
                39.75,
                26.0,
                10.75,
                16.0,
                6.5,
                8.5,
                12.75,
                2.75,
                3.5
            ],
            "recovery_time": [
                5000,
                5000,
                152,
                304,
                684,
                200,
                5000,
                152,
                152
            ],
            "sg_area": [
                26.79,
                13.68,
                5.7,
                12.16,
                3.42,
                4.56,
                7.6,
                1.52,
                2.66
            ],
            "first_drop": [
                35.25,
                18.0,
                7.5,
                16.0,
                4.5,
                6.0,
                10.0,
                2.0,
                3.5
            ],
            "last_drop": [
                27.5,
                16.0,
                0.0,
                4.75,
                2.25,
                0.0,
                9.5,
                0.0,
                0.25
            ],
            "acc_auc": 121500.0,
            "acc_auc_norm": 16.148325358851675,
            "acc_auc_ratio_01": 0.16148325358851676
        },
        "1": {
            "peak_drop": [
                37.25,
                4.75,
                1.75,
                1.25,
                0.0,
                1.0,
                0.25,
                0.0
            ],
            "recovery_time": [
                5000,
                5000,
                380,
                200,
                76,
                152,
                380,
                5000
            ],
            "sg_area": [
                28.31,
                2.85,
                1.33,
                0.76,
                0.0,
                0.19,
                0.19,
                0.0
            ],
            "first_drop": [
                37.25,
                3.75,
                1.75,
                1.0,
                0.0,
                0.25,
                0.25,
                0.0
            ],
            "last_drop": [
                35.5,
                3.25,
                0.5,
                1.0,
                0.0,
                0.75,
                0.25,
                0.0
            ],
            "acc_auc": 32658.0,
            "acc_auc_norm": 4.828208160851567,
            "acc_auc_ratio_01": 0.048282081608515666
        },
        "2": {
            "peak_drop": [
                49.25,
                8.0,
                5.25,
                7.0,
                6.25,
                2.5,
                4.25
            ],
            "recovery_time": [
                5000,
                760,
                200,
                152,
                304,
                200,
                76
            ],
            "sg_area": [
                28.88,
                5.32,
                1.33,
                5.32,
                4.75,
                1.9,
                0.57
            ],
            "first_drop": [
                38.0,
                7.0,
                1.75,
                7.0,
                6.25,
                2.5,
                0.75
            ],
            "last_drop": [
                41.25,
                1.75,
                0.0,
                2.25,
                1.25,
                0.0,
                1.0
            ],
            "acc_auc": 62982.0,
            "acc_auc_norm": 10.490006662225182,
            "acc_auc_ratio_01": 0.10490006662225182
        },
        "3": {
            "peak_drop": [
                46.5,
                0.5,
                4.75,
                0.25,
                0.5,
                1.0
            ],
            "recovery_time": [
                5000,
                76,
                5000,
                200,
                76,
                5000
            ],
            "sg_area": [
                35.15,
                0.0,
                3.61,
                0.19,
                0.0,
                0.76
            ],
            "first_drop": [
                46.25,
                0.0,
                4.75,
                0.25,
                0.0,
                1.0
            ],
            "last_drop": [
                45.75,
                0.0,
                4.5,
                0.0,
                0.0,
                1.0
            ],
            "acc_auc": 34938.0,
            "acc_auc_norm": 6.662471395881007,
            "acc_auc_ratio_01": 0.06662471395881008
        },
        "4": {
            "peak_drop": [
                56.0,
                4.5,
                2.5,
                1.5,
                3.5
            ],
            "recovery_time": [
                5000,
                532,
                380,
                152,
                532
            ],
            "sg_area": [
                41.04,
                2.47,
                1.14,
                1.14,
                2.47
            ],
            "first_drop": [
                54.0,
                3.25,
                1.5,
                1.5,
                3.25
            ],
            "last_drop": [
                52.0,
                2.25,
                1.0,
                0.0,
                0.5
            ],
            "acc_auc": 45427.0,
            "acc_auc_norm": 10.130909901873327,
            "acc_auc_ratio_01": 0.10130909901873326
        },
        "5": {
            "peak_drop": [
                60.0,
                4.5,
                6.0,
                1.25
            ],
            "recovery_time": [
                5000,
                380,
                76,
                200
            ],
            "sg_area": [
                45.6,
                3.23,
                0.38,
                0.76
            ],
            "first_drop": [
                60.0,
                4.25,
                0.5,
                1.0
            ],
            "last_drop": [
                55.0,
                0.0,
                4.75,
                1.25
            ],
            "acc_auc": 47584.0,
            "acc_auc_norm": 12.77765843179377,
            "acc_auc_ratio_01": 0.1277765843179377
        },
        "6": {
            "peak_drop": [
                54.5,
                0.0,
                2.5
            ],
            "recovery_time": [
                5000,
                76,
                228
            ],
            "sg_area": [
                41.42,
                0.0,
                1.52
            ],
            "first_drop": [
                54.5,
                0.0,
                2.0
            ],
            "last_drop": [
                53.75,
                0.0,
                2.0
            ],
            "acc_auc": 42073.0,
            "acc_auc_norm": 14.194669365721998,
            "acc_auc_ratio_01": 0.14194669365721999
        },
        "7": {
            "peak_drop": [
                58.0,
                9.25
            ],
            "recovery_time": [
                5000,
                5000
            ],
            "sg_area": [
                39.52,
                6.65
            ],