{
    "forgetting": 54.77777777777778,
    "learning_success": 60.875,
    "retention_ratio": 0.19014373716632443,
    "stability_gap": 13.084666666666665,
    "peak_drop": 18.905555555555555,
    "first_drop": 17.216666666666665,
    "last_drop": 11.605555555555556,
    "recovery_time_median": 760.0,
    "recovery_rate": 0.5111111111111111,
    "recovery_window": 5000,
    "recovery_scale": 0.8,
    "sg_window_steps": 100,
    "acc_bounds": [
        0.0,
        100.0
    ],
    "acc_auc_norm_mean": 18.617261548433596,
    "acc_auc_ratio_01_mean": 0.18617261548433595,
    "per_task_metrics": {
        "0": {
            "peak_drop": [
                48.5,
                26.75,
                15.25,
                17.0,
                17.0,
                9.0,
                13.25,
                6.25,
                6.0
            ],
            "recovery_time": [
                5000,
                5000,
                380,
                304,
                5000,
                200,
                5000,
                400,
                400
            ],
            "sg_area": [
                35.72,
                17.67,
                11.59,
                8.36,
                12.92,
                4.94,
                7.6,
                4.75,
                4.56
            ],
            "first_drop": [
                47.0,
                23.25,
                15.25,
                11.0,
                17.0,
                6.5,
                10.0,
                6.25,
                6.0
            ],
            "last_drop": [
                29.25,
                12.25,
                0.75,
                2.0,
                5.75,
                0.0,
                6.75,
                0.25,
                0.0
            ],
            "acc_auc": 106277.0,
            "acc_auc_norm": 14.125066454013822,
            "acc_auc_ratio_01": 0.14125066454013824
        },
        "1": {
            "peak_drop": [
                41.5,
                12.75,
                4.5,
                6.25,
                0.5,
                4.25,
                4.0,
                2.0
            ],
            "recovery_time": [
                5000,
                5000,
                532,
                5000,
                76,
                760,
                5000,
                532
            ],
            "sg_area": [
                29.45,
                8.36,
                3.42,
                4.18,
                0.0,
                1.52,
                1.9,
                1.14
            ],
            "first_drop": [
                38.75,
                11.0,
                4.5,
                5.5,
                0.0,
                2.0,
                2.5,
                1.5
            ],
            "last_drop": [
                30.25,
                8.5,
                0.0,
                5.25,
                0.0,
                0.5,
                2.0,
                0.0
            ],
            "acc_auc": 44954.0,
            "acc_auc_norm": 6.646067415730337,
            "acc_auc_ratio_01": 0.06646067415730336
        },
        "2": {
            "peak_drop": [
                53.75,
                15.75,
                9.25,
                12.75,
                12.0,
                6.5,
                6.5
            ],
            "recovery_time": [
                5000,
                5000,
                76,
                200,
                5000,
                400,
                532
            ],
            "sg_area": [
                33.06,
                11.97,
                0.0,
                9.5,
                9.12,
                4.94,
                4.37
            ],
            "first_drop": [
                43.5,
                15.75,
                0.0,
                12.5,
                12.0,
                6.5,
                5.75
            ],
            "last_drop": [
                38.5,
                5.25,
                0.0,
                1.5,
                3.75,
                1.75,
                0.0
            ],
            "acc_auc": 68910.0,
            "acc_auc_norm": 11.477348434377081,
            "acc_auc_ratio_01": 0.11477348434377081
        },
        "3": {
            "peak_drop": [
                56.0,
                1.5,
                6.75,
                2.0,
                3.5,
                4.0
            ],
            "recovery_time": [
                5000,
                76,
                5000,
                608,
                200,
                5000
            ],
            "sg_area": [
                41.8,
                0.0,
                4.94,
                1.52,
                2.47,
                3.04
            ],
            "first_drop": [
                55.0,
                0.0,
                6.5,
                2.0,
                3.25,
                4.0
            ],
            "last_drop": [
                54.25,
                0.0,
                4.75,
                0.0,
                0.0,
                3.5
            ],
            "acc_auc": 41034.0,
            "acc_auc_norm": 7.824942791762013,
            "acc_auc_ratio_01": 0.07824942791762013
        },
        "4": {
            "peak_drop": [
                61.5,
                9.0,
                9.75,
                8.25,
                7.25
            ],
            "recovery_time": [
                5000,
                456,
                684,
                760,
                532
            ],
            "sg_area": [
                45.98,
                4.18,
                7.41,
                6.08,
                5.51
            ],
            "first_drop": [
                60.5,
                5.5,
                9.75,
                8.0,
                7.25
            ],
            "last_drop": [
                55.5,
                0.0,
                1.5,
                1.0,
                2.25
            ],
            "acc_auc": 54573.0,
            "acc_auc_norm": 12.170606601248885,
            "acc_auc_ratio_01": 0.12170606601248884
        },
        "5": {
            "peak_drop": [
                66.0,
                14.5,
                13.25,
                9.5
            ],
            "recovery_time": [
                5000,
                456,
                600,
                5000
            ],
            "sg_area": [
                47.5,
                8.17,
                6.65,
                6.27
            ],
            "first_drop": [
                62.5,
                10.75,
                8.75,
                8.25
            ],
            "last_drop": [
                54.25,
                0.75,
                3.5,
                6.5
            ],
            "acc_auc": 61360.0,
            "acc_auc_norm": 16.476906552094523,
            "acc_auc_ratio_01": 0.16476906552094522
        },
        "6": {
            "peak_drop": [
                62.0,
                5.0,
                15.0
            ],
            "recovery_time": [
                5000,
                200,
                5000
            ],
            "sg_area": [
                45.03,
                3.8,
                11.4
            ],
            "first_drop": [
                59.25,
                5.0,
                15.0
            ],
            "last_drop": [
                56.0,
                0.0,
                4.5
            ],
            "acc_auc": 51304.0,
            "acc_auc_norm": 17.309041835357625,
            "acc_auc_ratio_01": 0.17309041835357625
        },
        "7": {
            "peak_drop": [
                63.75,
                16.5
            ],
            "recovery_time": [
                5000,
                5000
            ],
            "sg_area": [
                45.41,
                11.59
            ],