{
    "forgetting": 54.72222222222222,
    "learning_success": 71.6,
    "retention_ratio": 0.31215083798882687,
    "stability_gap": 18.126,
    "peak_drop": 26.727777777777778,
    "first_drop": 23.85,
    "last_drop": 12.05,
    "recovery_time_median": 608.0,
    "recovery_rate": 0.6222222222222222,
    "recovery_window": 5000,
    "recovery_scale": 0.8,
    "sg_window_steps": 100,
    "acc_bounds": [
        0.0,
        100.0
    ],
    "acc_auc_norm_mean": 27.114066925688025,
    "acc_auc_ratio_01_mean": 0.27114066925688024,
    "per_task_metrics": {
        "0": {
            "peak_drop": [
                51.0,
                28.75,
                16.25,
                21.5,
                19.25,
                9.75,
                13.5,
                12.0,
                8.5
            ],
            "recovery_time": [
                5000,
                5000,
                400,
                600,
                532,
                200,
                456,
                380,
                200
            ],
            "sg_area": [
                32.3,
                19.0,
                11.97,
                11.97,
                12.73,
                7.41,
                10.26,
                7.98,
                6.08
            ],
            "first_drop": [
                42.5,
                25.0,
                15.75,
                15.75,
                16.75,
                9.75,
                13.5,
                10.5,
                8.0
            ],
            "last_drop": [
                28.5,
                9.25,
                0.0,
                3.25,
                5.0,
                0.0,
                2.5,
                2.5,
                0.0
            ],
            "acc_auc": 130558.0,
            "acc_auc_norm": 17.352206273258904,
            "acc_auc_ratio_01": 0.17352206273258905
        },
        "1": {
            "peak_drop": [
                56.0,
                20.5,
                7.75,
                12.5,
                7.75,
                12.75,
                15.75,
                9.25
            ],
            "recovery_time": [
                5000,
                5000,
                400,
                684,
                76,
                532,
                5000,
                76
            ],
            "sg_area": [
                37.62,
                15.01,
                5.89,
                9.5,
                0.95,
                5.7,
                8.93,
                0.0
            ],
            "first_drop": [
                49.5,
                19.75,
                7.75,
                12.5,
                1.25,
                7.5,
                11.75,
                0.0
            ],
            "last_drop": [
                35.75,
                13.0,
                0.0,
                4.0,
                0.0,
                0.0,
                5.25,
                0.0
            ],
            "acc_auc": 91769.0,
            "acc_auc_norm": 13.567267888823181,
            "acc_auc_ratio_01": 0.1356726788882318
        },
        "2": {
            "peak_drop": [
                63.75,
                30.0,
                18.0,
                23.5,
                21.5,
                11.25,
                18.0
            ],
            "recovery_time": [
                5000,
                5000,
                532,
                760,
                5000,
                380,
                532
            ],
            "sg_area": [
                39.14,
                22.8,
                9.12,
                17.86,
                16.34,
                6.46,
                13.68
            ],
            "first_drop": [
                51.5,
                30.0,
                12.0,
                23.5,
                21.5,
                8.5,
                18.0
            ],
            "last_drop": [
                36.5,
                9.5,
                0.0,
                5.5,
                5.5,
                0.0,
                0.0
            ],
            "acc_auc": 122294.0,
            "acc_auc_norm": 20.36875416389074,
            "acc_auc_ratio_01": 0.20368754163890737
        },
        "3": {
            "peak_drop": [
                68.25,
                15.25,
                13.0,
                14.5,
                11.25,
                16.75
            ],
            "recovery_time": [
                5000,
                608,
                400,
                760,
                600,
                5000
            ],
            "sg_area": [
                50.35,
                7.41,
                9.5,
                10.64,
                8.17,
                10.83
            ],
            "first_drop": [
                66.25,
                9.75,
                12.5,
                14.0,
                10.75,
                14.25
            ],
            "last_drop": [
                53.0,
                2.25,
                0.0,
                2.0,
                0.0,
                11.75
            ],
            "acc_auc": 74608.0,
            "acc_auc_norm": 14.227307398932114,
            "acc_auc_ratio_01": 0.14227307398932112
        },
        "4": {
            "peak_drop": [
                70.5,
                15.0,
                19.5,
                16.75,
                18.25
            ],
            "recovery_time": [
                5000,
                456,
                532,
                456,
                760
            ],
            "sg_area": [
                53.39,
                10.07,
                14.82,
                4.56,
                12.54
            ],
            "first_drop": [
                70.25,
                13.25,
                19.5,
                6.0,
                16.5
            ],
            "last_drop": [
                53.5,
                0.0,
                1.0,
                0.5,
                3.5
            ],
            "acc_auc": 91135.0,
            "acc_auc_norm": 20.32448706512043,
            "acc_auc_ratio_01": 0.2032448706512043
        },
        "5": {
            "peak_drop": [
                68.5,
                22.75,
                21.75,
                21.5
            ],
            "recovery_time": [
                5000,
                600,
                600,
                5000
            ],
            "sg_area": [
                50.92,
                14.82,
                12.54,
                16.34
            ],
            "first_drop": [
                67.0,
                19.5,
                16.5,
                21.5
            ],
            "last_drop": [
                48.25,
                5.75,
                0.5,
                12.5
            ],
            "acc_auc": 93593.0,
            "acc_auc_norm": 25.132384532760472,
            "acc_auc_ratio_01": 0.2513238453276047
        },
        "6": {
            "peak_drop": [
                75.25,
                11.5,
                19.25
            ],
            "recovery_time": [
                5000,
                380,
                760
            ],
            "sg_area": [
                57.0,
                5.51,
                14.63
            ],
            "first_drop": [
                75.0,
                7.25,
                19.25
            ],
            "last_drop": [
                59.0,
                0.0,
                3.75
            ],
            "acc_auc": 75746.0,
            "acc_auc_norm": 25.555330634278004,
            "acc_auc_ratio_01": 0.25555330634278006
        },
        "7": {
            "peak_drop": [
                73.5,
                25.75
            ],
            "recovery_time": [
                5000,
                5000
            ],