{
    "forgetting": 53.27777777777778,
    "learning_success": 58.0,
    "retention_ratio": 0.17327586206896553,
    "stability_gap": 11.931999999999999,
    "peak_drop": 17.0,
    "first_drop": 15.7,
    "last_drop": 11.116666666666667,
    "recovery_time_median": 600.0,
    "recovery_rate": 0.5555555555555556,
    "recovery_window": 5000,
    "recovery_scale": 0.8,
    "sg_window_steps": 100,
    "acc_bounds": [
        0.0,
        100.0
    ],
    "acc_auc_norm_mean": 17.909962704661638,
    "acc_auc_ratio_01_mean": 0.1790996270466164,
    "per_task_metrics": {
        "0": {
            "peak_drop": [
                48.25,
                26.75,
                14.25,
                15.75,
                13.75,
                7.75,
                10.5,
                6.25,
                5.5
            ],
            "recovery_time": [
                5000,
                5000,
                228,
                304,
                684,
                532,
                5000,
                400,
                200
            ],
            "sg_area": [
                36.1,
                16.15,
                10.83,
                6.84,
                10.45,
                4.75,
                7.6,
                4.37,
                4.18
            ],
            "first_drop": [
                47.5,
                21.25,
                14.25,
                9.0,
                13.75,
                6.25,
                10.0,
                5.75,
                5.5
            ],
            "last_drop": [
                28.5,
                14.0,
                0.25,
                3.5,
                3.25,
                0.0,
                6.0,
                0.0,
                0.0
            ],
            "acc_auc": 109331.0,
            "acc_auc_norm": 14.530967570441256,
            "acc_auc_ratio_01": 0.14530967570441256
        },
        "1": {
            "peak_drop": [
                41.5,
                10.25,
                3.5,
                4.0,
                0.75,
                2.25,
                2.0,
                1.0
            ],
            "recovery_time": [
                5000,
                5000,
                532,
                5000,
                200,
                600,
                5000,
                152
            ],
            "sg_area": [
                30.4,
                6.27,
                2.66,
                3.04,
                0.57,
                0.95,
                1.14,
                0.76
            ],
            "first_drop": [
                40.0,
                8.25,
                3.5,
                4.0,
                0.75,
                1.25,
                1.5,
                1.0
            ],
            "last_drop": [
                32.5,
                7.25,
                0.0,
                3.0,
                0.0,
                0.5,
                1.0,
                0.25
            ],
            "acc_auc": 40021.0,
            "acc_auc_norm": 5.916765227675931,
            "acc_auc_ratio_01": 0.05916765227675931
        },
        "2": {
            "peak_drop": [
                50.75,
                12.0,
                8.25,
                8.0,
                9.0,
                7.5,
                6.25
            ],
            "recovery_time": [
                5000,
                5000,
                76,
                684,
                380,
                380,
                532
            ],
            "sg_area": [
                34.01,
                8.55,
                0.0,
                4.18,
                6.84,
                5.32,
                4.18
            ],
            "first_drop": [
                44.75,
                11.25,
                0.0,
                5.5,
                9.0,
                7.0,
                5.5
            ],
            "last_drop": [
                40.5,
                3.25,
                0.0,
                3.0,
                1.5,
                1.25,
                0.0
            ],
            "acc_auc": 65696.0,
            "acc_auc_norm": 10.942038640906063,
            "acc_auc_ratio_01": 0.10942038640906063
        },
        "3": {
            "peak_drop": [
                50.75,
                0.75,
                5.75,
                1.0,
                2.25,
                1.75
            ],
            "recovery_time": [
                5000,
                76,
                5000,
                228,
                200,
                5000
            ],
            "sg_area": [
                38.38,
                0.0,
                4.18,
                0.76,
                1.52,
                1.33
            ],
            "first_drop": [
                50.5,
                0.0,
                5.5,
                1.0,
                2.0,
                1.75
            ],
            "last_drop": [
                49.75,
                0.0,
                4.75,
                0.0,
                0.5,
                1.75
            ],
            "acc_auc": 37553.0,
            "acc_auc_norm": 7.16113653699466,
            "acc_auc_ratio_01": 0.0716113653699466
        },
        "4": {
            "peak_drop": [
                58.75,
                7.25,
                7.25,
                5.25,
                5.5
            ],
            "recovery_time": [
                5000,
                456,
                380,
                456,
                532
            ],
            "sg_area": [
                44.46,
                3.99,
                5.13,
                3.99,
                4.18
            ],
            "first_drop": [
                58.5,
                5.25,
                6.75,
                5.25,
                5.5
            ],
            "last_drop": [
                53.5,
                0.25,
                2.0,
                0.0,
                1.5
            ],
            "acc_auc": 51769.0,
            "acc_auc_norm": 11.545272078501338,
            "acc_auc_ratio_01": 0.11545272078501338
        },
        "5": {
            "peak_drop": [
                62.25,
                11.75,
                12.5,
                6.75
            ],
            "recovery_time": [
                5000,
                456,
                200,
                5000
            ],
            "sg_area": [
                44.65,
                8.17,
                7.41,
                4.94
            ],
            "first_drop": [
                58.75,
                10.75,
                9.75,
                6.5
            ],
            "last_drop": [
                50.75,
                0.25,
                5.75,
                3.0
            ],
            "acc_auc": 58003.0,
            "acc_auc_norm": 15.57545649838883,
            "acc_auc_ratio_01": 0.1557545649838883
        },
        "6": {
            "peak_drop": [
                59.25,
                2.5,
                12.5
            ],
            "recovery_time": [
                5000,
                200,
                5000
            ],
            "sg_area": [
                42.75,
                1.52,
                9.5
            ],
            "first_drop": [
                56.25,
                2.0,
                12.5
            ],
            "last_drop": [
                54.5,
                0.0,
                4.5
            ],
            "acc_auc": 48976.0,
            "acc_auc_norm": 16.52361673414305,
            "acc_auc_ratio_01": 0.1652361673414305
        },
        "7": {
            "peak_drop": [
                61.25,
                13.25
            ],
            "recovery_time": [
                5000,
                5000
            ],
            "sg_area": [
                43.51,
                10.07
            ],