{
    "forgetting": 51.27777777777778,
    "learning_success": 53.55,
    "retention_ratio": 0.13818860877684408,
    "stability_gap": 9.035555555555554,
    "peak_drop": 13.188888888888888,
    "first_drop": 11.88888888888889,
    "last_drop": 10.622222222222222,
    "recovery_time_median": 532.0,
    "recovery_rate": 0.5333333333333333,
    "recovery_window": 5000,
    "recovery_scale": 0.8,
    "sg_window_steps": 100,
    "acc_bounds": [
        0.0,
        100.0
    ],
    "acc_auc_norm_mean": 17.27904694683461,
    "acc_auc_ratio_01_mean": 0.17279046946834611,
    "per_task_metrics": {
        "0": {
            "peak_drop": [
                43.5,
                20.75,
                7.0,
                12.75,
                8.5,
                4.5,
                12.0,
                4.0,
                2.5
            ],
            "recovery_time": [
                5000,
                5000,
                200,
                532,
                200,
                200,
                5000,
                228,
                200
            ],
            "sg_area": [
                24.32,
                12.73,
                5.32,
                8.36,
                3.23,
                2.66,
                9.12,
                1.9,
                1.14
            ],
            "first_drop": [
                32.0,
                16.75,
                7.0,
                11.0,
                4.25,
                3.5,
                12.0,
                2.5,
                1.5
            ],
            "last_drop": [
                27.75,
                16.5,
                0.0,
                4.25,
                2.75,
                0.0,
                9.0,
                0.0,
                0.5
            ],
            "acc_auc": 123986.0,
            "acc_auc_norm": 16.47873471557682,
            "acc_auc_ratio_01": 0.1647873471557682
        },
        "1": {
            "peak_drop": [
                40.0,
                5.25,
                1.5,
                1.0,
                0.0,
                0.75,
                0.0,
                0.0
            ],
            "recovery_time": [
                5000,
                5000,
                228,
                152,
                5000,
                5000,
                5000,
                5000
            ],
            "sg_area": [
                30.4,
                3.99,
                1.14,
                0.38,
                0.0,
                0.57,
                0.0,
                0.0
            ],
            "first_drop": [
                40.0,
                5.25,
                1.5,
                0.5,
                0.0,
                0.75,
                0.0,
                0.0
            ],
            "last_drop": [
                35.25,
                4.0,
                0.5,
                1.0,
                0.0,
                0.75,
                0.0,
                0.0
            ],
            "acc_auc": 33462.0,
            "acc_auc_norm": 4.947072738024837,
            "acc_auc_ratio_01": 0.049470727380248374
        },
        "2": {
            "peak_drop": [
                47.75,
                7.5,
                3.5,
                3.25,
                6.0,
                2.25,
                4.0
            ],
            "recovery_time": [
                5000,
                760,
                76,
                152,
                304,
                76,
                76
            ],
            "sg_area": [
                33.06,
                5.13,
                0.0,
                2.47,
                4.56,
                0.0,
                0.0
            ],
            "first_drop": [
                43.5,
                6.75,
                0.0,
                3.25,
                6.0,
                0.0,
                0.0
            ],
            "last_drop": [
                41.75,
                0.75,
                0.0,
                1.5,
                2.0,
                0.25,
                0.75
            ],
            "acc_auc": 60019.0,
            "acc_auc_norm": 9.996502331778814,
            "acc_auc_ratio_01": 0.09996502331778814
        },
        "3": {
            "peak_drop": [
                46.0,
                0.0,
                5.5,
                0.5,
                0.5,
                0.0
            ],
            "recovery_time": [
                5000,
                76,
                5000,
                304,
                76,
                5000
            ],
            "sg_area": [
                33.63,
                0.0,
                2.85,
                0.38,
                0.0,
                0.0
            ],
            "first_drop": [
                44.25,
                0.0,
                3.75,
                0.5,
                0.0,
                0.0
            ],
            "last_drop": [
                45.5,
                0.0,
                5.0,
                0.0,
                0.5,
                0.0
            ],
            "acc_auc": 36146.0,
            "acc_auc_norm": 6.892829900839054,
            "acc_auc_ratio_01": 0.06892829900839054
        },
        "4": {
            "peak_drop": [
                54.5,
                3.5,
                1.75,
                1.0,
                2.75
            ],
            "recovery_time": [
                5000,
                5000,
                380,
                200,
                380
            ],
            "sg_area": [
                40.28,
                1.33,
                0.76,
                0.38,
                2.09
            ],
            "first_drop": [
                53.0,
                1.75,
                1.0,
                0.5,
                2.75
            ],
            "last_drop": [
                50.75,
                2.5,
                0.75,
                0.0,
                0.5
            ],
            "acc_auc": 44252.0,
            "acc_auc_norm": 9.868867082961641,
            "acc_auc_ratio_01": 0.09868867082961641
        },
        "5": {
            "peak_drop": [
                60.25,
                2.5,
                5.5,
                0.5
            ],
            "recovery_time": [
                5000,
                200,
                5000,
                76
            ],
            "sg_area": [
                43.13,
                1.9,
                3.99,
                0.0
            ],
            "first_drop": [
                56.75,
                2.5,
                5.25,
                0.0
            ],
            "last_drop": [
                57.0,
                0.0,
                5.0,
                0.5
            ],
            "acc_auc": 46417.0,
            "acc_auc_norm": 12.464285714285714,
            "acc_auc_ratio_01": 0.12464285714285714
        },
        "6": {
            "peak_drop": [
                54.0,
                0.0,
                2.0
            ],
            "recovery_time": [
                5000,
                76,
                76
            ],
            "sg_area": [
                41.04,
                0.0,
                0.38
            ],
            "first_drop": [
                54.0,
                0.0,
                0.5
            ],
            "last_drop": [
                53.5,
                0.0,
                1.25
            ],
            "acc_auc": 41595.0,
            "acc_auc_norm": 14.0334008097166,
            "acc_auc_ratio_01": 0.140334008097166
        },
        "7": {
            "peak_drop": [
                54.5,
                7.75
            ],
            "recovery_time": [
                5000,
                5000
            ],
            "sg_area": [
                38.57,
                5.7
            ],