{
    "forgetting": 55.25,
    "learning_success": 66.125,
    "retention_ratio": 0.24801512287334593,
    "stability_gap": 15.305555555555555,
    "peak_drop": 22.711111111111112,
    "first_drop": 20.13888888888889,
    "last_drop": 11.855555555555556,
    "recovery_time_median": 760.0,
    "recovery_rate": 0.5555555555555556,
    "recovery_window": 5000,
    "recovery_scale": 0.8,
    "sg_window_steps": 100,
    "acc_bounds": [
        0.0,
        100.0
    ],
    "acc_auc_norm_mean": 21.64762735095794,
    "acc_auc_ratio_01_mean": 0.21647627350957938,
    "per_task_metrics": {
        "0": {
            "peak_drop": [
                50.0,
                28.0,
                16.25,
                22.5,
                19.5,
                11.25,
                14.75,
                9.5,
                10.5
            ],
            "recovery_time": [
                5000,
                5000,
                400,
                760,
                5000,
                304,
                600,
                400,
                200
            ],
            "sg_area": [
                32.49,
                21.09,
                12.35,
                10.26,
                14.25,
                4.18,
                10.45,
                6.84,
                7.98
            ],
            "first_drop": [
                42.75,
                27.75,
                16.25,
                13.5,
                18.75,
                5.5,
                13.75,
                9.0,
                10.5
            ],
            "last_drop": [
                28.25,
                11.25,
                0.0,
                2.0,
                9.5,
                0.0,
                4.25,
                0.0,
                0.0
            ],
            "acc_auc": 114586.0,
            "acc_auc_norm": 15.229399255715045,
            "acc_auc_ratio_01": 0.15229399255715045
        },
        "1": {
            "peak_drop": [
                48.5,
                17.0,
                6.75,
                8.75,
                4.0,
                9.25,
                7.75,
                5.5
            ],
            "recovery_time": [
                5000,
                5000,
                532,
                5000,
                76,
                684,
                5000,
                152
            ],
            "sg_area": [
                31.92,
                12.16,
                4.56,
                3.99,
                0.0,
                3.61,
                5.13,
                2.47
            ],
            "first_drop": [
                42.0,
                16.0,
                6.0,
                5.25,
                0.0,
                4.75,
                6.75,
                3.25
            ],
            "last_drop": [
                32.0,
                10.25,
                0.0,
                4.5,
                0.0,
                2.0,
                2.25,
                0.0
            ],
            "acc_auc": 61079.0,
            "acc_auc_norm": 9.030011827321111,
            "acc_auc_ratio_01": 0.0903001182732111
        },
        "2": {
            "peak_drop": [
                58.25,
                21.75,
                12.5,
                15.0,
                16.25,
                10.0,
                12.25
            ],
            "recovery_time": [
                5000,
                5000,
                456,
                684,
                5000,
                228,
                608
            ],
            "sg_area": [
                37.05,
                14.82,
                5.13,
                8.36,
                12.35,
                5.32,
                8.36
            ],
            "first_drop": [
                48.75,
                19.5,
                6.75,
                11.0,
                16.25,
                7.0,
                11.0
            ],
            "last_drop": [
                40.25,
                7.5,
                0.0,
                0.0,
                6.25,
                0.0,
                0.0
            ],
            "acc_auc": 81934.0,
            "acc_auc_norm": 13.646568954030647,
            "acc_auc_ratio_01": 0.13646568954030647
        },
        "3": {
            "peak_drop": [
                62.0,
                6.0,
                6.5,
                7.5,
                6.5,
                10.75
            ],
            "recovery_time": [
                5000,
                684,
                608,
                760,
                600,
                5000
            ],
            "sg_area": [
                45.98,
                1.9,
                4.75,
                5.32,
                3.99,
                7.98
            ],
            "first_drop": [
                60.5,
                2.5,
                6.25,
                7.0,
                5.25,
                10.5
            ],
            "last_drop": [
                54.75,
                0.75,
                0.0,
                1.0,
                0.0,
                7.0
            ],
            "acc_auc": 50360.0,
            "acc_auc_norm": 9.603356216628528,
            "acc_auc_ratio_01": 0.09603356216628528
        },
        "4": {
            "peak_drop": [
                65.5,
                11.75,
                14.25,
                13.0,
                10.0
            ],
            "recovery_time": [
                5000,
                532,
                600,
                760,
                532
            ],
            "sg_area": [
                49.78,
                7.03,
                10.45,
                7.79,
                7.6
            ],
            "first_drop": [
                65.5,
                9.25,
                13.75,
                10.25,
                10.0
            ],
            "last_drop": [
                56.75,
                0.0,
                1.25,
                2.0,
                0.0
            ],
            "acc_auc": 66401.0,
            "acc_auc_norm": 14.80842997323818,
            "acc_auc_ratio_01": 0.1480842997323818
        },
        "5": {
            "peak_drop": [
                69.25,
                19.5,
                16.5,
                13.25
            ],
            "recovery_time": [
                5000,
                600,
                600,
                5000
            ],
            "sg_area": [
                52.63,
                7.41,
                11.97,
                7.79
            ],
            "first_drop": [
                69.25,
                9.75,
                15.75,
                10.25
            ],
            "last_drop": [
                49.0,
                3.75,
                5.0,
                7.25
            ],
            "acc_auc": 72312.0,
            "acc_auc_norm": 19.41783029001074,
            "acc_auc_ratio_01": 0.1941783029001074
        },
        "6": {
            "peak_drop": [
                68.25,
                6.0,
                16.25
            ],
            "recovery_time": [
                5000,
                76,
                5000
            ],
            "sg_area": [
                49.59,
                1.52,
                11.78
            ],
            "first_drop": [
                65.25,
                2.0,
                15.5
            ],
            "last_drop": [
                58.25,
                0.0,
                3.75
            ],
            "acc_auc": 59854.0,
            "acc_auc_norm": 20.19365721997301,
            "acc_auc_ratio_01": 0.20193657219973007
        },
        "7": {
            "peak_drop": [
                68.0,
                22.5
            ],
            "recovery_time": [
                5000,
                5000
            ],