{
    "forgetting": 53.27777777777778,
    "learning_success": 72.275,
    "retention_ratio": 0.3365617433414043,
    "stability_gap": 18.953555555555553,
    "peak_drop": 27.144444444444446,
    "first_drop": 24.93888888888889,
    "last_drop": 11.816666666666666,
    "recovery_time_median": 600.0,
    "recovery_rate": 0.6222222222222222,
    "recovery_window": 5000,
    "recovery_scale": 0.8,
    "sg_window_steps": 100,
    "acc_bounds": [
        0.0,
        100.0
    ],
    "acc_auc_norm_mean": 29.01451264683094,
    "acc_auc_ratio_01_mean": 0.2901451264683094,
    "per_task_metrics": {
        "0": {
            "peak_drop": [
                50.0,
                28.75,
                15.5,
                18.5,
                18.0,
                9.75,
                11.0,
                11.75,
                8.25
            ],
            "recovery_time": [
                5000,
                5000,
                400,
                600,
                608,
                400,
                456,
                304,
                152
            ],
            "sg_area": [
                32.49,
                19.57,
                11.78,
                14.06,
                13.11,
                6.27,
                8.36,
                7.98,
                6.27
            ],
            "first_drop": [
                42.75,
                25.75,
                15.5,
                18.5,
                17.25,
                8.25,
                11.0,
                10.5,
                8.25
            ],
            "last_drop": [
                27.0,
                12.0,
                0.0,
                1.25,
                3.75,
                2.0,
                3.25,
                1.75,
                0.0
            ],
            "acc_auc": 137706.0,
            "acc_auc_norm": 18.302232854864435,
            "acc_auc_ratio_01": 0.18302232854864436
        },
        "1": {
            "peak_drop": [
                55.75,
                22.5,
                13.0,
                13.25,
                9.25,
                11.25,
                17.0,
                8.5
            ],
            "recovery_time": [
                5000,
                5000,
                400,
                380,
                76,
                304,
                5000,
                76
            ],
            "sg_area": [
                38.76,
                17.1,
                9.88,
                10.07,
                1.52,
                7.41,
                7.22,
                0.38
            ],
            "first_drop": [
                51.0,
                22.5,
                13.0,
                13.25,
                2.0,
                9.75,
                9.5,
                0.5
            ],
            "last_drop": [
                35.5,
                11.5,
                0.0,
                3.0,
                0.0,
                0.0,
                5.75,
                0.0
            ],
            "acc_auc": 102562.0,
            "acc_auc_norm": 15.162921348314606,
            "acc_auc_ratio_01": 0.15162921348314606
        },
        "2": {
            "peak_drop": [
                62.75,
                28.5,
                17.5,
                24.75,
                22.75,
                14.5,
                19.75
            ],
            "recovery_time": [
                5000,
                5000,
                152,
                760,
                456,
                380,
                532
            ],
            "sg_area": [
                40.85,
                21.66,
                9.69,
                18.81,
                17.29,
                8.36,
                13.87
            ],
            "first_drop": [
                53.75,
                28.5,
                12.75,
                24.75,
                22.75,
                11.0,
                18.25
            ],
            "last_drop": [
                37.25,
                7.25,
                0.0,
                6.25,
                4.0,
                0.0,
                0.0
            ],
            "acc_auc": 133608.0,
            "acc_auc_norm": 22.253164556962027,
            "acc_auc_ratio_01": 0.22253164556962027
        },
        "3": {
            "peak_drop": [
                69.0,
                17.25,
                15.75,
                16.25,
                10.5,
                18.25
            ],
            "recovery_time": [
                5000,
                608,
                532,
                600,
                400,
                5000
            ],
            "sg_area": [
                51.11,
                9.88,
                11.97,
                12.16,
                7.98,
                13.87
            ],
            "first_drop": [
                67.25,
                13.0,
                15.75,
                16.0,
                10.5,
                18.25
            ],
            "last_drop": [
                49.5,
                4.0,
                0.0,
                3.25,
                0.0,
                12.0
            ],
            "acc_auc": 84821.0,
            "acc_auc_norm": 16.174866514111365,
            "acc_auc_ratio_01": 0.16174866514111363
        },
        "4": {
            "peak_drop": [
                67.25,
                13.0,
                21.75,
                18.75,
                20.75
            ],
            "recovery_time": [
                5000,
                456,
                532,
                600,
                5000
            ],
            "sg_area": [
                51.11,
                7.41,
                16.53,
                8.17,
                15.77
            ],
            "first_drop": [
                67.25,
                9.75,
                21.75,
                10.75,
                20.75
            ],
            "last_drop": [
                52.0,
                0.0,
                2.25,
                0.0,
                6.25
            ],
            "acc_auc": 98690.0,
            "acc_auc_norm": 22.00936663693131,
            "acc_auc_ratio_01": 0.2200936663693131
        },
        "5": {
            "peak_drop": [
                71.0,
                25.75,
                21.5,
                22.75
            ],
            "recovery_time": [
                5000,
                600,
                400,
                5000
            ],
            "sg_area": [
                53.96,
                17.1,
                11.97,
                17.29
            ],
            "first_drop": [
                71.0,
                22.5,
                15.75,
                22.75
            ],
            "last_drop": [
                44.5,
                8.25,
                0.0,
                12.0
            ],
            "acc_auc": 99830.0,
            "acc_auc_norm": 26.80719656283566,
            "acc_auc_ratio_01": 0.2680719656283566
        },
        "6": {
            "peak_drop": [
                77.25,
                8.5,
                21.75
            ],
            "recovery_time": [
                5000,
                304,
                760
            ],
            "sg_area": [
                58.33,
                5.32,
                16.53
            ],
            "first_drop": [
                76.75,
                7.0,
                21.75
            ],
            "last_drop": [
                61.75,
                0.0,
                4.5
            ],
            "acc_auc": 79820.0,
            "acc_auc_norm": 26.92982456140351,
            "acc_auc_ratio_01": 0.2692982456140351
        },
        "7": {
            "peak_drop": [
                69.75,
                25.75
            ],
            "recovery_time": [
                5000,
                5000
            ],