{
    "forgetting": 52.25,
    "learning_success": 55.8,
    "retention_ratio": 0.15725806451612906,
    "stability_gap": 10.897555555555556,
    "peak_drop": 15.505555555555556,
    "first_drop": 14.338888888888889,
    "last_drop": 10.894444444444444,
    "recovery_time_median": 400.0,
    "recovery_rate": 0.6222222222222222,
    "recovery_window": 5000,
    "recovery_scale": 0.8,
    "sg_window_steps": 100,
    "acc_bounds": [
        0.0,
        100.0
    ],
    "acc_auc_norm_mean": 17.339477515613673,
    "acc_auc_ratio_01_mean": 0.17339477515613672,
    "per_task_metrics": {
        "0": {
            "peak_drop": [
                44.0,
                29.0,
                11.5,
                15.5,
                10.0,
                7.0,
                12.5,
                6.5,
                5.75
            ],
            "recovery_time": [
                5000,
                5000,
                200,
                304,
                684,
                200,
                5000,
                400,
                400
            ],
            "sg_area": [
                30.59,
                18.24,
                8.74,
                9.88,
                2.66,
                3.99,
                9.5,
                4.94,
                4.37
            ],
            "first_drop": [
                40.25,
                24.0,
                11.5,
                13.0,
                3.5,
                5.25,
                12.5,
                6.5,
                5.75
            ],
            "last_drop": [
                28.75,
                14.0,
                0.0,
                5.0,
                2.25,
                0.0,
                7.75,
                0.0,
                0.75
            ],
            "acc_auc": 114745.0,
            "acc_auc_norm": 15.25053163211058,
            "acc_auc_ratio_01": 0.15250531632110578
        },
        "1": {
            "peak_drop": [
                39.75,
                8.0,
                2.5,
                2.0,
                0.5,
                1.0,
                1.0,
                0.5
            ],
            "recovery_time": [
                5000,
                228,
                152,
                200,
                152,
                152,
                5000,
                76
            ],
            "sg_area": [
                30.21,
                4.18,
                1.9,
                0.76,
                0.19,
                0.76,
                0.76,
                0.0
            ],
            "first_drop": [
                39.75,
                5.5,
                2.5,
                1.0,
                0.25,
                1.0,
                1.0,
                0.0
            ],
            "last_drop": [
                33.0,
                6.25,
                0.5,
                1.5,
                0.0,
                0.0,
                0.5,
                0.0
            ],
            "acc_auc": 36182.0,
            "acc_auc_norm": 5.349201655824956,
            "acc_auc_ratio_01": 0.05349201655824956
        },
        "2": {
            "peak_drop": [
                48.25,
                10.5,
                6.5,
                9.25,
                7.0,
                7.25,
                6.0
            ],
            "recovery_time": [
                5000,
                5000,
                76,
                200,
                304,
                200,
                532
            ],
            "sg_area": [
                35.91,
                7.03,
                0.0,
                6.46,
                5.32,
                5.51,
                3.99
            ],
            "first_drop": [
                47.25,
                9.25,
                0.0,
                8.5,
                7.0,
                7.25,
                5.25
            ],
            "last_drop": [
                40.25,
                3.25,
                0.0,
                3.0,
                0.0,
                1.0,
                1.5
            ],
            "acc_auc": 60910.0,
            "acc_auc_norm": 10.144903397734844,
            "acc_auc_ratio_01": 0.10144903397734843
        },
        "3": {
            "peak_drop": [
                48.5,
                0.0,
                4.5,
                1.0,
                1.0,
                2.0
            ],
            "recovery_time": [
                5000,
                76,
                5000,
                228,
                200,
                5000
            ],
            "sg_area": [
                35.53,
                0.0,
                3.42,
                0.76,
                0.76,
                1.52
            ],
            "first_drop": [
                46.75,
                0.0,
                4.5,
                1.0,
                1.0,
                2.0
            ],
            "last_drop": [
                47.5,
                0.0,
                3.5,
                0.0,
                0.0,
                2.0
            ],
            "acc_auc": 36645.0,
            "acc_auc_norm": 6.987986270022883,
            "acc_auc_ratio_01": 0.06987986270022883
        },
        "4": {
            "peak_drop": [
                57.0,
                6.25,
                4.25,
                3.0,
                3.75
            ],
            "recovery_time": [
                5000,
                456,
                380,
                200,
                380
            ],
            "sg_area": [
                41.99,
                2.85,
                2.85,
                2.28,
                2.85
            ],
            "first_drop": [
                55.25,
                3.75,
                3.75,
                3.0,
                3.75
            ],
            "last_drop": [
                52.25,
                2.0,
                1.25,
                0.0,
                0.75
            ],
            "acc_auc": 48357.0,
            "acc_auc_norm": 10.784344335414808,
            "acc_auc_ratio_01": 0.10784344335414808
        },
        "5": {
            "peak_drop": [
                60.75,
                8.0,
                10.25,
                5.0
            ],
            "recovery_time": [
                5000,
                400,
                5000,
                200
            ],
            "sg_area": [
                46.17,
                5.13,
                5.51,
                3.8
            ],
            "first_drop": [
                60.75,
                6.75,
                7.25,
                5.0
            ],
            "last_drop": [
                54.0,
                0.0,
                5.25,
                3.5
            ],
            "acc_auc": 52238.0,
            "acc_auc_norm": 14.027389903329754,
            "acc_auc_ratio_01": 0.14027389903329754
        },
        "6": {
            "peak_drop": [
                56.75,
                0.0,
                8.25
            ],
            "recovery_time": [
                5000,
                76,
                228
            ],
            "sg_area": [
                41.42,
                0.0,
                6.27
            ],
            "first_drop": [
                54.5,
                0.0,
                8.25
            ],
            "last_drop": [
                55.0,
                0.0,
                3.0
            ],
            "acc_auc": 44362.0,
            "acc_auc_norm": 14.96693657219973,
            "acc_auc_ratio_01": 0.1496693657219973
        },
        "7": {
            "peak_drop": [
                58.25,
                11.5
            ],
            "recovery_time": [
                5000,
                5000
            ],
            "sg_area": [
                40.28,
                8.55
            ],