{
    "forgetting": 54.27777777777778,
    "learning_success": 74.2,
    "retention_ratio": 0.341644204851752,
    "stability_gap": 17.323777777777778,
    "peak_drop": 24.511111111111113,
    "first_drop": 22.794444444444444,
    "last_drop": 11.75,
    "recovery_time_median": 532.0,
    "recovery_rate": 0.6444444444444445,
    "recovery_window": 5000,
    "recovery_scale": 0.8,
    "sg_window_steps": 100,
    "acc_bounds": [
        0.0,
        100.0
    ],
    "acc_auc_norm_mean": 33.25724933838397,
    "acc_auc_ratio_01_mean": 0.33257249338383976,
    "per_task_metrics": {
        "0": {
            "peak_drop": [
                49.75,
                24.25,
                14.25,
                17.75,
                18.0,
                7.75,
                10.25,
                13.25,
                6.0
            ],
            "recovery_time": [
                5000,
                228,
                200,
                600,
                5000,
                76,
                76,
                380,
                152
            ],
            "sg_area": [
                33.44,
                17.48,
                10.83,
                9.88,
                12.54,
                2.47,
                1.14,
                10.07,
                4.56
            ],
            "first_drop": [
                44.0,
                23.0,
                14.25,
                13.0,
                16.5,
                3.25,
                1.5,
                13.25,
                6.0
            ],
            "last_drop": [
                30.75,
                7.5,
                0.0,
                0.0,
                8.0,
                0.25,
                2.25,
                2.5,
                0.0
            ],
            "acc_auc": 151508.0,
            "acc_auc_norm": 20.136629452418926,
            "acc_auc_ratio_01": 0.20136629452418928
        },
        "1": {
            "peak_drop": [
                54.0,
                25.0,
                14.25,
                12.75,
                5.0,
                13.75,
                15.0,
                4.75
            ],
            "recovery_time": [
                5000,
                5000,
                400,
                608,
                76,
                532,
                5000,
                76
            ],
            "sg_area": [
                40.66,
                16.72,
                10.83,
                9.69,
                0.38,
                8.74,
                9.12,
                1.33
            ],
            "first_drop": [
                53.5,
                22.0,
                14.25,
                12.75,
                0.5,
                11.5,
                12.0,
                1.75
            ],
            "last_drop": [
                33.75,
                9.75,
                0.5,
                3.0,
                0.0,
                1.0,
                7.5,
                0.0
            ],
            "acc_auc": 119392.0,
            "acc_auc_norm": 17.651094027202838,
            "acc_auc_ratio_01": 0.17651094027202838
        },
        "2": {
            "peak_drop": [
                54.25,
                25.75,
                5.75,
                21.75,
                15.75,
                11.75,
                12.5
            ],
            "recovery_time": [
                5000,
                5000,
                152,
                600,
                532,
                380,
                400
            ],
            "sg_area": [
                41.23,
                19.57,
                4.18,
                16.53,
                11.21,
                6.46,
                9.5
            ],
            "first_drop": [
                54.25,
                25.75,
                5.5,
                21.75,
                14.75,
                8.5,
                12.5
            ],
            "last_drop": [
                37.0,
                8.5,
                0.0,
                3.25,
                4.0,
                0.0,
                0.0
            ],
            "acc_auc": 159905.0,
            "acc_auc_norm": 26.633077948034643,
            "acc_auc_ratio_01": 0.26633077948034645
        },
        "3": {
            "peak_drop": [
                66.75,
                13.5,
                11.75,
                14.5,
                10.25,
                15.5
            ],
            "recovery_time": [
                5000,
                600,
                304,
                532,
                380,
                5000
            ],
            "sg_area": [
                50.16,
                8.55,
                8.93,
                9.69,
                6.46,
                10.45
            ],
            "first_drop": [
                66.0,
                11.25,
                11.75,
                12.75,
                8.5,
                13.75
            ],
            "last_drop": [
                48.25,
                5.0,
                0.0,
                2.5,
                0.0,
                10.5
            ],
            "acc_auc": 101675.0,
            "acc_auc_norm": 19.388825324180015,
            "acc_auc_ratio_01": 0.19388825324180015
        },
        "4": {
            "peak_drop": [
                68.75,
                11.5,
                15.0,
                16.75,
                15.5
            ],
            "recovery_time": [
                5000,
                200,
                380,
                400,
                532
            ],
            "sg_area": [
                52.06,
                8.36,
                11.4,
                8.93,
                9.69
            ],
            "first_drop": [
                68.5,
                11.0,
                15.0,
                11.75,
                12.75
            ],
            "last_drop": [
                54.5,
                0.0,
                0.75,
                0.0,
                2.75
            ],
            "acc_auc": 118013.0,
            "acc_auc_norm": 26.318688670829616,
            "acc_auc_ratio_01": 0.26318688670829615
        },
        "5": {
            "peak_drop": [
                67.75,
                20.5,
                18.5,
                18.25
            ],
            "recovery_time": [
                5000,
                532,
                532,
                5000
            ],
            "sg_area": [
                49.78,
                14.44,
                13.68,
                11.97
            ],
            "first_drop": [
                65.5,
                19.0,
                18.0,
                15.75
            ],
            "last_drop": [
                45.25,
                6.0,
                2.0,
                9.5
            ],
            "acc_auc": 115123.0,
            "acc_auc_norm": 30.913802363050483,
            "acc_auc_ratio_01": 0.3091380236305048
        },
        "6": {
            "peak_drop": [
                76.0,
                5.25,
                20.0
            ],
            "recovery_time": [
                5000,
                76,
                5000
            ],
            "sg_area": [
                57.76,
                2.85,
                15.2
            ],
            "first_drop": [
                76.0,
                3.75,
                20.0
            ],
            "last_drop": [
                59.75,
                0.0,
                6.0
            ],
            "acc_auc": 91709.0,
            "acc_auc_norm": 30.940958164642375,
            "acc_auc_ratio_01": 0.30940958164642374
        },
        "7": {
            "peak_drop": [
                65.25,
                19.0
            ],
            "recovery_time": [
                5000,
                600
            ],