{
    "forgetting": 42.02777777777778,
    "learning_success": 66.325,
    "retention_ratio": 0.42970222389747453,
    "stability_gap": 19.705111111111115,
    "peak_drop": 28.738888888888887,
    "first_drop": 25.927777777777777,
    "last_drop": 8.994444444444444,
    "recovery_time_median": 608.0,
    "recovery_rate": 0.7333333333333333,
    "recovery_window": 5000,
    "recovery_scale": 0.8,
    "sg_window_steps": 100,
    "acc_bounds": [
        0.0,
        100.0
    ],
    "acc_auc_norm_mean": 32.17680936772486,
    "acc_auc_ratio_01_mean": 0.32176809367724857,
    "per_task_metrics": {
        "0": {
            "peak_drop": [
                49.5,
                37.25,
                21.0,
                21.5,
                21.25,
                14.0,
                12.25,
                15.5,
                12.0
            ],
            "recovery_time": [
                5000,
                608,
                600,
                600,
                600,
                600,
                600,
                760,
                304
            ],
            "sg_area": [
                33.06,
                23.18,
                15.96,
                12.16,
                16.15,
                9.88,
                6.46,
                11.21,
                9.12
            ],
            "first_drop": [
                43.5,
                30.5,
                21.0,
                16.0,
                21.25,
                13.0,
                8.5,
                14.75,
                12.0
            ],
            "last_drop": [
                19.25,
                9.75,
                1.0,
                2.5,
                4.25,
                4.25,
                0.0,
                1.25,
                0.25
            ],
            "acc_auc": 158888.0,
            "acc_auc_norm": 21.117490696438065,
            "acc_auc_ratio_01": 0.21117490696438065
        },
        "1": {
            "peak_drop": [
                36.75,
                31.25,
                20.5,
                18.0,
                13.25,
                13.25,
                19.25,
                14.75
            ],
            "recovery_time": [
                684,
                5000,
                600,
                608,
                456,
                304,
                760,
                532
            ],
            "sg_area": [
                26.22,
                19.76,
                15.58,
                13.68,
                5.89,
                3.61,
                8.36,
                5.13
            ],
            "first_drop": [
                34.5,
                26.0,
                20.5,
                18.0,
                7.75,
                4.75,
                11.0,
                6.75
            ],
            "last_drop": [
                8.5,
                12.75,
                0.0,
                0.75,
                1.25,
                0.0,
                4.25,
                0.0
            ],
            "acc_auc": 119108.0,
            "acc_auc_norm": 17.609107037256063,
            "acc_auc_ratio_01": 0.17609107037256064
        },
        "2": {
            "peak_drop": [
                48.5,
                34.0,
                21.5,
                31.25,
                24.0,
                18.75,
                23.25
            ],
            "recovery_time": [
                5000,
                600,
                608,
                684,
                456,
                600,
                532
            ],
            "sg_area": [
                36.86,
                25.84,
                16.34,
                23.75,
                18.24,
                5.13,
                17.67
            ],
            "first_drop": [
                48.5,
                34.0,
                21.5,
                31.25,
                24.0,
                6.75,
                23.25
            ],
            "last_drop": [
                21.5,
                1.5,
                0.0,
                5.5,
                5.75,
                0.0,
                1.25
            ],
            "acc_auc": 162739.0,
            "acc_auc_norm": 27.105096602265156,
            "acc_auc_ratio_01": 0.27105096602265155
        },
        "3": {
            "peak_drop": [
                60.5,
                24.0,
                21.75,
                16.25,
                15.5,
                21.5
            ],
            "recovery_time": [
                5000,
                684,
                684,
                684,
                400,
                5000
            ],
            "sg_area": [
                45.41,
                14.82,
                16.53,
                11.97,
                11.78,
                13.87
            ],
            "first_drop": [
                59.75,
                19.5,
                21.75,
                15.75,
                15.5,
                18.25
            ],
            "last_drop": [
                33.0,
                4.0,
                4.25,
                1.25,
                0.0,
                9.75
            ],
            "acc_auc": 96420.0,
            "acc_auc_norm": 18.386727688787186,
            "acc_auc_ratio_01": 0.18386727688787186
        },
        "4": {
            "peak_drop": [
                59.75,
                19.25,
                25.0,
                25.25,
                20.5
            ],
            "recovery_time": [
                5000,
                228,
                532,
                760,
                684
            ],
            "sg_area": [
                44.27,
                11.21,
                14.44,
                10.45,
                15.58
            ],
            "first_drop": [
                58.25,
                14.75,
                19.0,
                13.75,
                20.5
            ],
            "last_drop": [
                40.25,
                0.0,
                0.0,
                3.75,
                4.5
            ],
            "acc_auc": 114938.0,
            "acc_auc_norm": 25.63291703835861,
            "acc_auc_ratio_01": 0.2563291703835861
        },
        "5": {
            "peak_drop": [
                65.75,
                30.5,
                22.0,
                26.0
            ],
            "recovery_time": [
                5000,
                600,
                600,
                5000
            ],
            "sg_area": [
                49.97,
                18.24,
                16.72,
                19.38
            ],
            "first_drop": [
                65.75,
                24.0,
                22.0,
                25.5
            ],
            "last_drop": [
                34.25,
                4.5,
                0.0,
                8.25
            ],
            "acc_auc": 112830.0,
            "acc_auc_norm": 30.298066595059076,
            "acc_auc_ratio_01": 0.30298066595059076
        },
        "6": {
            "peak_drop": [
                68.75,
                15.75,
                23.0
            ],
            "recovery_time": [
                5000,
                456,
                600
            ],
            "sg_area": [
                50.73,
                8.36,
                17.48
            ],
            "first_drop": [
                66.75,
                11.0,
                23.0
            ],
            "last_drop": [
                44.0,
                0.0,
                1.0
            ],
            "acc_auc": 90367.0,
            "acc_auc_norm": 30.488191632928476,
            "acc_auc_ratio_01": 0.30488191632928474
        },
        "7": {
            "peak_drop": [
                63.25,
                22.5
            ],
            "recovery_time": [
                5000,
                5000
            ],