{
    "forgetting": 42.19444444444444,
    "learning_success": 67.35,
    "retention_ratio": 0.4361544172234596,
    "stability_gap": 20.55377777777778,
    "peak_drop": 29.622222222222224,
    "first_drop": 27.044444444444444,
    "last_drop": 9.077777777777778,
    "recovery_time_median": 684.0,
    "recovery_rate": 0.6666666666666666,
    "recovery_window": 5000,
    "recovery_scale": 0.8,
    "sg_window_steps": 100,
    "acc_bounds": [
        0.0,
        100.0
    ],
    "acc_auc_norm_mean": 32.59711644666628,
    "acc_auc_ratio_01_mean": 0.3259711644666628,
    "per_task_metrics": {
        "0": {
            "peak_drop": [
                49.5,
                36.75,
                23.25,
                21.0,
                22.0,
                15.75,
                14.5,
                14.5,
                8.0
            ],
            "recovery_time": [
                5000,
                5000,
                608,
                600,
                600,
                600,
                600,
                760,
                228
            ],
            "sg_area": [
                33.06,
                26.41,
                17.67,
                14.06,
                15.58,
                11.97,
                3.99,
                11.02,
                6.08
            ],
            "first_drop": [
                43.5,
                34.75,
                23.25,
                18.5,
                20.5,
                15.75,
                5.25,
                14.5,
                8.0
            ],
            "last_drop": [
                16.5,
                10.5,
                3.5,
                2.5,
                4.5,
                2.75,
                0.25,
                3.75,
                0.0
            ],
            "acc_auc": 157029.0,
            "acc_auc_norm": 20.870414673046252,
            "acc_auc_ratio_01": 0.20870414673046253
        },
        "1": {
            "peak_drop": [
                42.5,
                34.5,
                23.0,
                16.75,
                15.25,
                12.5,
                19.5,
                15.5
            ],
            "recovery_time": [
                5000,
                5000,
                608,
                684,
                608,
                304,
                684,
                684
            ],
            "sg_area": [
                29.64,
                22.99,
                17.48,
                11.21,
                10.45,
                6.65,
                9.5,
                5.89
            ],
            "first_drop": [
                39.0,
                30.25,
                23.0,
                14.75,
                13.75,
                8.75,
                12.5,
                7.75
            ],
            "last_drop": [
                11.25,
                12.0,
                3.25,
                0.0,
                5.25,
                0.0,
                2.25,
                0.25
            ],
            "acc_auc": 120079.0,
            "acc_auc_norm": 17.752661147250148,
            "acc_auc_ratio_01": 0.17752661147250148
        },
        "2": {
            "peak_drop": [
                51.25,
                36.25,
                20.75,
                30.25,
                25.25,
                19.5,
                23.0
            ],
            "recovery_time": [
                5000,
                684,
                684,
                684,
                760,
                600,
                532
            ],
            "sg_area": [
                38.95,
                27.55,
                15.2,
                22.99,
                16.53,
                11.02,
                17.48
            ],
            "first_drop": [
                51.25,
                36.25,
                20.0,
                30.25,
                21.75,
                14.5,
                23.0
            ],
            "last_drop": [
                19.75,
                4.25,
                0.0,
                4.75,
                3.75,
                0.0,
                0.0
            ],
            "acc_auc": 166079.0,
            "acc_auc_norm": 27.661392405063292,
            "acc_auc_ratio_01": 0.2766139240506329
        },
        "3": {
            "peak_drop": [
                63.5,
                23.5,
                23.0,
                18.75,
                17.5,
                21.5
            ],
            "recovery_time": [
                5000,
                684,
                684,
                684,
                684,
                5000
            ],
            "sg_area": [
                48.26,
                14.82,
                17.48,
                14.25,
                13.3,
                14.25
            ],
            "first_drop": [
                63.5,
                19.5,
                23.0,
                18.75,
                17.5,
                18.75
            ],
            "last_drop": [
                34.25,
                4.5,
                3.25,
                0.0,
                0.5,
                8.0
            ],
            "acc_auc": 100860.0,
            "acc_auc_norm": 19.233409610983983,
            "acc_auc_ratio_01": 0.19233409610983984
        },
        "4": {
            "peak_drop": [
                63.25,
                18.0,
                24.75,
                29.0,
                20.75
            ],
            "recovery_time": [
                5000,
                228,
                600,
                760,
                600
            ],
            "sg_area": [
                44.46,
                12.16,
                14.25,
                14.25,
                12.54
            ],
            "first_drop": [
                58.5,
                16.0,
                18.75,
                18.75,
                16.5
            ],
            "last_drop": [
                40.75,
                0.0,
                0.0,
                4.75,
                5.5
            ],
            "acc_auc": 118597.0,
            "acc_auc_norm": 26.44892952720785,
            "acc_auc_ratio_01": 0.2644892952720785
        },
        "5": {
            "peak_drop": [
                65.0,
                32.25,
                23.25,
                27.75
            ],
            "recovery_time": [
                5000,
                5000,
                532,
                5000
            ],
            "sg_area": [
                49.4,
                20.71,
                17.67,
                19.38
            ],
            "first_drop": [
                65.0,
                27.25,
                23.25,
                25.5
            ],
            "last_drop": [
                32.5,
                9.25,
                0.0,
                11.25
            ],
            "acc_auc": 114641.0,
            "acc_auc_norm": 30.7843716433942,
            "acc_auc_ratio_01": 0.307843716433942
        },
        "6": {
            "peak_drop": [
                70.0,
                17.75,
                26.75
            ],
            "recovery_time": [
                5000,
                456,
                684
            ],
            "sg_area": [
                50.54,
                10.26,
                20.33
            ],
            "first_drop": [
                66.5,
                13.5,
                26.75
            ],
            "last_drop": [
                44.25,
                0.0,
                5.5
            ],
            "acc_auc": 92677.0,
            "acc_auc_norm": 31.267543859649123,
            "acc_auc_ratio_01": 0.3126754385964912
        },
        "7": {
            "peak_drop": [
                60.25,
                24.25
            ],
            "recovery_time": [
                5000,
                5000
            ],