{
    "forgetting": 39.611111111111114,
    "learning_success": 62.85,
    "retention_ratio": 0.4327764518695306,
    "stability_gap": 18.539777777777775,
    "peak_drop": 26.988888888888887,
    "first_drop": 24.394444444444446,
    "last_drop": 8.594444444444445,
    "recovery_time_median": 684.0,
    "recovery_rate": 0.7111111111111111,
    "recovery_window": 5000,
    "recovery_scale": 0.8,
    "sg_window_steps": 100,
    "acc_bounds": [
        0.0,
        100.0
    ],
    "acc_auc_norm_mean": 31.53552439214625,
    "acc_auc_ratio_01_mean": 0.3153552439214625,
    "per_task_metrics": {
        "0": {
            "peak_drop": [
                49.5,
                42.75,
                26.0,
                22.25,
                21.75,
                14.0,
                15.75,
                13.75,
                7.5
            ],
            "recovery_time": [
                5000,
                5000,
                600,
                600,
                600,
                684,
                600,
                760,
                152
            ],
            "sg_area": [
                33.06,
                29.26,
                16.72,
                16.15,
                15.39,
                8.36,
                9.5,
                9.12,
                5.7
            ],
            "first_drop": [
                43.5,
                38.5,
                22.0,
                21.25,
                20.25,
                11.0,
                12.5,
                12.0,
                7.5
            ],
            "last_drop": [
                13.75,
                13.0,
                2.75,
                2.25,
                5.25,
                2.0,
                3.0,
                3.25,
                0.0
            ],
            "acc_auc": 159709.0,
            "acc_auc_norm": 21.226608187134502,
            "acc_auc_ratio_01": 0.21226608187134502
        },
        "1": {
            "peak_drop": [
                29.75,
                31.0,
                22.5,
                21.25,
                14.0,
                9.0,
                16.0,
                13.75
            ],
            "recovery_time": [
                608,
                608,
                600,
                684,
                600,
                304,
                760,
                152
            ],
            "sg_area": [
                20.14,
                20.14,
                17.1,
                16.15,
                8.55,
                3.04,
                8.55,
                3.42
            ],
            "first_drop": [
                26.5,
                26.5,
                22.5,
                21.25,
                11.25,
                4.0,
                11.25,
                4.5
            ],
            "last_drop": [
                1.25,
                9.0,
                0.0,
                1.0,
                5.25,
                0.0,
                2.75,
                0.0
            ],
            "acc_auc": 117905.0,
            "acc_auc_norm": 17.431253696037846,
            "acc_auc_ratio_01": 0.17431253696037846
        },
        "2": {
            "peak_drop": [
                42.5,
                31.75,
                20.5,
                29.0,
                22.25,
                13.5,
                16.0
            ],
            "recovery_time": [
                5000,
                600,
                684,
                760,
                5000,
                380,
                532
            ],
            "sg_area": [
                30.59,
                24.13,
                11.02,
                22.04,
                16.91,
                6.27,
                12.16
            ],
            "first_drop": [
                40.25,
                31.75,
                14.5,
                29.0,
                22.25,
                8.25,
                16.0
            ],
            "last_drop": [
                17.5,
                0.0,
                0.0,
                3.5,
                8.25,
                0.0,
                0.0
            ],
            "acc_auc": 159517.0,
            "acc_auc_norm": 26.568454363757496,
            "acc_auc_ratio_01": 0.265684543637575
        },
        "3": {
            "peak_drop": [
                53.0,
                19.25,
                24.5,
                17.0,
                11.75,
                18.75
            ],
            "recovery_time": [
                5000,
                684,
                760,
                684,
                380,
                5000
            ],
            "sg_area": [
                39.71,
                12.73,
                18.62,
                11.21,
                8.93,
                13.87
            ],
            "first_drop": [
                52.25,
                16.75,
                24.5,
                14.75,
                11.75,
                18.25
            ],
            "last_drop": [
                30.25,
                0.0,
                5.25,
                4.5,
                0.0,
                7.5
            ],
            "acc_auc": 93036.0,
            "acc_auc_norm": 17.74141876430206,
            "acc_auc_ratio_01": 0.1774141876430206
        },
        "4": {
            "peak_drop": [
                56.25,
                20.25,
                23.5,
                22.5,
                19.0
            ],
            "recovery_time": [
                5000,
                456,
                600,
                760,
                608
            ],
            "sg_area": [
                41.61,
                10.83,
                15.2,
                7.6,
                14.44
            ],
            "first_drop": [
                54.75,
                14.25,
                20.0,
                10.0,
                19.0
            ],
            "last_drop": [
                38.25,
                0.0,
                0.0,
                3.25,
                2.0
            ],
            "acc_auc": 112309.0,
            "acc_auc_norm": 25.046610169491526,
            "acc_auc_ratio_01": 0.25046610169491523
        },
        "5": {
            "peak_drop": [
                62.5,
                24.0,
                16.0,
                24.25
            ],
            "recovery_time": [
                5000,
                456,
                400,
                5000
            ],
            "sg_area": [
                47.5,
                13.87,
                12.16,
                17.48
            ],
            "first_drop": [
                62.5,
                18.25,
                16.0,
                23.0
            ],
            "last_drop": [
                36.0,
                5.5,
                0.0,
                9.5
            ],
            "acc_auc": 108144.0,
            "acc_auc_norm": 29.039742212674543,
            "acc_auc_ratio_01": 0.2903974221267454
        },
        "6": {
            "peak_drop": [
                63.75,
                15.5,
                19.25
            ],
            "recovery_time": [
                5000,
                456,
                684
            ],
            "sg_area": [
                48.45,
                8.93,
                14.63
            ],
            "first_drop": [
                63.75,
                11.75,
                19.25
            ],
            "last_drop": [
                40.0,
                0.0,
                0.5
            ],
            "acc_auc": 88771.0,
            "acc_auc_norm": 29.949730094466936,
            "acc_auc_ratio_01": 0.29949730094466936
        },
        "7": {
            "peak_drop": [
                64.75,
                21.5
            ],
            "recovery_time": [
                5000,
                5000
            ],