{
    "forgetting": 39.611111111111114,
    "learning_success": 61.725,
    "retention_ratio": 0.4224382341028756,
    "stability_gap": 18.282222222222227,
    "peak_drop": 26.9,
    "first_drop": 24.055555555555557,
    "last_drop": 8.527777777777779,
    "recovery_time_median": 608.0,
    "recovery_rate": 0.7777777777777778,
    "recovery_window": 5000,
    "recovery_scale": 0.8,
    "sg_window_steps": 100,
    "acc_bounds": [
        0.0,
        100.0
    ],
    "acc_auc_norm_mean": 31.352446799178853,
    "acc_auc_ratio_01_mean": 0.3135244679917885,
    "per_task_metrics": {
        "0": {
            "peak_drop": [
                49.5,
                45.75,
                24.25,
                24.75,
                21.25,
                15.25,
                13.5,
                12.75,
                9.25
            ],
            "recovery_time": [
                760,
                5000,
                600,
                600,
                600,
                456,
                456,
                684,
                152
            ],
            "sg_area": [
                33.06,
                29.64,
                17.29,
                18.81,
                16.15,
                7.03,
                6.65,
                9.31,
                7.03
            ],
            "first_drop": [
                43.5,
                39.0,
                22.75,
                24.75,
                21.25,
                9.25,
                8.75,
                12.25,
                9.25
            ],
            "last_drop": [
                11.5,
                15.0,
                2.0,
                3.75,
                5.5,
                3.5,
                1.0,
                1.75,
                0.75
            ],
            "acc_auc": 162487.0,
            "acc_auc_norm": 21.59582668793195,
            "acc_auc_ratio_01": 0.21595826687931952
        },
        "1": {
            "peak_drop": [
                26.75,
                29.5,
                22.75,
                18.0,
                11.5,
                11.5,
                17.75,
                11.0
            ],
            "recovery_time": [
                600,
                600,
                600,
                684,
                400,
                76,
                760,
                152
            ],
            "sg_area": [
                19.76,
                20.14,
                17.29,
                13.68,
                7.03,
                1.33,
                8.36,
                3.8
            ],
            "first_drop": [
                26.0,
                26.5,
                22.75,
                18.0,
                9.25,
                1.75,
                11.0,
                5.0
            ],
            "last_drop": [
                0.25,
                8.0,
                2.5,
                0.0,
                4.5,
                0.0,
                3.75,
                0.0
            ],
            "acc_auc": 117495.0,
            "acc_auc_norm": 17.370638675340036,
            "acc_auc_ratio_01": 0.17370638675340036
        },
        "2": {
            "peak_drop": [
                42.75,
                33.75,
                20.75,
                28.5,
                21.5,
                17.25,
                16.5
            ],
            "recovery_time": [
                5000,
                600,
                684,
                760,
                684,
                380,
                532
            ],
            "sg_area": [
                30.02,
                25.65,
                11.97,
                21.66,
                14.82,
                6.84,
                12.54
            ],
            "first_drop": [
                39.5,
                33.75,
                15.75,
                28.5,
                19.5,
                9.0,
                16.5
            ],
            "last_drop": [
                13.0,
                1.0,
                0.0,
                7.0,
                5.25,
                0.0,
                0.0
            ],
            "acc_auc": 157712.0,
            "acc_auc_norm": 26.26782145236509,
            "acc_auc_ratio_01": 0.2626782145236509
        },
        "3": {
            "peak_drop": [
                52.0,
                20.5,
                22.0,
                15.75,
                11.0,
                19.75
            ],
            "recovery_time": [
                5000,
                684,
                760,
                684,
                380,
                5000
            ],
            "sg_area": [
                38.38,
                13.11,
                16.72,
                10.64,
                8.36,
                14.06
            ],
            "first_drop": [
                50.5,
                17.25,
                22.0,
                14.0,
                11.0,
                18.5
            ],
            "last_drop": [
                27.5,
                1.0,
                4.5,
                4.75,
                0.0,
                11.5
            ],
            "acc_auc": 91946.0,
            "acc_auc_norm": 17.53356216628528,
            "acc_auc_ratio_01": 0.1753356216628528
        },
        "4": {
            "peak_drop": [
                57.75,
                22.0,
                21.0,
                23.75,
                17.75
            ],
            "recovery_time": [
                5000,
                600,
                600,
                608,
                608
            ],
            "sg_area": [
                43.32,
                11.21,
                12.35,
                9.5,
                13.49
            ],
            "first_drop": [
                57.0,
                14.75,
                16.25,
                12.5,
                17.75
            ],
            "last_drop": [
                37.5,
                2.0,
                0.0,
                4.25,
                3.75
            ],
            "acc_auc": 111342.0,
            "acc_auc_norm": 24.830954504906334,
            "acc_auc_ratio_01": 0.24830954504906333
        },
        "5": {
            "peak_drop": [
                61.75,
                24.5,
                19.5,
                24.0
            ],
            "recovery_time": [
                5000,
                600,
                532,
                684
            ],
            "sg_area": [
                46.74,
                15.01,
                13.3,
                18.24
            ],
            "first_drop": [
                61.5,
                19.75,
                17.5,
                24.0
            ],
            "last_drop": [
                33.5,
                3.75,
                0.0,
                9.75
            ],
            "acc_auc": 109037.0,
            "acc_auc_norm": 29.27953813104189,
            "acc_auc_ratio_01": 0.2927953813104189
        },
        "6": {
            "peak_drop": [
                66.5,
                11.75,
                20.0
            ],
            "recovery_time": [
                5000,
                228,
                684
            ],
            "sg_area": [
                50.54,
                4.37,
                15.2
            ],
            "first_drop": [
                66.5,
                5.75,
                20.0
            ],
            "last_drop": [
                44.5,
                0.0,
                1.5
            ],
            "acc_auc": 87657.0,
            "acc_auc_norm": 29.573886639676115,
            "acc_auc_ratio_01": 0.29573886639676117
        },
        "7": {
            "peak_drop": [
                64.25,
                20.25
            ],
            "recovery_time": [
                5000,
                5000
            ],