{
    "forgetting": 55.05555555555556,
    "learning_success": 74.0,
    "retention_ratio": 0.3304054054054054,
    "stability_gap": 0.0,
    "peak_drop": 16.41111111111111,
    "first_drop": 12.25,
    "last_drop": 11.45,
    "recovery_time_median": 250.0,
    "recovery_rate": 0.8,
    "recovery_window": 5000,
    "recovery_scale": 0.8,
    "sg_window_steps": 100,
    "acc_bounds": [
        0.0,
        100.0
    ],
    "acc_auc_norm_mean": 35.23959459260016,
    "acc_auc_ratio_01_mean": 0.35239594592600165,
    "per_task_metrics": {
        "0": {
            "peak_drop": [
                44.75,
                3.75,
                3.5,
                3.5,
                5.25,
                0.25,
                2.5,
                6.25,
                2.75
            ],
            "recovery_time": [
                5000,
                125,
                125,
                125,
                125,
                125,
                200,
                400,
                125
            ],
            "sg_area": [
                0.0,
                0.0,
                0.0,
                0.0,
                0.0,
                0.0,
                0.0,
                0.0,
                0.0
            ],
            "first_drop": [
                27.0,
                0.25,
                0.0,
                0.75,
                0.0,
                0.0,
                2.5,
                4.25,
                0.0
            ],
            "last_drop": [
                43.5,
                1.5,
                2.5,
                1.25,
                3.25,
                0.0,
                0.0,
                2.25,
                0.0
            ],
            "acc_auc": 216725.0,
            "acc_auc_norm": 17.513131313131314,
            "acc_auc_ratio_01": 0.17513131313131314
        },
        "1": {
            "peak_drop": [
                43.75,
                10.25,
                4.75,
                5.75,
                5.5,
                4.5,
                5.0,
                0.75
            ],
            "recovery_time": [
                5000,
                250,
                250,
                250,
                125,
                200,
                125,
                125
            ],
            "sg_area": [
                0.0,
                0.0,
                0.0,
                0.0,
                0.0,
                0.0,
                0.0,
                0.0
            ],
            "first_drop": [
                41.75,
                4.0,
                3.0,
                5.75,
                2.0,
                4.5,
                0.75,
                0.25
            ],
            "last_drop": [
                43.25,
                7.75,
                1.75,
                0.0,
                0.0,
                0.0,
                3.75,
                0.0
            ],
            "acc_auc": 170962.5,
            "acc_auc_norm": 15.367415730337079,
            "acc_auc_ratio_01": 0.15367415730337078
        },
        "2": {
            "peak_drop": [
                48.75,
                12.0,
                7.25,
                14.0,
                4.75,
                9.75,
                1.0
            ],
            "recovery_time": [
                5000,
                125,
                125,
                250,
                125,
                125,
                125
            ],
            "sg_area": [
                0.0,
                0.0,
                0.0,
                0.0,
                0.0,
                0.0,
                0.0
            ],
            "first_drop": [
                38.5,
                2.25,
                0.0,
                11.0,
                2.0,
                1.5,
                0.0
            ],
            "last_drop": [
                43.25,
                9.25,
                0.0,
                8.75,
                0.75,
                2.75,
                0.0
            ],
            "acc_auc": 252231.25,
            "acc_auc_norm": 25.542405063291138,
            "acc_auc_ratio_01": 0.2554240506329114
        },
        "3": {
            "peak_drop": [
                53.0,
                12.5,
                9.0,
                7.25,
                3.5,
                6.75
            ],
            "recovery_time": [
                5000,
                375,
                750,
                200,
                125,
                200
            ],
            "sg_area": [
                0.0,
                0.0,
                0.0,
                0.0,
                0.0,
                0.0
            ],
            "first_drop": [
                46.25,
                12.5,
                4.5,
                4.5,
                2.0,
                4.0
            ],
            "last_drop": [
                47.75,
                4.0,
                4.5,
                3.0,
                0.25,
                3.75
            ],
            "acc_auc": 169675.0,
            "acc_auc_norm": 19.672463768115943,
            "acc_auc_ratio_01": 0.19672463768115944
        },
        "4": {
            "peak_drop": [
                61.5,
                15.25,
                7.75,
                11.0,
                8.5
            ],
            "recovery_time": [
                5000,
                125,
                375,
                500,
                375
            ],
            "sg_area": [
                0.0,
                0.0,
                0.0,
                0.0,
                0.0
            ],
            "first_drop": [
                61.5,
                5.0,
                7.75,
                7.0,
                4.75
            ],
            "last_drop": [
                48.25,
                5.5,
                4.25,
                1.25,
                4.5
            ],
            "acc_auc": 213881.25,
            "acc_auc_norm": 29.000847457627117,
            "acc_auc_ratio_01": 0.29000847457627116
        },
        "5": {
            "peak_drop": [
                44.25,
                23.5,
                15.0,
                14.75
            ],
            "recovery_time": [
                5000,
                1000,
                125,
                400
            ],
            "sg_area": [
                0.0,
                0.0,
                0.0,
                0.0
            ],
            "first_drop": [
                37.25,
                11.0,
                3.75,
                9.0
            ],
            "last_drop": [
                34.75,
                9.25,
                6.25,
                8.25
            ],
            "acc_auc": 228575.0,
            "acc_auc_norm": 37.31836734693878,
            "acc_auc_ratio_01": 0.3731836734693878
        },
        "6": {
            "peak_drop": [
                53.75,
                3.25,
                13.25
            ],
            "recovery_time": [
                5000,
                125,
                250
            ],
            "sg_area": [
                0.0,
                0.0,
                0.0
            ],
            "first_drop": [
                50.75,
                2.0,
                10.25
            ],
            "last_drop": [
                47.25,
                0.0,
                8.25
            ],
            "acc_auc": 183212.5,
            "acc_auc_norm": 37.58205128205128,
            "acc_auc_ratio_01": 0.3758205128205128
        },
        "7": {
            "peak_drop": [
                47.5,
                19.25
            ],
            "recovery_time": [
                5000,
                1125
            ],
            "sg_area": [
                0.0,
                0.0
            ],
            "first_drop": [
                42.5,
                16.0
            ],