{
    "forgetting": 60.916666666666664,
    "learning_success": 73.95,
    "retention_ratio": 0.25862068965517243,
    "stability_gap": 0.0,
    "peak_drop": 13.983333333333333,
    "first_drop": 6.683333333333334,
    "last_drop": 12.644444444444444,
    "recovery_time_median": 200.0,
    "recovery_rate": 0.8,
    "recovery_window": 5000,
    "recovery_scale": 0.8,
    "sg_window_steps": 100,
    "acc_bounds": [
        0.0,
        100.0
    ],
    "acc_auc_norm_mean": 33.58220212060317,
    "acc_auc_ratio_01_mean": 0.3358220212060317,
    "per_task_metrics": {
        "0": {
            "peak_drop": [
                46.0,
                3.75,
                0.0,
                3.75,
                6.5,
                0.0,
                0.0,
                5.25,
                3.25
            ],
            "recovery_time": [
                5000,
                200,
                200,
                200,
                200,
                200,
                200,
                333,
                200
            ],
            "sg_area": [
                0.0,
                0.0,
                0.0,
                0.0,
                0.0,
                0.0,
                0.0,
                0.0,
                0.0
            ],
            "first_drop": [
                12.5,
                0.0,
                0.0,
                0.75,
                0.75,
                0.0,
                0.0,
                2.5,
                0.0
            ],
            "last_drop": [
                44.75,
                2.0,
                0.0,
                3.0,
                6.5,
                0.0,
                0.0,
                3.0,
                0.0
            ],
            "acc_auc": 494695.75,
            "acc_auc_norm": 14.945490936555892,
            "acc_auc_ratio_01": 0.1494549093655589
        },
        "1": {
            "peak_drop": [
                51.0,
                9.25,
                0.0,
                0.25,
                2.5,
                0.5,
                3.75,
                1.5
            ],
            "recovery_time": [
                5000,
                200,
                200,
                200,
                200,
                200,
                200,
                333
            ],
            "sg_area": [
                0.0,
                0.0,
                0.0,
                0.0,
                0.0,
                0.0,
                0.0,
                0.0
            ],
            "first_drop": [
                22.75,
                0.0,
                0.0,
                0.0,
                0.5,
                0.0,
                0.0,
                1.5
            ],
            "last_drop": [
                50.75,
                9.25,
                0.0,
                0.0,
                1.25,
                0.0,
                2.25,
                1.25
            ],
            "acc_auc": 356339.5,
            "acc_auc_norm": 11.969751427611689,
            "acc_auc_ratio_01": 0.11969751427611688
        },
        "2": {
            "peak_drop": [
                43.5,
                15.75,
                0.0,
                9.5,
                4.0,
                1.75,
                3.5
            ],
            "recovery_time": [
                5000,
                200,
                200,
                200,
                200,
                200,
                200
            ],
            "sg_area": [
                0.0,
                0.0,
                0.0,
                0.0,
                0.0,
                0.0,
                0.0
            ],
            "first_drop": [
                24.5,
                0.25,
                0.0,
                3.25,
                3.25,
                0.0,
                0.0
            ],
            "last_drop": [
                41.75,
                15.75,
                0.0,
                7.5,
                1.0,
                0.0,
                2.25
            ],
            "acc_auc": 714935.75,
            "acc_auc_norm": 27.039930030257185,
            "acc_auc_ratio_01": 0.27039930030257187
        },
        "3": {
            "peak_drop": [
                51.25,
                9.0,
                3.5,
                1.5,
                2.75,
                3.0
            ],
            "recovery_time": [
                5000,
                200,
                200,
                200,
                200,
                200
            ],
            "sg_area": [
                0.0,
                0.0,
                0.0,
                0.0,
                0.0,
                0.0
            ],
            "first_drop": [
                30.75,
                2.0,
                0.0,
                0.0,
                0.5,
                0.0
            ],
            "last_drop": [
                49.75,
                9.0,
                3.5,
                0.0,
                1.25,
                2.0
            ],
            "acc_auc": 394003.25,
            "acc_auc_norm": 17.049037213327562,
            "acc_auc_ratio_01": 0.17049037213327561
        },
        "4": {
            "peak_drop": [
                55.25,
                9.5,
                2.75,
                4.0,
                4.75
            ],
            "recovery_time": [
                5000,
                200,
                200,
                200,
                200
            ],
            "sg_area": [
                0.0,
                0.0,
                0.0,
                0.0,
                0.0
            ],
            "first_drop": [
                25.0,
                0.0,
                0.0,
                2.5,
                0.0
            ],
            "last_drop": [
                53.0,
                8.75,
                0.0,
                0.5,
                3.25
            ],
            "acc_auc": 513226.5,
            "acc_auc_norm": 25.946739130434782,
            "acc_auc_ratio_01": 0.2594673913043478
        },
        "5": {
            "peak_drop": [
                41.75,
                13.5,
                14.5,
                9.0
            ],
            "recovery_time": [
                5000,
                333,
                400,
                333
            ],
            "sg_area": [
                0.0,
                0.0,
                0.0,
                0.0
            ],
            "first_drop": [
                20.75,
                11.25,
                11.25,
                9.0
            ],
            "last_drop": [
                40.5,
                5.0,
                13.75,
                6.75
            ],
            "acc_auc": 601301.0,
            "acc_auc_norm": 36.55325227963526,
            "acc_auc_ratio_01": 0.3655325227963526
        },
        "6": {
            "peak_drop": [
                60.5,
                0.5,
                7.5
            ],
            "recovery_time": [
                5000,
                200,
                333
            ],
            "sg_area": [
                0.0,
                0.0,
                0.0
            ],
            "first_drop": [
                32.5,
                0.0,
                4.5
            ],
            "last_drop": [
                59.0,
                0.0,
                6.5
            ],
            "acc_auc": 466066.25,
            "acc_auc_norm": 35.52334222560975,
            "acc_auc_ratio_01": 0.35523342225609755
        },
        "7": {
            "peak_drop": [
                45.25,
                16.25
            ],
            "recovery_time": [
                5000,
                400
            ],
            "sg_area": [
                0.0,
                0.0
            ],
            "first_drop": [
                30.5,
                10.5
            ],