{
    "forgetting": 55.75,
    "learning_success": 73.75,
    "retention_ratio": 0.31966101694915255,
    "stability_gap": 0.0,
    "peak_drop": 15.372222222222222,
    "first_drop": 10.666666666666666,
    "last_drop": 11.65,
    "recovery_time_median": 125.0,
    "recovery_rate": 0.7555555555555555,
    "recovery_window": 5000,
    "recovery_scale": 0.8,
    "sg_window_steps": 100,
    "acc_bounds": [
        0.0,
        100.0
    ],
    "acc_auc_norm_mean": 34.73938936073749,
    "acc_auc_ratio_01_mean": 0.3473938936073749,
    "per_task_metrics": {
        "0": {
            "peak_drop": [
                46.25,
                2.0,
                1.75,
                4.75,
                3.5,
                0.25,
                0.75,
                6.75,
                0.0
            ],
            "recovery_time": [
                5000,
                125,
                125,
                125,
                125,
                125,
                125,
                125,
                125
            ],
            "sg_area": [
                0.0,
                0.0,
                0.0,
                0.0,
                0.0,
                0.0,
                0.0,
                0.0,
                0.0
            ],
            "first_drop": [
                27.0,
                0.0,
                0.0,
                0.0,
                0.0,
                0.0,
                0.75,
                0.0,
                0.0
            ],
            "last_drop": [
                45.25,
                1.75,
                0.75,
                3.5,
                2.75,
                0.0,
                0.0,
                2.0,
                0.0
            ],
            "acc_auc": 211381.25,
            "acc_auc_norm": 17.08131313131313,
            "acc_auc_ratio_01": 0.1708131313131313
        },
        "1": {
            "peak_drop": [
                46.25,
                9.25,
                5.0,
                1.5,
                1.0,
                7.75,
                2.75,
                2.75
            ],
            "recovery_time": [
                5000,
                125,
                200,
                125,
                125,
                200,
                200,
                125
            ],
            "sg_area": [
                0.0,
                0.0,
                0.0,
                0.0,
                0.0,
                0.0,
                0.0,
                0.0
            ],
            "first_drop": [
                38.75,
                0.0,
                2.75,
                1.5,
                0.0,
                4.25,
                1.75,
                0.0
            ],
            "last_drop": [
                45.5,
                7.0,
                2.0,
                0.25,
                0.0,
                3.5,
                1.5,
                0.0
            ],
            "acc_auc": 163593.75,
            "acc_auc_norm": 14.705056179775282,
            "acc_auc_ratio_01": 0.1470505617977528
        },
        "2": {
            "peak_drop": [
                47.75,
                16.25,
                5.25,
                11.75,
                5.25,
                6.5,
                4.5
            ],
            "recovery_time": [
                5000,
                125,
                125,
                200,
                125,
                125,
                125
            ],
            "sg_area": [
                0.0,
                0.0,
                0.0,
                0.0,
                0.0,
                0.0,
                0.0
            ],
            "first_drop": [
                38.5,
                5.5,
                0.0,
                4.75,
                0.0,
                0.5,
                0.5
            ],
            "last_drop": [
                43.5,
                13.25,
                0.0,
                3.5,
                2.25,
                0.0,
                0.0
            ],
            "acc_auc": 255631.25,
            "acc_auc_norm": 25.886708860759494,
            "acc_auc_ratio_01": 0.25886708860759494
        },
        "3": {
            "peak_drop": [
                50.75,
                8.75,
                7.0,
                4.25,
                2.0,
                7.5
            ],
            "recovery_time": [
                5000,
                200,
                125,
                125,
                125,
                200
            ],
            "sg_area": [
                0.0,
                0.0,
                0.0,
                0.0,
                0.0,
                0.0
            ],
            "first_drop": [
                49.5,
                6.75,
                1.75,
                0.0,
                0.0,
                7.5
            ],
            "last_drop": [
                48.25,
                6.0,
                3.25,
                2.75,
                0.0,
                3.75
            ],
            "acc_auc": 167612.5,
            "acc_auc_norm": 19.433333333333334,
            "acc_auc_ratio_01": 0.19433333333333333
        },
        "4": {
            "peak_drop": [
                57.0,
                10.0,
                5.5,
                7.25,
                7.0
            ],
            "recovery_time": [
                5000,
                125,
                125,
                125,
                250
            ],
            "sg_area": [
                0.0,
                0.0,
                0.0,
                0.0,
                0.0
            ],
            "first_drop": [
                53.75,
                2.0,
                0.75,
                1.75,
                6.0
            ],
            "last_drop": [
                50.0,
                6.0,
                3.0,
                0.0,
                3.75
            ],
            "acc_auc": 207662.5,
            "acc_auc_norm": 28.15762711864407,
            "acc_auc_ratio_01": 0.2815762711864407
        },
        "5": {
            "peak_drop": [
                46.25,
                17.75,
                10.25,
                15.5
            ],
            "recovery_time": [
                5000,
                5000,
                125,
                125
            ],
            "sg_area": [
                0.0,
                0.0,
                0.0,
                0.0
            ],
            "first_drop": [
                35.5,
                11.75,
                0.25,
                2.25
            ],
            "last_drop": [
                39.0,
                12.5,
                1.5,
                11.0
            ],
            "acc_auc": 220856.25,
            "acc_auc_norm": 36.05816326530612,
            "acc_auc_ratio_01": 0.3605816326530612
        },
        "6": {
            "peak_drop": [
                56.0,
                4.75,
                9.5
            ],
            "recovery_time": [
                5000,
                125,
                375
            ],
            "sg_area": [
                0.0,
                0.0,
                0.0
            ],
            "first_drop": [
                50.0,
                0.25,
                9.5
            ],
            "last_drop": [
                50.25,
                0.0,
                4.5
            ],
            "acc_auc": 180268.75,
            "acc_auc_norm": 36.978205128205126,
            "acc_auc_ratio_01": 0.36978205128205127
        },
        "7": {
            "peak_drop": [
                46.25,
                21.5
            ],
            "recovery_time": [
                5000,
                5000
            ],
            "sg_area": [
                0.0,
                0.0
            ],
            "first_drop": [
                40.0,
                21.5
            ],