{
    "forgetting": 64.25,
    "learning_success": 64.275,
    "retention_ratio": 0.10035005834305717,
    "stability_gap": 7.9670000000000005,
    "peak_drop": 12.85,
    "first_drop": 12.85,
    "last_drop": 12.85,
    "recovery_time_median": 5000.0,
    "recovery_rate": 0.0,
    "recovery_window": 5000,
    "recovery_scale": 0.8,
    "sg_window_steps": 100,
    "acc_bounds": [
        0.0,
        100.0
    ],
    "acc_auc_norm_mean": 14.687511067233908,
    "acc_auc_ratio_01_mean": 0.14687511067233905,
    "per_task_metrics": {
        "0": {
            "peak_drop": [
                64.5,
                0.0,
                0.0,
                0.0,
                0.0,
                0.0,
                0.0,
                0.0,
                0.0
            ],
            "recovery_time": [
                5000,
                5000,
                5000,
                5000,
                5000,
                5000,
                5000,
                5000,
                5000
            ],
            "sg_area": [
                39.99,
                0.0,
                0.0,
                0.0,
                0.0,
                0.0,
                0.0,
                0.0,
                0.0
            ],
            "first_drop": [
                64.5,
                0.0,
                0.0,
                0.0,
                0.0,
                0.0,
                0.0,
                0.0,
                0.0
            ],
            "last_drop": [
                64.5,
                0.0,
                0.0,
                0.0,
                0.0,
                0.0,
                0.0,
                0.0,
                0.0
            ],
            "acc_auc": 32157.5,
            "acc_auc_norm": 5.239084392310199,
            "acc_auc_ratio_01": 0.05239084392310198
        },
        "1": {
            "peak_drop": [
                64.75,
                0.0,
                0.0,
                0.0,
                0.0,
                0.0,
                0.0,
                0.0
            ],
            "recovery_time": [
                5000,
                5000,
                5000,
                5000,
                5000,
                5000,
                5000,
                5000
            ],
            "sg_area": [
                40.145,
                0.0,
                0.0,
                0.0,
                0.0,
                0.0,
                0.0,
                0.0
            ],
            "first_drop": [
                64.75,
                0.0,
                0.0,
                0.0,
                0.0,
                0.0,
                0.0,
                0.0
            ],
            "last_drop": [
                64.75,
                0.0,
                0.0,
                0.0,
                0.0,
                0.0,
                0.0,
                0.0
            ],
            "acc_auc": 32151.0,
            "acc_auc_norm": 5.826567596955418,
            "acc_auc_ratio_01": 0.05826567596955418
        },
        "2": {
            "peak_drop": [
                73.0,
                0.0,
                0.0,
                0.0,
                0.0,
                0.0,
                0.0
            ],
            "recovery_time": [
                5000,
                5000,
                5000,
                5000,
                5000,
                5000,
                5000
            ],
            "sg_area": [
                45.26,
                0.0,
                0.0,
                0.0,
                0.0,
                0.0,
                0.0
            ],
            "first_drop": [
                73.0,
                0.0,
                0.0,
                0.0,
                0.0,
                0.0,
                0.0
            ],
            "last_drop": [
                73.0,
                0.0,
                0.0,
                0.0,
                0.0,
                0.0,
                0.0
            ],
            "acc_auc": 36425.0,
            "acc_auc_norm": 7.436708860759493,
            "acc_auc_ratio_01": 0.07436708860759493
        },
        "3": {
            "peak_drop": [
                60.0,
                0.0,
                0.0,
                0.0,
                0.0,
                0.0
            ],
            "recovery_time": [
                5000,
                5000,
                5000,
                5000,
                5000,
                5000
            ],
            "sg_area": [
                37.2,
                0.0,
                0.0,
                0.0,
                0.0,
                0.0
            ],
            "first_drop": [
                60.0,
                0.0,
                0.0,
                0.0,
                0.0,
                0.0
            ],
            "last_drop": [
                60.0,
                0.0,
                0.0,
                0.0,
                0.0,
                0.0
            ],
            "acc_auc": 30977.0,
            "acc_auc_norm": 7.241000467508181,
            "acc_auc_ratio_01": 0.07241000467508181
        },
        "4": {
            "peak_drop": [
                68.0,
                0.0,
                0.0,
                0.0,
                0.0
            ],
            "recovery_time": [
                5000,
                5000,
                5000,
                5000,
                5000
            ],
            "sg_area": [
                42.16,
                0.0,
                0.0,
                0.0,
                0.0
            ],
            "first_drop": [
                68.0,
                0.0,
                0.0,
                0.0,
                0.0
            ],
            "last_drop": [
                68.0,
                0.0,
                0.0,
                0.0,
                0.0
            ],
            "acc_auc": 33578.5,
            "acc_auc_norm": 9.17946965554948,
            "acc_auc_ratio_01": 0.09179469655549481
        },
        "5": {
            "peak_drop": [
                62.75,
                0.0,
                0.0,
                0.0
            ],
            "recovery_time": [
                5000,
                5000,
                5000,
                5000
            ],
            "sg_area": [
                38.905,
                0.0,
                0.0,
                0.0
            ],
            "first_drop": [
                62.75,
                0.0,
                0.0,
                0.0
            ],
            "last_drop": [
                62.75,
                0.0,
                0.0,
                0.0
            ],
            "acc_auc": 31287.5,
            "acc_auc_norm": 10.298716260697827,
            "acc_auc_ratio_01": 0.10298716260697827
        },
        "6": {
            "peak_drop": [
                63.25,
                0.0,
                0.0
            ],
            "recovery_time": [
                5000,
                5000,
                5000
            ],
            "sg_area": [
                39.215,
                0.0,
                0.0
            ],
            "first_drop": [
                63.25,
                0.0,
                0.0
            ],
            "last_drop": [
                63.25,
                0.0,
                0.0
            ],
            "acc_auc": 31930.0,
            "acc_auc_norm": 13.205128205128204,
            "acc_auc_ratio_01": 0.13205128205128205
        },
        "7": {
            "peak_drop": [
                62.25,
                0.0
            ],
            "recovery_time": [
                5000,
                5000
            ],
            "sg_area": [
                38.595,
                0.0
            ],
            "first_drop": [
                62.25,
                0.0
            ],