{
    "forgetting": 63.72222222222222,
    "learning_success": 63.725,
    "retention_ratio": 0.10003923107100823,
    "stability_gap": 7.901555555555555,
    "peak_drop": 12.744444444444444,
    "first_drop": 12.744444444444444,
    "last_drop": 12.744444444444444,
    "recovery_time_median": 5000.0,
    "recovery_rate": 0.0,
    "recovery_window": 5000,
    "recovery_scale": 0.8,
    "sg_window_steps": 100,
    "acc_bounds": [
        0.0,
        100.0
    ],
    "acc_auc_norm_mean": 15.417356796432205,
    "acc_auc_ratio_01_mean": 0.15417356796432202,
    "per_task_metrics": {
        "0": {
            "peak_drop": [
                64.5,
                0.0,
                0.0,
                0.0,
                0.0,
                0.0,
                0.0,
                0.0,
                0.0
            ],
            "recovery_time": [
                5000,
                5000,
                5000,
                5000,
                5000,
                5000,
                5000,
                5000,
                5000
            ],
            "sg_area": [
                39.99,
                0.0,
                0.0,
                0.0,
                0.0,
                0.0,
                0.0,
                0.0,
                0.0
            ],
            "first_drop": [
                64.5,
                0.0,
                0.0,
                0.0,
                0.0,
                0.0,
                0.0,
                0.0,
                0.0
            ],
            "last_drop": [
                64.5,
                0.0,
                0.0,
                0.0,
                0.0,
                0.0,
                0.0,
                0.0,
                0.0
            ],
            "acc_auc": 32157.5,
            "acc_auc_norm": 5.239084392310199,
            "acc_auc_ratio_01": 0.05239084392310198
        },
        "1": {
            "peak_drop": [
                63.75,
                0.0,
                0.0,
                0.0,
                0.0,
                0.0,
                0.0,
                0.0
            ],
            "recovery_time": [
                5000,
                5000,
                5000,
                5000,
                5000,
                5000,
                5000,
                5000
            ],
            "sg_area": [
                39.525,
                0.0,
                0.0,
                0.0,
                0.0,
                0.0,
                0.0,
                0.0
            ],
            "first_drop": [
                63.75,
                0.0,
                0.0,
                0.0,
                0.0,
                0.0,
                0.0,
                0.0
            ],
            "last_drop": [
                63.75,
                0.0,
                0.0,
                0.0,
                0.0,
                0.0,
                0.0,
                0.0
            ],
            "acc_auc": 32277.0,
            "acc_auc_norm": 5.849401957230881,
            "acc_auc_ratio_01": 0.058494019572308806
        },
        "2": {
            "peak_drop": [
                72.75,
                0.0,
                0.0,
                0.0,
                0.0,
                0.0,
                0.0
            ],
            "recovery_time": [
                5000,
                5000,
                5000,
                5000,
                5000,
                5000,
                5000
            ],
            "sg_area": [
                45.105,
                0.0,
                0.0,
                0.0,
                0.0,
                0.0,
                0.0
            ],
            "first_drop": [
                72.75,
                0.0,
                0.0,
                0.0,
                0.0,
                0.0,
                0.0
            ],
            "last_drop": [
                72.75,
                0.0,
                0.0,
                0.0,
                0.0,
                0.0,
                0.0
            ],
            "acc_auc": 36218.0,
            "acc_auc_norm": 7.394446712944059,
            "acc_auc_ratio_01": 0.07394446712944058
        },
        "3": {
            "peak_drop": [
                60.0,
                0.0,
                0.0,
                0.0,
                0.0,
                0.0
            ],
            "recovery_time": [
                5000,
                5000,
                5000,
                5000,
                5000,
                5000
            ],
            "sg_area": [
                37.2,
                0.0,
                0.0,
                0.0,
                0.0,
                0.0
            ],
            "first_drop": [
                60.0,
                0.0,
                0.0,
                0.0,
                0.0,
                0.0
            ],
            "last_drop": [
                60.0,
                0.0,
                0.0,
                0.0,
                0.0,
                0.0
            ],
            "acc_auc": 31739.5,
            "acc_auc_norm": 7.419237961664329,
            "acc_auc_ratio_01": 0.0741923796166433
        },
        "4": {
            "peak_drop": [
                65.5,
                0.0,
                0.0,
                0.0,
                0.0
            ],
            "recovery_time": [
                5000,
                5000,
                5000,
                5000,
                5000
            ],
            "sg_area": [
                40.61,
                0.0,
                0.0,
                0.0,
                0.0
            ],
            "first_drop": [
                65.5,
                0.0,
                0.0,
                0.0,
                0.0
            ],
            "last_drop": [
                65.5,
                0.0,
                0.0,
                0.0,
                0.0
            ],
            "acc_auc": 32627.5,
            "acc_auc_norm": 8.919491525423728,
            "acc_auc_ratio_01": 0.08919491525423728
        },
        "5": {
            "peak_drop": [
                62.25,
                0.0,
                0.0,
                0.0
            ],
            "recovery_time": [
                5000,
                5000,
                5000,
                5000
            ],
            "sg_area": [
                38.595,
                0.0,
                0.0,
                0.0
            ],
            "first_drop": [
                62.25,
                0.0,
                0.0,
                0.0
            ],
            "last_drop": [
                62.25,
                0.0,
                0.0,
                0.0
            ],
            "acc_auc": 30569.5,
            "acc_auc_norm": 10.062376563528638,
            "acc_auc_ratio_01": 0.10062376563528637
        },
        "6": {
            "peak_drop": [
                62.0,
                0.0,
                0.0
            ],
            "recovery_time": [
                5000,
                5000,
                5000
            ],
            "sg_area": [
                38.44,
                0.0,
                0.0
            ],
            "first_drop": [
                62.0,
                0.0,
                0.0
            ],
            "last_drop": [
                62.0,
                0.0,
                0.0
            ],
            "acc_auc": 31333.0,
            "acc_auc_norm": 12.95822994210091,
            "acc_auc_ratio_01": 0.1295822994210091
        },
        "7": {
            "peak_drop": [
                61.25,
                0.0
            ],
            "recovery_time": [
                5000,
                5000
            ],
            "sg_area": [
                37.975,
                0.0
            ],
            "first_drop": [
                61.25,
                0.0
            ],