{
    "forgetting": 59.388888888888886,
    "learning_success": 73.8,
    "retention_ratio": 0.27574525745257455,
    "stability_gap": 0.0,
    "peak_drop": 14.466666666666667,
    "first_drop": 6.9222222222222225,
    "last_drop": 12.216666666666667,
    "recovery_time_median": 200.0,
    "recovery_rate": 0.8,
    "recovery_window": 5000,
    "recovery_scale": 0.8,
    "sg_window_steps": 100,
    "acc_bounds": [
        0.0,
        100.0
    ],
    "acc_auc_norm_mean": 34.099910440202756,
    "acc_auc_ratio_01_mean": 0.34099910440202763,
    "per_task_metrics": {
        "0": {
            "peak_drop": [
                44.0,
                3.75,
                2.0,
                7.25,
                6.25,
                0.0,
                0.0,
                4.25,
                1.5
            ],
            "recovery_time": [
                5000,
                200,
                200,
                333,
                333,
                200,
                200,
                333,
                200
            ],
            "sg_area": [
                0.0,
                0.0,
                0.0,
                0.0,
                0.0,
                0.0,
                0.0,
                0.0,
                0.0
            ],
            "first_drop": [
                12.5,
                0.0,
                0.0,
                6.0,
                2.5,
                0.0,
                0.0,
                3.0,
                0.75
            ],
            "last_drop": [
                42.25,
                3.0,
                0.0,
                5.5,
                4.0,
                0.0,
                0.0,
                3.5,
                0.0
            ],
            "acc_auc": 496458.0,
            "acc_auc_norm": 14.998731117824773,
            "acc_auc_ratio_01": 0.14998731117824773
        },
        "1": {
            "peak_drop": [
                48.25,
                11.0,
                0.0,
                2.5,
                1.75,
                0.25,
                5.5,
                1.75
            ],
            "recovery_time": [
                5000,
                200,
                200,
                200,
                200,
                200,
                333,
                333
            ],
            "sg_area": [
                0.0,
                0.0,
                0.0,
                0.0,
                0.0,
                0.0,
                0.0,
                0.0
            ],
            "first_drop": [
                24.25,
                0.0,
                0.0,
                0.0,
                0.0,
                0.0,
                3.5,
                1.25
            ],
            "last_drop": [
                46.5,
                10.25,
                0.0,
                0.75,
                0.0,
                0.0,
                4.25,
                0.0
            ],
            "acc_auc": 367962.5,
            "acc_auc_norm": 12.360178031575412,
            "acc_auc_ratio_01": 0.12360178031575413
        },
        "2": {
            "peak_drop": [
                39.0,
                17.5,
                3.25,
                8.75,
                6.5,
                4.25,
                3.75
            ],
            "recovery_time": [
                5000,
                200,
                200,
                999,
                1200,
                200,
                200
            ],
            "sg_area": [
                0.0,
                0.0,
                0.0,
                0.0,
                0.0,
                0.0,
                0.0
            ],
            "first_drop": [
                21.25,
                3.25,
                0.0,
                4.75,
                4.25,
                0.0,
                1.0
            ],
            "last_drop": [
                37.5,
                14.25,
                0.0,
                3.5,
                4.25,
                2.0,
                0.0
            ],
            "acc_auc": 700987.25,
            "acc_auc_norm": 26.512377080181544,
            "acc_auc_ratio_01": 0.26512377080181543
        },
        "3": {
            "peak_drop": [
                52.0,
                10.25,
                4.25,
                5.0,
                2.25,
                5.5
            ],
            "recovery_time": [
                5000,
                333,
                200,
                333,
                200,
                333
            ],
            "sg_area": [
                0.0,
                0.0,
                0.0,
                0.0,
                0.0,
                0.0
            ],
            "first_drop": [
                35.5,
                5.25,
                0.25,
                5.0,
                1.0,
                2.25
            ],
            "last_drop": [
                49.0,
                10.25,
                2.0,
                1.75,
                0.0,
                4.25
            ],
            "acc_auc": 419998.0,
            "acc_auc_norm": 18.173864128083082,
            "acc_auc_ratio_01": 0.1817386412808308
        },
        "4": {
            "peak_drop": [
                53.25,
                9.25,
                7.25,
                3.5,
                7.5
            ],
            "recovery_time": [
                5000,
                200,
                200,
                200,
                200
            ],
            "sg_area": [
                0.0,
                0.0,
                0.0,
                0.0,
                0.0
            ],
            "first_drop": [
                25.25,
                0.0,
                0.0,
                1.25,
                2.25
            ],
            "last_drop": [
                48.75,
                5.75,
                4.75,
                0.0,
                3.5
            ],
            "acc_auc": 547287.25,
            "acc_auc_norm": 27.668718402426695,
            "acc_auc_ratio_01": 0.27668718402426695
        },
        "5": {
            "peak_drop": [
                41.25,
                12.75,
                11.5,
                13.75
            ],
            "recovery_time": [
                5000,
                400,
                200,
                200
            ],
            "sg_area": [
                0.0,
                0.0,
                0.0,
                0.0
            ],
            "first_drop": [
                16.75,
                11.75,
                2.25,
                4.25
            ],
            "last_drop": [
                37.75,
                10.0,
                7.75,
                9.75
            ],
            "acc_auc": 617182.5,
            "acc_auc_norm": 37.51869300911854,
            "acc_auc_ratio_01": 0.3751869300911854
        },
        "6": {
            "peak_drop": [
                57.0,
                2.75,
                9.25
            ],
            "recovery_time": [
                5000,
                200,
                333
            ],
            "sg_area": [
                0.0,
                0.0,
                0.0
            ],
            "first_drop": [
                33.75,
                0.0,
                9.25
            ],
            "last_drop": [
                55.75,
                0.0,
                7.0
            ],
            "acc_auc": 473947.75,
            "acc_auc_norm": 36.12406631097561,
            "acc_auc_ratio_01": 0.36124066310975605
        },
        "7": {
            "peak_drop": [
                47.25,
                16.5
            ],
            "recovery_time": [
                5000,
                200
            ],
            "sg_area": [
                0.0,
                0.0
            ],