{
    "forgetting": 64.58333333333333,
    "learning_success": 71.825,
    "retention_ratio": 0.19074138531152104,
    "stability_gap": 17.10844444444444,
    "peak_drop": 22.511111111111113,
    "first_drop": 22.511111111111113,
    "last_drop": 13.844444444444445,
    "recovery_time_median": 5000.0,
    "recovery_rate": 0.37777777777777777,
    "recovery_window": 5000,
    "recovery_scale": 0.8,
    "sg_window_steps": 100,
    "acc_bounds": [
        0.0,
        100.0
    ],
    "acc_auc_norm_mean": 24.114376653470046,
    "acc_auc_ratio_01_mean": 0.24114376653470043,
    "per_task_metrics": {
        "0": {
            "peak_drop": [
                61.75,
                29.0,
                17.0,
                18.5,
                11.5,
                8.5,
                13.0,
                5.5,
                3.75
            ],
            "recovery_time": [
                5000,
                5000,
                532,
                5000,
                5000,
                380,
                5000,
                5000,
                380
            ],
            "sg_area": [
                46.93,
                22.04,
                12.92,
                14.06,
                8.74,
                6.46,
                9.88,
                4.18,
                2.85
            ],
            "first_drop": [
                61.75,
                29.0,
                17.0,
                18.5,
                11.5,
                8.5,
                13.0,
                5.5,
                3.75
            ],
            "last_drop": [
                32.75,
                12.0,
                0.0,
                7.0,
                3.0,
                0.0,
                7.5,
                1.75,
                0.0
            ],
            "acc_auc": 76332.0,
            "acc_auc_norm": 10.145135566188198,
            "acc_auc_ratio_01": 0.10145135566188199
        },
        "1": {
            "peak_drop": [
                58.0,
                17.0,
                3.5,
                9.5,
                2.25,
                7.5,
                4.75,
                1.75
            ],
            "recovery_time": [
                5000,
                5000,
                456,
                5000,
                380,
                5000,
                5000,
                684
            ],
            "sg_area": [
                44.08,
                12.92,
                2.66,
                7.22,
                1.71,
                5.7,
                3.61,
                1.33
            ],
            "first_drop": [
                58.0,
                17.0,
                3.5,
                9.5,
                2.25,
                7.5,
                4.75,
                1.75
            ],
            "last_drop": [
                41.0,
                13.5,
                0.0,
                7.25,
                0.0,
                2.75,
                3.0,
                0.25
            ],
            "acc_auc": 53045.0,
            "acc_auc_norm": 7.842253104671792,
            "acc_auc_ratio_01": 0.07842253104671791
        },
        "2": {
            "peak_drop": [
                69.25,
                23.0,
                13.0,
                15.5,
                11.25,
                6.0,
                9.5
            ],
            "recovery_time": [
                5000,
                5000,
                380,
                5000,
                5000,
                380,
                532
            ],
            "sg_area": [
                52.63,
                17.48,
                9.88,
                11.78,
                8.55,
                4.56,
                7.22
            ],
            "first_drop": [
                69.25,
                23.0,
                13.0,
                15.5,
                11.25,
                6.0,
                9.5
            ],
            "last_drop": [
                46.25,
                10.0,
                0.0,
                4.25,
                5.25,
                0.0,
                0.75
            ],
            "acc_auc": 79904.0,
            "acc_auc_norm": 13.308461025982679,
            "acc_auc_ratio_01": 0.1330846102598268
        },
        "3": {
            "peak_drop": [
                68.25,
                9.0,
                6.75,
                6.25,
                1.75,
                7.5
            ],
            "recovery_time": [
                5000,
                684,
                600,
                5000,
                380,
                5000
            ],
            "sg_area": [
                51.87,
                6.84,
                5.13,
                4.75,
                1.33,
                5.7
            ],
            "first_drop": [
                68.25,
                9.0,
                6.75,
                6.25,
                1.75,
                7.5
            ],
            "last_drop": [
                59.25,
                2.25,
                0.5,
                4.5,
                0.0,
                5.25
            ],
            "acc_auc": 56350.0,
            "acc_auc_norm": 10.74561403508772,
            "acc_auc_ratio_01": 0.1074561403508772
        },
        "4": {
            "peak_drop": [
                74.75,
                17.0,
                11.0,
                10.0,
                7.0
            ],
            "recovery_time": [
                5000,
                5000,
                760,
                5000,
                532
            ],
            "sg_area": [
                56.81,
                12.92,
                8.36,
                7.6,
                5.32
            ],
            "first_drop": [
                74.75,
                17.0,
                11.0,
                10.0,
                7.0
            ],
            "last_drop": [
                57.75,
                6.0,
                1.0,
                3.0,
                0.0
            ],
            "acc_auc": 69362.0,
            "acc_auc_norm": 15.46877787689563,
            "acc_auc_ratio_01": 0.15468777876895629
        },
        "5": {
            "peak_drop": [
                80.5,
                19.0,
                14.25,
                9.5
            ],
            "recovery_time": [
                5000,
                5000,
                5000,
                5000
            ],
            "sg_area": [
                61.18,
                14.44,
                10.83,
                7.22
            ],
            "first_drop": [
                80.5,
                19.0,
                14.25,
                9.5
            ],
            "last_drop": [
                61.5,
                4.75,
                4.75,
                6.5
            ],
            "acc_auc": 70758.0,
            "acc_auc_norm": 19.000537056928035,
            "acc_auc_ratio_01": 0.19000537056928035
        },
        "6": {
            "peak_drop": [
                73.5,
                3.5,
                11.0
            ],
            "recovery_time": [
                5000,
                380,
                532
            ],
            "sg_area": [
                55.86,
                2.66,
                8.36
            ],
            "first_drop": [
                73.5,
                3.5,
                11.0
            ],
            "last_drop": [
                70.0,
                0.0,
                0.75
            ],
            "acc_auc": 60294.0,
            "acc_auc_norm": 20.342105263157894,
            "acc_auc_ratio_01": 0.20342105263157895
        },
        "7": {
            "peak_drop": [
                73.25,
                12.25
            ],
            "recovery_time": [
                5000,
                608
            ],