{
    "forgetting": 53.97222222222222,
    "learning_success": 56.375,
    "retention_ratio": 0.13835920177383593,
    "stability_gap": 9.774444444444443,
    "peak_drop": 14.2,
    "first_drop": 12.86111111111111,
    "last_drop": 11.066666666666666,
    "recovery_time_median": 5000.0,
    "recovery_rate": 0.4222222222222222,
    "recovery_window": 5000,
    "recovery_scale": 0.8,
    "sg_window_steps": 100,
    "acc_bounds": [
        0.0,
        100.0
    ],
    "acc_auc_norm_mean": 17.70585713203854,
    "acc_auc_ratio_01_mean": 0.1770585713203854,
    "per_task_metrics": {
        "0": {
            "peak_drop": [
                55.5,
                23.25,
                6.0,
                8.0,
                4.0,
                2.75,
                3.0,
                1.5,
                0.25
            ],
            "recovery_time": [
                5000,
                5000,
                380,
                5000,
                532,
                684,
                5000,
                5000,
                76
            ],
            "sg_area": [
                38.95,
                16.91,
                3.61,
                3.8,
                1.9,
                1.71,
                0.95,
                0.95,
                0.0
            ],
            "first_drop": [
                51.25,
                22.25,
                4.75,
                5.0,
                2.5,
                2.25,
                1.25,
                1.25,
                0.0
            ],
            "last_drop": [
                35.0,
                16.5,
                0.5,
                5.75,
                0.75,
                0.25,
                1.5,
                1.25,
                0.0
            ],
            "acc_auc": 69596.0,
            "acc_auc_norm": 9.249867091972355,
            "acc_auc_ratio_01": 0.09249867091972355
        },
        "1": {
            "peak_drop": [
                45.25,
                14.75,
                0.75,
                0.75,
                0.0,
                1.25,
                0.25,
                0.0
            ],
            "recovery_time": [
                5000,
                5000,
                76,
                5000,
                5000,
                5000,
                400,
                5000
            ],
            "sg_area": [
                34.39,
                10.45,
                0.0,
                0.38,
                0.0,
                0.95,
                0.19,
                0.0
            ],
            "first_drop": [
                45.25,
                13.75,
                0.0,
                0.5,
                0.0,
                1.25,
                0.25,
                0.0
            ],
            "last_drop": [
                34.5,
                14.0,
                0.0,
                0.75,
                0.0,
                1.0,
                0.25,
                0.0
            ],
            "acc_auc": 42940.0,
            "acc_auc_norm": 6.348314606741573,
            "acc_auc_ratio_01": 0.06348314606741573
        },
        "2": {
            "peak_drop": [
                52.75,
                11.25,
                3.5,
                2.5,
                6.75,
                1.25,
                3.75
            ],
            "recovery_time": [
                5000,
                5000,
                76,
                76,
                5000,
                76,
                200
            ],
            "sg_area": [
                37.43,
                7.6,
                0.0,
                0.76,
                5.13,
                0.0,
                1.71
            ],
            "first_drop": [
                49.25,
                10.0,
                0.0,
                1.0,
                6.75,
                0.0,
                2.25
            ],
            "last_drop": [
                43.5,
                7.75,
                0.0,
                1.25,
                4.5,
                0.0,
                0.0
            ],
            "acc_auc": 61098.0,
            "acc_auc_norm": 10.176215856095936,
            "acc_auc_ratio_01": 0.10176215856095937
        },
        "3": {
            "peak_drop": [
                48.75,
                1.0,
                2.0,
                0.25,
                0.0,
                1.0
            ],
            "recovery_time": [
                5000,
                76,
                5000,
                400,
                76,
                5000
            ],
            "sg_area": [
                34.96,
                0.0,
                0.95,
                0.19,
                0.0,
                0.76
            ],
            "first_drop": [
                46.0,
                0.0,
                1.25,
                0.25,
                0.0,
                1.0
            ],
            "last_drop": [
                47.25,
                0.0,
                1.75,
                0.0,
                0.0,
                1.0
            ],
            "acc_auc": 34023.0,
            "acc_auc_norm": 6.487986270022883,
            "acc_auc_ratio_01": 0.06487986270022883
        },
        "4": {
            "peak_drop": [
                57.25,
                5.25,
                5.5,
                5.0,
                1.25
            ],
            "recovery_time": [
                5000,
                380,
                608,
                5000,
                200
            ],
            "sg_area": [
                41.04,
                1.52,
                2.47,
                3.8,
                0.95
            ],
            "first_drop": [
                54.0,
                2.0,
                3.25,
                5.0,
                1.25
            ],
            "last_drop": [
                52.75,
                1.0,
                0.5,
                3.75,
                0.0
            ],
            "acc_auc": 50781.0,
            "acc_auc_norm": 11.32493309545049,
            "acc_auc_ratio_01": 0.1132493309545049
        },
        "5": {
            "peak_drop": [
                56.5,
                9.25,
                10.75,
                6.25
            ],
            "recovery_time": [
                5000,
                532,
                5000,
                5000
            ],
            "sg_area": [
                41.04,
                2.66,
                6.84,
                3.99
            ],
            "first_drop": [
                54.0,
                3.5,
                9.0,
                5.25
            ],
            "last_drop": [
                47.75,
                1.25,
                4.75,
                6.0
            ],
            "acc_auc": 57514.0,
            "acc_auc_norm": 15.444146079484426,
            "acc_auc_ratio_01": 0.15444146079484425
        },
        "6": {
            "peak_drop": [
                55.75,
                3.5,
                3.0
            ],
            "recovery_time": [
                5000,
                152,
                532
            ],
            "sg_area": [
                41.99,
                1.9,
                2.09
            ],
            "first_drop": [
                55.25,
                2.5,
                2.75
            ],
            "last_drop": [
                52.25,
                0.5,
                0.25
            ],
            "acc_auc": 41533.0,
            "acc_auc_norm": 14.012483130904183,
            "acc_auc_ratio_01": 0.14012483130904183
        },
        "7": {
            "peak_drop": [
                58.0,
                6.75
            ],
            "recovery_time": [
                5000,
                5000
            ],
            "sg_area": [
                40.28,
                4.37
            ],