{
    "forgetting": 53.77777777777778,
    "learning_success": 73.1,
    "retention_ratio": 0.3378932968536252,
    "stability_gap": 17.598222222222223,
    "peak_drop": 24.166666666666668,
    "first_drop": 23.155555555555555,
    "last_drop": 11.9,
    "recovery_time_median": 600.0,
    "recovery_rate": 0.6222222222222222,
    "recovery_window": 5000,
    "recovery_scale": 0.8,
    "sg_window_steps": 100,
    "acc_bounds": [
        0.0,
        100.0
    ],
    "acc_auc_norm_mean": 32.6940008424786,
    "acc_auc_ratio_01_mean": 0.326940008424786,
    "per_task_metrics": {
        "0": {
            "peak_drop": [
                48.5,
                25.5,
                13.25,
                17.25,
                16.25,
                5.75,
                12.25,
                11.5,
                5.75
            ],
            "recovery_time": [
                5000,
                5000,
                200,
                600,
                684,
                200,
                200,
                380,
                152
            ],
            "sg_area": [
                36.48,
                16.53,
                10.07,
                10.26,
                10.26,
                4.37,
                6.65,
                8.74,
                4.37
            ],
            "first_drop": [
                48.0,
                21.75,
                13.25,
                13.5,
                13.5,
                5.75,
                8.75,
                11.5,
                5.75
            ],
            "last_drop": [
                29.0,
                11.0,
                0.0,
                2.25,
                4.75,
                0.0,
                5.0,
                1.25,
                0.0
            ],
            "acc_auc": 151886.0,
            "acc_auc_norm": 20.18686868686869,
            "acc_auc_ratio_01": 0.2018686868686869
        },
        "1": {
            "peak_drop": [
                54.25,
                25.5,
                12.75,
                15.5,
                9.5,
                13.25,
                19.0,
                4.0
            ],
            "recovery_time": [
                5000,
                5000,
                400,
                684,
                380,
                304,
                5000,
                76
            ],
            "sg_area": [
                41.23,
                17.48,
                9.69,
                11.78,
                6.84,
                10.07,
                12.73,
                0.95
            ],
            "first_drop": [
                54.25,
                23.0,
                12.75,
                15.5,
                9.0,
                13.25,
                16.75,
                1.25
            ],
            "last_drop": [
                32.0,
                11.5,
                0.0,
                3.75,
                0.0,
                0.0,
                11.25,
                0.0
            ],
            "acc_auc": 117564.0,
            "acc_auc_norm": 17.380839739798937,
            "acc_auc_ratio_01": 0.17380839739798937
        },
        "2": {
            "peak_drop": [
                51.0,
                24.75,
                5.25,
                19.5,
                13.5,
                8.25,
                13.0
            ],
            "recovery_time": [
                5000,
                5000,
                76,
                608,
                400,
                152,
                532
            ],
            "sg_area": [
                38.76,
                18.81,
                2.85,
                14.82,
                9.12,
                4.37,
                9.88
            ],
            "first_drop": [
                51.0,
                24.75,
                3.75,
                19.5,
                12.0,
                5.75,
                13.0
            ],
            "last_drop": [
                36.75,
                7.25,
                0.0,
                5.0,
                3.0,
                0.0,
                0.0
            ],
            "acc_auc": 153029.0,
            "acc_auc_norm": 25.48784143904064,
            "acc_auc_ratio_01": 0.25487841439040637
        },
        "3": {
            "peak_drop": [
                66.75,
                15.0,
                10.5,
                10.0,
                8.25,
                18.5
            ],
            "recovery_time": [
                5000,
                684,
                400,
                532,
                200,
                5000
            ],
            "sg_area": [
                49.78,
                8.93,
                7.98,
                7.6,
                6.27,
                14.06
            ],
            "first_drop": [
                65.5,
                11.75,
                10.5,
                10.0,
                8.25,
                18.5
            ],
            "last_drop": [
                47.5,
                5.5,
                0.5,
                0.0,
                0.0,
                12.75
            ],
            "acc_auc": 95324.0,
            "acc_auc_norm": 18.177726926010678,
            "acc_auc_ratio_01": 0.1817772692601068
        },
        "4": {
            "peak_drop": [
                66.25,
                11.75,
                15.0,
                14.75,
                14.75
            ],
            "recovery_time": [
                5000,
                380,
                380,
                456,
                760
            ],
            "sg_area": [
                50.35,
                8.93,
                11.4,
                7.03,
                9.69
            ],
            "first_drop": [
                66.25,
                11.75,
                15.0,
                9.25,
                12.75
            ],
            "last_drop": [
                53.75,
                0.0,
                0.0,
                0.25,
                4.0
            ],
            "acc_auc": 112716.0,
            "acc_auc_norm": 25.13737734165923,
            "acc_auc_ratio_01": 0.25137377341659234
        },
        "5": {
            "peak_drop": [
                69.75,
                21.75,
                20.5,
                21.0
            ],
            "recovery_time": [
                5000,
                532,
                400,
                5000
            ],
            "sg_area": [
                51.49,
                16.53,
                15.58,
                15.96
            ],
            "first_drop": [
                67.75,
                21.75,
                20.5,
                21.0
            ],
            "last_drop": [
                47.5,
                6.75,
                3.0,
                9.75
            ],
            "acc_auc": 113254.0,
            "acc_auc_norm": 30.411922663802365,
            "acc_auc_ratio_01": 0.30411922663802365
        },
        "6": {
            "peak_drop": [
                74.5,
                4.5,
                17.5
            ],
            "recovery_time": [
                5000,
                76,
                5000
            ],
            "sg_area": [
                56.62,
                2.09,
                13.3
            ],
            "first_drop": [
                74.5,
                2.75,
                17.5
            ],
            "last_drop": [
                60.25,
                0.0,
                5.25
            ],
            "acc_auc": 89846.0,
            "acc_auc_norm": 30.31241565452092,
            "acc_auc_ratio_01": 0.3031241565452092
        },
        "7": {
            "peak_drop": [
                64.25,
                18.25
            ],
            "recovery_time": [
                5000,
                5000
            ],