{
    "forgetting": 53.77777777777778,
    "learning_success": 73.1,
    "retention_ratio": 0.3378932968536252,
    "stability_gap": 17.395555555555553,
    "peak_drop": 23.927777777777777,
    "first_drop": 22.88888888888889,
    "last_drop": 11.9,
    "recovery_time_median": 600.0,
    "recovery_rate": 0.6222222222222222,
    "recovery_window": 5000,
    "recovery_scale": 0.8,
    "sg_window_steps": 100,
    "acc_bounds": [
        0.0,
        100.0
    ],
    "acc_auc_norm_mean": 32.77607149356753,
    "acc_auc_ratio_01_mean": 0.32776071493567527,
    "per_task_metrics": {
        "0": {
            "peak_drop": [
                48.25,
                25.25,
                12.25,
                17.25,
                15.75,
                5.75,
                12.25,
                11.25,
                5.25
            ],
            "recovery_time": [
                5000,
                5000,
                200,
                600,
                684,
                200,
                200,
                380,
                152
            ],
            "sg_area": [
                36.48,
                16.53,
                9.31,
                9.12,
                9.88,
                4.37,
                5.7,
                8.55,
                3.99
            ],
            "first_drop": [
                48.0,
                21.75,
                12.25,
                12.0,
                13.0,
                5.75,
                7.5,
                11.25,
                5.25
            ],
            "last_drop": [
                29.0,
                11.0,
                0.0,
                2.25,
                4.75,
                0.0,
                5.0,
                1.25,
                0.0
            ],
            "acc_auc": 152444.0,
            "acc_auc_norm": 20.261031366294525,
            "acc_auc_ratio_01": 0.20261031366294524
        },
        "1": {
            "peak_drop": [
                54.0,
                25.0,
                12.5,
                15.0,
                10.25,
                12.75,
                18.5,
                3.5
            ],
            "recovery_time": [
                5000,
                5000,
                400,
                684,
                228,
                304,
                5000,
                76
            ],
            "sg_area": [
                41.04,
                18.05,
                9.5,
                11.4,
                6.46,
                9.69,
                12.35,
                0.76
            ],
            "first_drop": [
                54.0,
                23.75,
                12.5,
                15.0,
                8.5,
                12.75,
                16.25,
                1.0
            ],
            "last_drop": [
                32.0,
                11.5,
                0.0,
                3.75,
                0.0,
                0.0,
                11.25,
                0.0
            ],
            "acc_auc": 118087.0,
            "acc_auc_norm": 17.45816085156712,
            "acc_auc_ratio_01": 0.17458160851567117
        },
        "2": {
            "peak_drop": [
                49.75,
                24.75,
                4.75,
                19.0,
                13.5,
                8.25,
                13.25
            ],
            "recovery_time": [
                5000,
                5000,
                76,
                608,
                400,
                152,
                228
            ],
            "sg_area": [
                37.81,
                18.81,
                2.66,
                14.44,
                8.55,
                4.37,
                10.07
            ],
            "first_drop": [
                49.75,
                24.75,
                3.5,
                19.0,
                11.25,
                5.75,
                13.25
            ],
            "last_drop": [
                36.75,
                7.25,
                0.0,
                5.0,
                3.0,
                0.0,
                0.0
            ],
            "acc_auc": 153725.0,
            "acc_auc_norm": 25.603764157228515,
            "acc_auc_ratio_01": 0.25603764157228515
        },
        "3": {
            "peak_drop": [
                66.5,
                14.5,
                10.75,
                9.75,
                8.0,
                18.5
            ],
            "recovery_time": [
                5000,
                684,
                400,
                532,
                200,
                5000
            ],
            "sg_area": [
                49.78,
                8.74,
                8.17,
                7.03,
                6.08,
                14.06
            ],
            "first_drop": [
                65.5,
                11.5,
                10.75,
                9.25,
                8.0,
                18.5
            ],
            "last_drop": [
                47.5,
                5.5,
                0.5,
                0.0,
                0.0,
                12.75
            ],
            "acc_auc": 95581.0,
            "acc_auc_norm": 18.22673531655225,
            "acc_auc_ratio_01": 0.1822673531655225
        },
        "4": {
            "peak_drop": [
                66.25,
                10.75,
                14.5,
                14.75,
                14.25
            ],
            "recovery_time": [
                5000,
                380,
                380,
                456,
                760
            ],
            "sg_area": [
                50.35,
                7.98,
                11.02,
                7.22,
                9.88
            ],
            "first_drop": [
                66.25,
                10.5,
                14.5,
                9.5,
                13.0
            ],
            "last_drop": [
                53.75,
                0.0,
                0.0,
                0.25,
                4.0
            ],
            "acc_auc": 113034.0,
            "acc_auc_norm": 25.20829616413916,
            "acc_auc_ratio_01": 0.2520829616413916
        },
        "5": {
            "peak_drop": [
                69.25,
                21.5,
                21.0,
                21.0
            ],
            "recovery_time": [
                5000,
                532,
                400,
                5000
            ],
            "sg_area": [
                51.3,
                16.34,
                15.96,
                15.96
            ],
            "first_drop": [
                67.5,
                21.5,
                21.0,
                21.0
            ],
            "last_drop": [
                47.5,
                6.75,
                3.0,
                9.75
            ],
            "acc_auc": 113535.0,
            "acc_auc_norm": 30.487379162191193,
            "acc_auc_ratio_01": 0.3048737916219119
        },
        "6": {
            "peak_drop": [
                74.25,
                4.5,
                17.75
            ],
            "recovery_time": [
                5000,
                76,
                5000
            ],
            "sg_area": [
                56.43,
                1.9,
                13.49
            ],
            "first_drop": [
                74.25,
                2.5,
                17.75
            ],
            "last_drop": [
                60.25,
                0.0,
                5.25
            ],
            "acc_auc": 89878.0,
            "acc_auc_norm": 30.323211875843455,
            "acc_auc_ratio_01": 0.30323211875843453
        },
        "7": {
            "peak_drop": [
                64.75,
                17.25
            ],
            "recovery_time": [
                5000,
                5000
            ],