{
    "forgetting": 64.86111111111111,
    "learning_success": 72.9,
    "retention_ratio": 0.19924554183813442,
    "stability_gap": 10.205,
    "peak_drop": 14.605555555555556,
    "recovery_time_median": 250.0,
    "recovery_rate": 0.6222222222222222,
    "recovery_window": 500,
    "recovery_scale": 0.95,
    "sg_window_steps": 500,
    "per_task_metrics": {
        "0": {
            "peak_drop": [
                52.0,
                0.0,
                0.0,
                5.25,
                4.75,
                0.0,
                3.5,
                2.5,
                1.5
            ],
            "recovery_time": [
                500,
                200,
                200,
                500,
                400,
                200,
                200,
                250,
                400
            ],
            "sg_area": [
                31.6,
                0.0,
                0.0,
                2.95,
                0.625,
                0.0,
                1.375,
                1.35,
                0.15
            ]
        },
        "1": {
            "peak_drop": [
                52.25,
                7.0,
                0.75,
                0.75,
                0.0,
                3.0,
                1.25,
                0.25
            ],
            "recovery_time": [
                500,
                200,
                200,
                200,
                200,
                200,
                200,
                200
            ],
            "sg_area": [
                37.5,
                1.875,
                0.0,
                0.225,
                0.0,
                0.8,
                0.0,
                0.0
            ]
        },
        "2": {
            "peak_drop": [
                55.5,
                15.25,
                0.0,
                3.0,
                8.75,
                1.5,
                2.75
            ],
            "recovery_time": [
                500,
                500,
                200,
                500,
                500,
                250,
                200
            ],
            "sg_area": [
                42.625,
                8.6,
                0.0,
                1.325,
                3.25,
                0.4,
                0.1
            ]
        },
        "3": {
            "peak_drop": [
                61.25,
                4.75,
                4.5,
                1.0,
                0.0,
                1.25
            ],
            "recovery_time": [
                500,
                200,
                200,
                200,
                200,
                500
            ],
            "sg_area": [
                53.025,
                0.85,
                1.15,
                0.25,
                0.0,
                0.375
            ]
        },
        "4": {
            "peak_drop": [
                61.0,
                7.25,
                4.0,
                3.5,
                4.75
            ],
            "recovery_time": [
                500,
                400,
                200,
                200,
                400
            ],
            "sg_area": [
                51.2,
                3.0,
                0.8,
                0.35,
                1.3
            ]
        },
        "5": {
            "peak_drop": [
                54.75,
                11.25,
                8.0,
                5.0
            ],
            "recovery_time": [
                500,
                500,
                500,
                200
            ],
            "sg_area": [
                44.525,
                6.2,
                3.225,
                0.3
            ]
        },
        "6": {
            "peak_drop": [
                60.25,
                0.75,
                3.5
            ],
            "recovery_time": [
                500,
                200,
                200
            ],
            "sg_area": [
                52.825,
                0.0,
                1.15
            ]
        },
        "7": {
            "peak_drop": [
                56.5,
                14.5
            ],
            "recovery_time": [
                500,
                500
            ],
            "sg_area": [
                48.05,
                3.95
            ]
        },
        "8": {
            "peak_drop": [
                68.0
            ],
            "recovery_time": [
                500
            ],
            "sg_area": [
                51.95
            ]
        },
        "9": {
            "peak_drop": [],
            "recovery_time": [],
            "sg_area": []
        }
    },
    "all_sg_areas": [
        31.6,
        0.0,
        0.0,
        2.95,
        0.625,
        0.0,
        1.375,
        1.35,
        0.15,
        37.5,
        1.875,
        0.0,
        0.225,
        0.0,
        0.8,
        0.0,
        0.0,
        42.625,
        8.6,
        0.0,
        1.325,
        3.25,
        0.4,
        0.1,
        53.025,
        0.85,
        1.15,
        0.25,
        0.0,
        0.375,
        51.2,
        3.0,
        0.8,
        0.35,
        1.3,
        44.525,
        6.2,
        3.225,
        0.3,
        52.825,
        0.0,
        1.15,
        48.05,
        3.95,
        51.95
    ],
    "all_peak_drops": [
        52.0,
        0.0,
        0.0,
        5.25,
        4.75,
        0.0,
        3.5,
        2.5,
        1.5,
        52.25,
        7.0,
        0.75,
        0.75,
        0.0,
        3.0,
        1.25,
        0.25,
        55.5,
        15.25,
        0.0,
        3.0,
        8.75,
        1.5,
        2.75,
        61.25,
        4.75,
        4.5,
        1.0,
        0.0,
        1.25,
        61.0,
        7.25,
        4.0,
        3.5,
        4.75,
        54.75,
        11.25,
        8.0,
        5.0,
        60.25,
        0.75,
        3.5,
        56.5,
        14.5,
        68.0
    ],
    "all_recovery_times": [
        500,
        200,
        200,
        500,
        400,
        200,
        200,
        250,
        400,
        500,
        200,
        200,
        200,
        200,
        200,
        200,
        200,
        500,
        500,
        200,
        500,
        500,
        250,
        200,
        500,
        200,
        200,
        200,
        200,
        500,
        500,
        400,
        200,
        200,
        400,
        500,
        500,
        500,
        200,
        500,
        200,
        200,
        500,
        500,
        500
    ],
    "switch_steps": [
        2500,
        5000,
        7500,
        10000,
        12500,
        15000,
        17500,
        20000,
        22500
    ],
    "final_step": 25000,
    "config": {
        "name": "ratio_0.75",
        "replay_ratio": 0.75,
        "lambda_prox": 0.0,
        "use_sam": false,
        "output_dir": "sw/sweep_replay_ratio"
    }
}