{
    "forgetting": 63.111111111111114,
    "learning_success": 74.675,
    "retention_ratio": 0.23937060595915635,
    "stability_gap": 13.569111111111111,
    "peak_drop": 17.27777777777778,
    "recovery_time_median": 400.0,
    "recovery_rate": 0.5333333333333333,
    "recovery_window": 500,
    "recovery_scale": 0.95,
    "sg_window_steps": 500,
    "per_task_metrics": {
        "0": {
            "peak_drop": [
                50.0,
                4.5,
                2.25,
                3.25,
                4.25,
                0.5,
                1.75,
                1.0,
                0.0
            ],
            "recovery_time": [
                500,
                83,
                83,
                200,
                166,
                83,
                83,
                83,
                83
            ],
            "sg_area": [
                39.795,
                1.1505,
                0.221,
                0.99,
                1.347,
                0.0,
                0.347,
                0.4415,
                0.0
            ]
        },
        "1": {
            "peak_drop": [
                57.25,
                9.25,
                0.25,
                1.5,
                1.75,
                1.25,
                3.25,
                0.25
            ],
            "recovery_time": [
                500,
                500,
                166,
                166,
                166,
                83,
                500,
                83
            ],
            "sg_area": [
                52.7655,
                6.088,
                0.049,
                0.249,
                0.2905,
                0.085,
                1.792,
                0.034
            ]
        },
        "2": {
            "peak_drop": [
                54.75,
                19.75,
                3.25,
                9.75,
                6.25,
                0.0,
                9.0
            ],
            "recovery_time": [
                500,
                500,
                166,
                166,
                83,
                83,
                83
            ],
            "sg_area": [
                50.992,
                12.2655,
                0.5395,
                4.064,
                2.0935,
                0.0,
                1.8035
            ]
        },
        "3": {
            "peak_drop": [
                64.0,
                10.75,
                5.5,
                6.5,
                1.5,
                4.25
            ],
            "recovery_time": [
                500,
                500,
                200,
                500,
                83,
                500
            ],
            "sg_area": [
                56.3585,
                5.953,
                2.546,
                3.8725,
                0.234,
                2.954
            ]
        },
        "4": {
            "peak_drop": [
                66.0,
                10.5,
                8.75,
                4.5,
                7.0
            ],
            "recovery_time": [
                500,
                500,
                500,
                83,
                400
            ],
            "sg_area": [
                60.608,
                5.0625,
                4.388,
                1.188,
                2.037
            ]
        },
        "5": {
            "peak_drop": [
                63.25,
                15.25,
                12.0,
                11.25
            ],
            "recovery_time": [
                500,
                500,
                400,
                500
            ],
            "sg_area": [
                54.114,
                8.942,
                6.375,
                9.573
            ]
        },
        "6": {
            "peak_drop": [
                69.25,
                0.75,
                13.5
            ],
            "recovery_time": [
                500,
                83,
                500
            ],
            "sg_area": [
                64.9815,
                0.1245,
                8.3845
            ]
        },
        "7": {
            "peak_drop": [
                68.5,
                16.5
            ],
            "recovery_time": [
                500,
                500
            ],
            "sg_area": [
                57.888,
                10.77
            ]
        },
        "8": {
            "peak_drop": [
                73.0
            ],
            "recovery_time": [
                500
            ],
            "sg_area": [
                66.853
            ]
        },
        "9": {
            "peak_drop": [],
            "recovery_time": [],
            "sg_area": []
        }
    },
    "all_sg_areas": [
        39.795,
        1.1505,
        0.221,
        0.99,
        1.347,
        0.0,
        0.347,
        0.4415,
        0.0,
        52.7655,
        6.088,
        0.049,
        0.249,
        0.2905,
        0.085,
        1.792,
        0.034,
        50.992,
        12.2655,
        0.5395,
        4.064,
        2.0935,
        0.0,
        1.8035,
        56.3585,
        5.953,
        2.546,
        3.8725,
        0.234,
        2.954,
        60.608,
        5.0625,
        4.388,
        1.188,
        2.037,
        54.114,
        8.942,
        6.375,
        9.573,
        64.9815,
        0.1245,
        8.3845,
        57.888,
        10.77,
        66.853
    ],
    "all_peak_drops": [
        50.0,
        4.5,
        2.25,
        3.25,
        4.25,
        0.5,
        1.75,
        1.0,
        0.0,
        57.25,
        9.25,
        0.25,
        1.5,
        1.75,
        1.25,
        3.25,
        0.25,
        54.75,
        19.75,
        3.25,
        9.75,
        6.25,
        0.0,
        9.0,
        64.0,
        10.75,
        5.5,
        6.5,
        1.5,
        4.25,
        66.0,
        10.5,
        8.75,
        4.5,
        7.0,
        63.25,
        15.25,
        12.0,
        11.25,
        69.25,
        0.75,
        13.5,
        68.5,
        16.5,
        73.0
    ],
    "all_recovery_times": [
        500,
        83,
        83,
        200,
        166,
        83,
        83,
        83,
        83,
        500,
        500,
        166,
        166,
        166,
        83,
        500,
        83,
        500,
        500,
        166,
        166,
        83,
        83,
        83,
        500,
        500,
        200,
        500,
        83,
        500,
        500,
        500,
        500,
        83,
        400,
        500,
        500,
        400,
        500,
        500,
        83,
        500,
        500,
        500,
        500
    ],
    "switch_steps": [
        830,
        1660,
        2490,
        3320,
        4150,
        4980,
        5810,
        6640,
        7470
    ],
    "final_step": 8300,
    "config": {
        "name": "ratio_0.25",
        "replay_ratio": 0.25,
        "lambda_prox": 0.0,
        "use_sam": false,
        "output_dir": "sw/sweep_replay_ratio"
    }
}