{
    "forgetting": 61.25,
    "learning_success": 61.075,
    "retention_ratio": 0.09742120343839542,
    "stability_gap": 12.152000000000001,
    "peak_drop": 12.25,
    "recovery_time_median": 500.0,
    "recovery_rate": 0.0,
    "recovery_window": 500,
    "recovery_scale": 0.95,
    "sg_window_steps": 500,
    "per_task_metrics": {
        "0": {
            "peak_drop": [
                64.5,
                0.0,
                0.0,
                0.0,
                0.0,
                0.0,
                0.0,
                0.0,
                0.0
            ],
            "recovery_time": [
                500,
                500,
                500,
                500,
                500,
                500,
                500,
                500,
                500
            ],
            "sg_area": [
                63.984,
                0.0,
                0.0,
                0.0,
                0.0,
                0.0,
                0.0,
                0.0,
                0.0
            ]
        },
        "1": {
            "peak_drop": [
                67.5,
                0.0,
                0.0,
                0.0,
                0.0,
                0.0,
                0.0,
                0.0
            ],
            "recovery_time": [
                500,
                500,
                500,
                500,
                500,
                500,
                500,
                500
            ],
            "sg_area": [
                66.96,
                0.0,
                0.0,
                0.0,
                0.0,
                0.0,
                0.0,
                0.0
            ]
        },
        "2": {
            "peak_drop": [
                71.75,
                0.0,
                0.0,
                0.0,
                0.0,
                0.0,
                0.0
            ],
            "recovery_time": [
                500,
                500,
                500,
                500,
                500,
                500,
                500
            ],
            "sg_area": [
                71.176,
                0.0,
                0.0,
                0.0,
                0.0,
                0.0,
                0.0
            ]
        },
        "3": {
            "peak_drop": [
                62.25,
                0.0,
                0.0,
                0.0,
                0.0,
                0.0
            ],
            "recovery_time": [
                500,
                500,
                500,
                500,
                500,
                500
            ],
            "sg_area": [
                61.752,
                0.0,
                0.0,
                0.0,
                0.0,
                0.0
            ]
        },
        "4": {
            "peak_drop": [
                65.75,
                0.0,
                0.0,
                0.0,
                0.0
            ],
            "recovery_time": [
                500,
                500,
                500,
                500,
                500
            ],
            "sg_area": [
                65.224,
                0.0,
                0.0,
                0.0,
                0.0
            ]
        },
        "5": {
            "peak_drop": [
                57.5,
                0.0,
                0.0,
                0.0
            ],
            "recovery_time": [
                500,
                500,
                500,
                500
            ],
            "sg_area": [
                57.04,
                0.0,
                0.0,
                0.0
            ]
        },
        "6": {
            "peak_drop": [
                56.5,
                0.0,
                0.0
            ],
            "recovery_time": [
                500,
                500,
                500
            ],
            "sg_area": [
                56.048,
                0.0,
                0.0
            ]
        },
        "7": {
            "peak_drop": [
                51.5,
                0.0
            ],
            "recovery_time": [
                500,
                500
            ],
            "sg_area": [
                51.088,
                0.0
            ]
        },
        "8": {
            "peak_drop": [
                54.0
            ],
            "recovery_time": [
                500
            ],
            "sg_area": [
                53.568
            ]
        },
        "9": {
            "peak_drop": [],
            "recovery_time": [],
            "sg_area": []
        }
    },
    "all_sg_areas": [
        63.984,
        0.0,
        0.0,
        0.0,
        0.0,
        0.0,
        0.0,
        0.0,
        0.0,
        66.96,
        0.0,
        0.0,
        0.0,
        0.0,
        0.0,
        0.0,
        0.0,
        71.176,
        0.0,
        0.0,
        0.0,
        0.0,
        0.0,
        0.0,
        61.752,
        0.0,
        0.0,
        0.0,
        0.0,
        0.0,
        65.224,
        0.0,
        0.0,
        0.0,
        0.0,
        57.04,
        0.0,
        0.0,
        0.0,
        56.048,
        0.0,
        0.0,
        51.088,
        0.0,
        53.568
    ],
    "all_peak_drops": [
        64.5,
        0.0,
        0.0,
        0.0,
        0.0,
        0.0,
        0.0,
        0.0,
        0.0,
        67.5,
        0.0,
        0.0,
        0.0,
        0.0,
        0.0,
        0.0,
        0.0,
        71.75,
        0.0,
        0.0,
        0.0,
        0.0,
        0.0,
        0.0,
        62.25,
        0.0,
        0.0,
        0.0,
        0.0,
        0.0,
        65.75,
        0.0,
        0.0,
        0.0,
        0.0,
        57.5,
        0.0,
        0.0,
        0.0,
        56.5,
        0.0,
        0.0,
        51.5,
        0.0,
        54.0
    ],
    "all_recovery_times": [
        500,
        500,
        500,
        500,
        500,
        500,
        500,
        500,
        500,
        500,
        500,
        500,
        500,
        500,
        500,
        500,
        500,
        500,
        500,
        500,
        500,
        500,
        500,
        500,
        500,
        500,
        500,
        500,
        500,
        500,
        500,
        500,
        500,
        500,
        500,
        500,
        500,
        500,
        500,
        500,
        500,
        500,
        500,
        500,
        500
    ],
    "switch_steps": [
        620,
        1240,
        1860,
        2480,
        3100,
        3720,
        4340,
        4960,
        5580
    ],
    "final_step": 6200,
    "config": {
        "name": "ratio_0.0",
        "replay_ratio": 0.0,
        "lambda_prox": 0.0,
        "use_sam": false,
        "output_dir": "sw/sweep_replay_ratio"
    }
}