{
    "forgetting": 64.52777777777777,
    "learning_success": 74.6,
    "retention_ratio": 0.221514745308311,
    "stability_gap": 11.57611111111111,
    "peak_drop": 14.494444444444444,
    "recovery_time_median": 200.0,
    "recovery_rate": 0.6222222222222222,
    "recovery_window": 500,
    "recovery_scale": 0.95,
    "sg_window_steps": 500,
    "per_task_metrics": {
        "0": {
            "peak_drop": [
                57.75,
                0.5,
                1.25,
                3.0,
                2.25,
                0.0,
                1.5,
                1.75,
                0.0
            ],
            "recovery_time": [
                500,
                125,
                125,
                200,
                200,
                125,
                125,
                200,
                125
            ],
            "sg_area": [
                42.375,
                0.0,
                0.3125,
                1.3375,
                0.5,
                0.0,
                0.275,
                0.5625,
                0.0
            ]
        },
        "1": {
            "peak_drop": [
                52.75,
                7.25,
                0.5,
                1.5,
                0.75,
                1.0,
                2.25,
                0.75
            ],
            "recovery_time": [
                500,
                500,
                125,
                200,
                125,
                125,
                500,
                200
            ],
            "sg_area": [
                45.6125,
                3.9625,
                0.0,
                0.15,
                0.0,
                0.3,
                1.075,
                0.3375
            ]
        },
        "2": {
            "peak_drop": [
                58.5,
                13.25,
                0.0,
                3.5,
                4.75,
                2.5,
                0.0
            ],
            "recovery_time": [
                500,
                500,
                125,
                125,
                125,
                125,
                125
            ],
            "sg_area": [
                47.8375,
                7.8625,
                0.0,
                0.325,
                1.3375,
                0.6625,
                0.0
            ]
        },
        "3": {
            "peak_drop": [
                61.5,
                4.0,
                3.75,
                1.0,
                0.5,
                2.0
            ],
            "recovery_time": [
                500,
                125,
                125,
                125,
                125,
                125
            ],
            "sg_area": [
                53.9875,
                1.9375,
                0.9375,
                0.05,
                0.1,
                0.95
            ]
        },
        "4": {
            "peak_drop": [
                58.25,
                6.5,
                5.25,
                7.0,
                1.0
            ],
            "recovery_time": [
                500,
                250,
                500,
                250,
                200
            ],
            "sg_area": [
                51.6125,
                2.3375,
                2.3875,
                2.6125,
                0.3125
            ]
        },
        "5": {
            "peak_drop": [
                52.5,
                11.25,
                9.25,
                8.25
            ],
            "recovery_time": [
                500,
                500,
                500,
                200
            ],
            "sg_area": [
                46.5625,
                6.5375,
                6.4125,
                4.0125
            ]
        },
        "6": {
            "peak_drop": [
                66.5,
                0.75,
                6.75
            ],
            "recovery_time": [
                500,
                125,
                500
            ],
            "sg_area": [
                62.025,
                0.1,
                3.9375
            ]
        },
        "7": {
            "peak_drop": [
                50.75,
                16.0
            ],
            "recovery_time": [
                500,
                500
            ],
            "sg_area": [
                45.5875,
                14.025
            ]
        },
        "8": {
            "peak_drop": [
                62.25
            ],
            "recovery_time": [
                500
            ],
            "sg_area": [
                59.675
            ]
        },
        "9": {
            "peak_drop": [],
            "recovery_time": [],
            "sg_area": []
        }
    },
    "all_sg_areas": [
        42.375,
        0.0,
        0.3125,
        1.3375,
        0.5,
        0.0,
        0.275,
        0.5625,
        0.0,
        45.6125,
        3.9625,
        0.0,
        0.15,
        0.0,
        0.3,
        1.075,
        0.3375,
        47.8375,
        7.8625,
        0.0,
        0.325,
        1.3375,
        0.6625,
        0.0,
        53.9875,
        1.9375,
        0.9375,
        0.05,
        0.1,
        0.95,
        51.6125,
        2.3375,
        2.3875,
        2.6125,
        0.3125,
        46.5625,
        6.5375,
        6.4125,
        4.0125,
        62.025,
        0.1,
        3.9375,
        45.5875,
        14.025,
        59.675
    ],
    "all_peak_drops": [
        57.75,
        0.5,
        1.25,
        3.0,
        2.25,
        0.0,
        1.5,
        1.75,
        0.0,
        52.75,
        7.25,
        0.5,
        1.5,
        0.75,
        1.0,
        2.25,
        0.75,
        58.5,
        13.25,
        0.0,
        3.5,
        4.75,
        2.5,
        0.0,
        61.5,
        4.0,
        3.75,
        1.0,
        0.5,
        2.0,
        58.25,
        6.5,
        5.25,
        7.0,
        1.0,
        52.5,
        11.25,
        9.25,
        8.25,
        66.5,
        0.75,
        6.75,
        50.75,
        16.0,
        62.25
    ],
    "all_recovery_times": [
        500,
        125,
        125,
        200,
        200,
        125,
        125,
        200,
        125,
        500,
        500,
        125,
        200,
        125,
        125,
        500,
        200,
        500,
        500,
        125,
        125,
        125,
        125,
        125,
        500,
        125,
        125,
        125,
        125,
        125,
        500,
        250,
        500,
        250,
        200,
        500,
        500,
        500,
        200,
        500,
        125,
        500,
        500,
        500,
        500
    ],
    "switch_steps": [
        1250,
        2500,
        3750,
        5000,
        6250,
        7500,
        8750,
        10000,
        11250
    ],
    "final_step": 12500,
    "config": {
        "name": "ratio_0.5",
        "replay_ratio": 0.5,
        "lambda_prox": 0.0,
        "use_sam": false,
        "output_dir": "sw/sweep_replay_ratio"
    }
}