{
    "forgetting": 41.583333333333336,
    "learning_success": 68.75,
    "retention_ratio": 0.4556363636363636,
    "stability_gap": 20.068222222222225,
    "peak_drop": 28.272222222222222,
    "first_drop": 26.405555555555555,
    "last_drop": 8.877777777777778,
    "recovery_time_median": 600.0,
    "recovery_rate": 0.7111111111111111,
    "recovery_window": 5000,
    "recovery_scale": 0.8,
    "sg_window_steps": 100,
    "acc_bounds": [
        0.0,
        100.0
    ],
    "acc_auc_norm_mean": 34.061115718502826,
    "acc_auc_ratio_01_mean": 0.34061115718502827,
    "per_task_metrics": {
        "0": {
            "peak_drop": [
                49.75,
                36.75,
                20.25,
                23.0,
                23.5,
                14.25,
                13.5,
                15.5,
                6.0
            ],
            "recovery_time": [
                5000,
                5000,
                600,
                600,
                608,
                600,
                600,
                600,
                304
            ],
            "sg_area": [
                33.44,
                27.93,
                14.82,
                13.49,
                17.29,
                8.36,
                7.03,
                11.78,
                4.56
            ],
            "first_drop": [
                44.0,
                36.75,
                19.5,
                17.75,
                22.75,
                11.0,
                9.25,
                15.5,
                6.0
            ],
            "last_drop": [
                17.25,
                11.75,
                2.0,
                0.0,
                8.0,
                0.0,
                1.5,
                5.25,
                0.0
            ],
            "acc_auc": 162436.0,
            "acc_auc_norm": 21.58904837852206,
            "acc_auc_ratio_01": 0.2158904837852206
        },
        "1": {
            "peak_drop": [
                41.75,
                31.5,
                18.5,
                14.25,
                9.75,
                11.25,
                18.75,
                12.5
            ],
            "recovery_time": [
                5000,
                5000,
                600,
                600,
                400,
                532,
                760,
                456
            ],
            "sg_area": [
                30.59,
                21.47,
                14.06,
                10.83,
                6.27,
                3.23,
                11.4,
                5.89
            ],
            "first_drop": [
                40.25,
                28.25,
                18.5,
                14.25,
                8.25,
                4.25,
                15.0,
                7.75
            ],
            "last_drop": [
                13.75,
                11.5,
                4.0,
                1.25,
                0.0,
                0.0,
                4.5,
                0.0
            ],
            "acc_auc": 126931.0,
            "acc_auc_norm": 18.765671200473093,
            "acc_auc_ratio_01": 0.18765671200473094
        },
        "2": {
            "peak_drop": [
                47.25,
                31.5,
                21.0,
                29.0,
                22.0,
                14.0,
                21.5
            ],
            "recovery_time": [
                5000,
                600,
                600,
                608,
                600,
                600,
                532
            ],
            "sg_area": [
                35.91,
                23.94,
                15.96,
                22.04,
                16.72,
                10.64,
                12.16
            ],
            "first_drop": [
                47.25,
                31.5,
                21.0,
                29.0,
                22.0,
                14.0,
                16.0
            ],
            "last_drop": [
                22.75,
                5.0,
                0.0,
                4.75,
                2.25,
                0.0,
                0.0
            ],
            "acc_auc": 173241.0,
            "acc_auc_norm": 28.854263824117254,
            "acc_auc_ratio_01": 0.28854263824117254
        },
        "3": {
            "peak_drop": [
                58.5,
                24.5,
                22.0,
                21.5,
                16.0,
                18.0
            ],
            "recovery_time": [
                5000,
                600,
                684,
                684,
                684,
                5000
            ],
            "sg_area": [
                41.61,
                16.15,
                16.72,
                14.63,
                12.16,
                12.92
            ],
            "first_drop": [
                54.75,
                21.25,
                22.0,
                19.25,
                16.0,
                17.0
            ],
            "last_drop": [
                32.5,
                4.75,
                0.0,
                2.5,
                1.75,
                5.25
            ],
            "acc_auc": 108847.0,
            "acc_auc_norm": 20.75648360030511,
            "acc_auc_ratio_01": 0.2075648360030511
        },
        "4": {
            "peak_drop": [
                61.75,
                18.5,
                17.75,
                25.5,
                21.25
            ],
            "recovery_time": [
                5000,
                456,
                600,
                456,
                608
            ],
            "sg_area": [
                46.93,
                14.06,
                13.49,
                14.63,
                14.82
            ],
            "first_drop": [
                61.75,
                18.5,
                17.75,
                19.25,
                19.5
            ],
            "last_drop": [
                40.5,
                0.5,
                0.0,
                3.25,
                3.5
            ],
            "acc_auc": 124934.0,
            "acc_auc_norm": 27.862176628010705,
            "acc_auc_ratio_01": 0.27862176628010704
        },
        "5": {
            "peak_drop": [
                67.25,
                31.25,
                23.25,
                28.25
            ],
            "recovery_time": [
                5000,
                760,
                532,
                5000
            ],
            "sg_area": [
                46.17,
                22.99,
                17.67,
                21.47
            ],
            "first_drop": [
                60.75,
                30.25,
                23.25,
                28.25
            ],
            "last_drop": [
                32.25,
                8.25,
                0.0,
                11.75
            ],
            "acc_auc": 122398.0,
            "acc_auc_norm": 32.86734693877551,
            "acc_auc_ratio_01": 0.3286734693877551
        },
        "6": {
            "peak_drop": [
                68.75,
                18.25,
                25.25
            ],
            "recovery_time": [
                5000,
                456,
                684
            ],
            "sg_area": [
                52.25,
                12.73,
                19.19
            ],
            "first_drop": [
                68.75,
                16.75,
                25.25
            ],
            "last_drop": [
                42.25,
                0.0,
                1.75
            ],
            "acc_auc": 95963.0,
            "acc_auc_norm": 32.37618083670715,
            "acc_auc_ratio_01": 0.32376180836707147
        },
        "7": {
            "peak_drop": [
                59.75,
                25.75
            ],
            "recovery_time": [
                5000,
                600
            ],