{
    "forgetting": 41.111111111111114,
    "learning_success": 68.625,
    "retention_ratio": 0.46083788706739526,
    "stability_gap": 20.055555555555557,
    "peak_drop": 28.77777777777778,
    "first_drop": 26.38888888888889,
    "last_drop": 8.75,
    "recovery_time_median": 684.0,
    "recovery_rate": 0.6888888888888889,
    "recovery_window": 5000,
    "recovery_scale": 0.8,
    "sg_window_steps": 100,
    "acc_bounds": [
        0.0,
        100.0
    ],
    "acc_auc_norm_mean": 34.08264360280948,
    "acc_auc_ratio_01_mean": 0.34082643602809487,
    "per_task_metrics": {
        "0": {
            "peak_drop": [
                49.75,
                37.25,
                19.75,
                22.5,
                20.25,
                14.25,
                12.25,
                16.0,
                10.25
            ],
            "recovery_time": [
                5000,
                5000,
                608,
                608,
                600,
                400,
                600,
                304,
                228
            ],
            "sg_area": [
                33.44,
                25.46,
                13.68,
                17.1,
                15.39,
                10.83,
                5.7,
                10.07,
                7.79
            ],
            "first_drop": [
                44.0,
                33.5,
                18.0,
                22.5,
                20.25,
                14.25,
                7.5,
                13.25,
                10.25
            ],
            "last_drop": [
                17.5,
                11.25,
                0.0,
                3.25,
                6.0,
                0.75,
                3.25,
                2.25,
                0.0
            ],
            "acc_auc": 163040.0,
            "acc_auc_norm": 21.669324827219565,
            "acc_auc_ratio_01": 0.21669324827219566
        },
        "1": {
            "peak_drop": [
                43.75,
                32.0,
                20.75,
                12.25,
                13.0,
                15.5,
                19.5,
                14.25
            ],
            "recovery_time": [
                5000,
                5000,
                608,
                600,
                400,
                600,
                684,
                684
            ],
            "sg_area": [
                30.02,
                20.9,
                15.77,
                8.36,
                9.88,
                5.51,
                10.07,
                6.08
            ],
            "first_drop": [
                39.5,
                27.5,
                20.75,
                11.0,
                13.0,
                7.25,
                13.25,
                8.0
            ],
            "last_drop": [
                15.5,
                9.75,
                5.75,
                0.0,
                1.75,
                0.0,
                2.0,
                0.0
            ],
            "acc_auc": 125756.0,
            "acc_auc_norm": 18.591957421643997,
            "acc_auc_ratio_01": 0.18591957421643998
        },
        "2": {
            "peak_drop": [
                50.5,
                28.0,
                20.25,
                31.0,
                17.75,
                18.0,
                20.25
            ],
            "recovery_time": [
                5000,
                608,
                304,
                684,
                684,
                600,
                600
            ],
            "sg_area": [
                38.38,
                21.28,
                15.39,
                23.56,
                11.97,
                7.03,
                15.2
            ],
            "first_drop": [
                50.5,
                28.0,
                20.25,
                31.0,
                15.75,
                9.25,
                20.0
            ],
            "last_drop": [
                26.5,
                1.0,
                0.0,
                7.0,
                2.0,
                0.0,
                0.0
            ],
            "acc_auc": 170909.0,
            "acc_auc_norm": 28.465856095936044,
            "acc_auc_ratio_01": 0.28465856095936043
        },
        "3": {
            "peak_drop": [
                59.75,
                23.0,
                22.5,
                18.0,
                19.0,
                21.75
            ],
            "recovery_time": [
                5000,
                600,
                684,
                684,
                684,
                5000
            ],
            "sg_area": [
                42.18,
                16.53,
                17.1,
                11.4,
                14.44,
                15.58
            ],
            "first_drop": [
                55.5,
                21.75,
                22.5,
                15.0,
                19.0,
                20.5
            ],
            "last_drop": [
                33.0,
                4.25,
                2.5,
                1.0,
                0.0,
                7.0
            ],
            "acc_auc": 108756.0,
            "acc_auc_norm": 20.73913043478261,
            "acc_auc_ratio_01": 0.2073913043478261
        },
        "4": {
            "peak_drop": [
                61.0,
                21.75,
                19.25,
                30.5,
                22.0
            ],
            "recovery_time": [
                5000,
                608,
                532,
                684,
                600
            ],
            "sg_area": [
                45.22,
                15.2,
                11.02,
                13.49,
                14.63
            ],
            "first_drop": [
                59.5,
                20.0,
                14.5,
                17.75,
                19.25
            ],
            "last_drop": [
                37.5,
                1.75,
                0.0,
                5.0,
                3.25
            ],
            "acc_auc": 127294.0,
            "acc_auc_norm": 28.38849241748439,
            "acc_auc_ratio_01": 0.2838849241748439
        },
        "5": {
            "peak_drop": [
                63.25,
                31.0,
                24.5,
                26.25
            ],
            "recovery_time": [
                5000,
                600,
                600,
                5000
            ],
            "sg_area": [
                43.51,
                22.61,
                18.62,
                19.38
            ],
            "first_drop": [
                57.25,
                29.75,
                24.5,
                25.5
            ],
            "last_drop": [
                30.75,
                7.75,
                0.0,
                8.75
            ],
            "acc_auc": 122324.0,
            "acc_auc_norm": 32.847475832438235,
            "acc_auc_ratio_01": 0.32847475832438233
        },
        "6": {
            "peak_drop": [
                70.5,
                17.25,
                25.25
            ],
            "recovery_time": [
                5000,
                532,
                684
            ],
            "sg_area": [
                53.58,
                12.35,
                19.19
            ],
            "first_drop": [
                70.5,
                16.25,
                25.25
            ],
            "last_drop": [
                43.5,
                0.0,
                3.75
            ],
            "acc_auc": 96152.0,
            "acc_auc_norm": 32.43994601889339,
            "acc_auc_ratio_01": 0.3243994601889339
        },
        "7": {
            "peak_drop": [
                59.5,
                27.75
            ],
            "recovery_time": [
                5000,
                5000
            ],