{
    "forgetting": 42.02777777777778,
    "learning_success": 68.35,
    "retention_ratio": 0.44659839063643014,
    "stability_gap": 20.01333333333333,
    "peak_drop": 28.61111111111111,
    "first_drop": 26.333333333333332,
    "last_drop": 8.738888888888889,
    "recovery_time_median": 608.0,
    "recovery_rate": 0.6666666666666666,
    "recovery_window": 5000,
    "recovery_scale": 0.8,
    "sg_window_steps": 100,
    "acc_bounds": [
        0.0,
        100.0
    ],
    "acc_auc_norm_mean": 34.163036027964985,
    "acc_auc_ratio_01_mean": 0.3416303602796499,
    "per_task_metrics": {
        "0": {
            "peak_drop": [
                49.75,
                36.75,
                19.75,
                24.0,
                21.0,
                10.25,
                14.25,
                15.5,
                10.0
            ],
            "recovery_time": [
                5000,
                5000,
                608,
                600,
                608,
                400,
                600,
                760,
                304
            ],
            "sg_area": [
                33.44,
                25.65,
                15.01,
                15.01,
                15.96,
                5.7,
                6.27,
                11.59,
                7.6
            ],
            "first_drop": [
                44.0,
                33.75,
                19.75,
                19.75,
                21.0,
                7.5,
                8.25,
                15.25,
                10.0
            ],
            "last_drop": [
                18.0,
                9.75,
                2.0,
                2.0,
                9.0,
                0.0,
                1.5,
                3.0,
                0.0
            ],
            "acc_auc": 160676.0,
            "acc_auc_norm": 21.35513024986709,
            "acc_auc_ratio_01": 0.2135513024986709
        },
        "1": {
            "peak_drop": [
                42.25,
                31.25,
                18.25,
                16.75,
                13.0,
                15.25,
                16.0,
                15.75
            ],
            "recovery_time": [
                5000,
                5000,
                600,
                600,
                400,
                304,
                684,
                456
            ],
            "sg_area": [
                31.73,
                21.28,
                13.87,
                12.54,
                9.88,
                7.79,
                9.69,
                5.89
            ],
            "first_drop": [
                41.75,
                28.0,
                18.25,
                16.5,
                13.0,
                10.25,
                12.75,
                7.75
            ],
            "last_drop": [
                12.75,
                13.75,
                0.0,
                0.5,
                2.0,
                0.0,
                2.75,
                0.0
            ],
            "acc_auc": 127035.0,
            "acc_auc_norm": 18.781046717918393,
            "acc_auc_ratio_01": 0.18781046717918393
        },
        "2": {
            "peak_drop": [
                50.5,
                32.75,
                23.75,
                30.75,
                21.0,
                17.25,
                23.0
            ],
            "recovery_time": [
                5000,
                608,
                304,
                600,
                684,
                600,
                600
            ],
            "sg_area": [
                38.38,
                24.89,
                18.05,
                23.37,
                13.49,
                10.45,
                15.96
            ],
            "first_drop": [
                50.5,
                32.75,
                23.75,
                30.75,
                17.75,
                13.75,
                21.0
            ],
            "last_drop": [
                23.75,
                3.0,
                1.0,
                3.75,
                2.0,
                0.0,
                2.5
            ],
            "acc_auc": 170780.0,
            "acc_auc_norm": 28.444370419720187,
            "acc_auc_ratio_01": 0.2844437041972019
        },
        "3": {
            "peak_drop": [
                57.0,
                22.0,
                23.25,
                17.75,
                17.75,
                19.0
            ],
            "recovery_time": [
                5000,
                608,
                684,
                684,
                400,
                5000
            ],
            "sg_area": [
                41.23,
                15.96,
                17.67,
                8.93,
                13.49,
                13.49
            ],
            "first_drop": [
                54.25,
                21.0,
                23.25,
                11.75,
                17.75,
                17.75
            ],
            "last_drop": [
                31.5,
                4.75,
                2.5,
                1.0,
                0.0,
                5.5
            ],
            "acc_auc": 108727.0,
            "acc_auc_norm": 20.733600305110603,
            "acc_auc_ratio_01": 0.20733600305110603
        },
        "4": {
            "peak_drop": [
                62.75,
                19.75,
                21.0,
                23.75,
                21.0
            ],
            "recovery_time": [
                5000,
                456,
                600,
                760,
                600
            ],
            "sg_area": [
                47.69,
                15.01,
                10.45,
                14.25,
                11.78
            ],
            "first_drop": [
                62.75,
                19.75,
                13.75,
                18.75,
                15.5
            ],
            "last_drop": [
                39.75,
                0.5,
                0.0,
                3.0,
                1.75
            ],
            "acc_auc": 125239.0,
            "acc_auc_norm": 27.930196253345226,
            "acc_auc_ratio_01": 0.27930196253345224
        },
        "5": {
            "peak_drop": [
                63.5,
                30.5,
                21.75,
                27.5
            ],
            "recovery_time": [
                5000,
                5000,
                532,
                5000
            ],
            "sg_area": [
                43.7,
                22.04,
                16.34,
                19.95
            ],
            "first_drop": [
                57.5,
                29.0,
                21.5,
                26.25
            ],
            "last_drop": [
                30.75,
                9.0,
                0.0,
                11.5
            ],
            "acc_auc": 121059.0,
            "acc_auc_norm": 32.5077873254565,
            "acc_auc_ratio_01": 0.325077873254565
        },
        "6": {
            "peak_drop": [
                67.25,
                18.5,
                23.25
            ],
            "recovery_time": [
                5000,
                600,
                684
            ],
            "sg_area": [
                51.11,
                12.92,
                17.1
            ],
            "first_drop": [
                67.25,
                17.0,
                22.5
            ],
            "last_drop": [
                39.75,
                0.25,
                4.5
            ],
            "acc_auc": 96593.0,
            "acc_auc_norm": 32.588731443994604,
            "acc_auc_ratio_01": 0.32588731443994606
        },
        "7": {
            "peak_drop": [
                60.25,
                27.5
            ],
            "recovery_time": [
                5000,
                5000
            ],