{
    "forgetting": 41.22222222222222,
    "learning_success": 68.225,
    "retention_ratio": 0.4562110663246611,
    "stability_gap": 20.199111111111108,
    "peak_drop": 29.083333333333332,
    "first_drop": 26.57777777777778,
    "last_drop": 8.511111111111111,
    "recovery_time_median": 684.0,
    "recovery_rate": 0.6444444444444445,
    "recovery_window": 5000,
    "recovery_scale": 0.8,
    "sg_window_steps": 100,
    "acc_bounds": [
        0.0,
        100.0
    ],
    "acc_auc_norm_mean": 33.97104045654162,
    "acc_auc_ratio_01_mean": 0.3397104045654162,
    "per_task_metrics": {
        "0": {
            "peak_drop": [
                49.75,
                36.5,
                16.25,
                21.0,
                23.75,
                14.5,
                12.5,
                15.25,
                9.0
            ],
            "recovery_time": [
                5000,
                5000,
                608,
                600,
                5000,
                456,
                600,
                608,
                152
            ],
            "sg_area": [
                33.44,
                27.17,
                10.45,
                15.39,
                16.34,
                6.84,
                4.37,
                11.59,
                6.84
            ],
            "first_drop": [
                44.0,
                35.75,
                13.75,
                20.25,
                21.5,
                9.0,
                5.75,
                15.25,
                9.0
            ],
            "last_drop": [
                18.25,
                11.5,
                0.0,
                1.0,
                8.5,
                0.0,
                2.25,
                2.25,
                0.0
            ],
            "acc_auc": 161946.0,
            "acc_auc_norm": 21.523923444976077,
            "acc_auc_ratio_01": 0.21523923444976079
        },
        "1": {
            "peak_drop": [
                42.25,
                33.25,
                21.25,
                18.0,
                16.5,
                13.5,
                16.5,
                13.5
            ],
            "recovery_time": [
                5000,
                5000,
                600,
                684,
                608,
                532,
                684,
                684
            ],
            "sg_area": [
                31.54,
                20.9,
                16.15,
                13.68,
                12.54,
                6.46,
                9.31,
                7.6
            ],
            "first_drop": [
                41.5,
                27.5,
                21.25,
                18.0,
                16.5,
                8.5,
                12.25,
                10.0
            ],
            "last_drop": [
                14.75,
                12.25,
                0.75,
                0.25,
                2.5,
                0.75,
                0.75,
                1.25
            ],
            "acc_auc": 124617.0,
            "acc_auc_norm": 18.4235659373152,
            "acc_auc_ratio_01": 0.184235659373152
        },
        "2": {
            "peak_drop": [
                51.75,
                35.0,
                21.0,
                31.25,
                23.25,
                20.5,
                23.5
            ],
            "recovery_time": [
                5000,
                608,
                304,
                684,
                600,
                600,
                600
            ],
            "sg_area": [
                39.33,
                26.6,
                15.96,
                23.75,
                13.11,
                11.97,
                17.1
            ],
            "first_drop": [
                51.75,
                35.0,
                21.0,
                31.25,
                17.25,
                15.75,
                22.5
            ],
            "last_drop": [
                23.5,
                3.75,
                0.0,
                6.0,
                0.0,
                0.0,
                0.0
            ],
            "acc_auc": 171266.0,
            "acc_auc_norm": 28.525316455696203,
            "acc_auc_ratio_01": 0.28525316455696204
        },
        "3": {
            "peak_drop": [
                59.75,
                24.0,
                22.0,
                20.25,
                19.25,
                20.5
            ],
            "recovery_time": [
                5000,
                5000,
                684,
                684,
                684,
                5000
            ],
            "sg_area": [
                42.75,
                15.58,
                16.72,
                12.35,
                14.63,
                12.16
            ],
            "first_drop": [
                56.25,
                20.5,
                22.0,
                16.25,
                19.25,
                16.0
            ],
            "last_drop": [
                31.75,
                7.0,
                0.0,
                0.0,
                0.75,
                6.0
            ],
            "acc_auc": 108792.0,
            "acc_auc_norm": 20.74599542334096,
            "acc_auc_ratio_01": 0.2074599542334096
        },
        "4": {
            "peak_drop": [
                58.25,
                24.25,
                19.25,
                27.5,
                20.75
            ],
            "recovery_time": [
                5000,
                228,
                600,
                760,
                600
            ],
            "sg_area": [
                43.89,
                18.43,
                12.16,
                13.68,
                10.64
            ],
            "first_drop": [
                57.75,
                24.25,
                16.0,
                18.0,
                14.0
            ],
            "last_drop": [
                37.5,
                0.0,
                0.0,
                3.75,
                2.25
            ],
            "acc_auc": 123062.0,
            "acc_auc_norm": 27.444692239072257,
            "acc_auc_ratio_01": 0.27444692239072255
        },
        "5": {
            "peak_drop": [
                61.75,
                30.75,
                24.25,
                28.75
            ],
            "recovery_time": [
                5000,
                600,
                600,
                5000
            ],
            "sg_area": [
                44.27,
                21.28,
                18.43,
                17.48
            ],
            "first_drop": [
                58.25,
                28.0,
                24.25,
                23.0
            ],
            "last_drop": [
                31.0,
                6.75,
                0.0,
                8.5
            ],
            "acc_auc": 120634.0,
            "acc_auc_norm": 32.3936627282492,
            "acc_auc_ratio_01": 0.32393662728249195
        },
        "6": {
            "peak_drop": [
                69.0,
                20.75,
                24.25
            ],
            "recovery_time": [
                5000,
                600,
                684
            ],
            "sg_area": [
                50.16,
                15.77,
                18.43
            ],
            "first_drop": [
                66.0,
                20.75,
                24.25
            ],
            "last_drop": [
                39.0,
                2.25,
                2.5
            ],
            "acc_auc": 96446.0,
            "acc_auc_norm": 32.539136302294196,
            "acc_auc_ratio_01": 0.32539136302294197
        },
        "7": {
            "peak_drop": [
                57.0,
                25.5
            ],
            "recovery_time": [
                5000,
                5000
            ],