{
    "forgetting": 9.472222222222221,
    "learning_success": 32.675,
    "retention_ratio": 0.993114001530222,
    "stability_gap": 19.87822222222222,
    "peak_drop": 27.905555555555555,
    "first_drop": 26.155555555555555,
    "last_drop": 2.45,
    "recovery_time_median": 684.0,
    "recovery_rate": 0.9555555555555556,
    "recovery_window": 5000,
    "recovery_scale": 0.8,
    "sg_window_steps": 100,
    "acc_bounds": [
        0.0,
        100.0
    ],
    "acc_auc_norm_mean": 30.033726847331604,
    "acc_auc_ratio_01_mean": 0.30033726847331604,
    "per_task_metrics": {
        "0": {
            "peak_drop": [
                49.75,
                56.25,
                38.0,
                35.75,
                33.75,
                25.25,
                23.25,
                31.0,
                19.75
            ],
            "recovery_time": [
                608,
                760,
                684,
                760,
                600,
                684,
                600,
                684,
                600
            ],
            "sg_area": [
                33.44,
                36.1,
                28.5,
                23.75,
                23.75,
                17.67,
                15.96,
                23.37,
                15.01
            ],
            "first_drop": [
                44.0,
                47.5,
                37.5,
                31.25,
                31.25,
                23.25,
                21.0,
                30.75,
                19.75
            ],
            "last_drop": [
                1.0,
                11.25,
                2.0,
                5.75,
                5.0,
                5.5,
                0.0,
                7.25,
                0.0
            ],
            "acc_auc": 179025.0,
            "acc_auc_norm": 23.79385964912281,
            "acc_auc_ratio_01": 0.2379385964912281
        },
        "1": {
            "peak_drop": [
                8.75,
                34.25,
                29.25,
                27.75,
                19.0,
                18.5,
                18.0,
                19.0
            ],
            "recovery_time": [
                228,
                684,
                608,
                760,
                600,
                532,
                684,
                600
            ],
            "sg_area": [
                6.65,
                23.94,
                22.23,
                21.09,
                13.11,
                9.88,
                12.92,
                11.59
            ],
            "first_drop": [
                8.75,
                31.5,
                29.25,
                27.75,
                17.25,
                13.0,
                17.0,
                15.25
            ],
            "last_drop": [
                0.0,
                4.0,
                1.0,
                3.5,
                1.75,
                2.5,
                0.5,
                0.0
            ],
            "acc_auc": 118588.0,
            "acc_auc_norm": 17.53222945002957,
            "acc_auc_ratio_01": 0.17532229450029568
        },
        "2": {
            "peak_drop": [
                19.0,
                36.25,
                24.25,
                33.0,
                30.75,
                23.25,
                26.75
            ],
            "recovery_time": [
                380,
                684,
                760,
                600,
                684,
                600,
                608
            ],
            "sg_area": [
                14.44,
                26.98,
                15.58,
                25.08,
                21.09,
                15.2,
                16.15
            ],
            "first_drop": [
                19.0,
                35.5,
                20.5,
                33.0,
                27.75,
                20.0,
                21.25
            ],
            "last_drop": [
                0.0,
                1.25,
                2.25,
                1.0,
                2.5,
                1.25,
                0.0
            ],
            "acc_auc": 155311.0,
            "acc_auc_norm": 25.86792138574284,
            "acc_auc_ratio_01": 0.25867921385742837
        },
        "3": {
            "peak_drop": [
                17.25,
                24.5,
                25.5,
                27.0,
                23.0,
                29.25
            ],
            "recovery_time": [
                608,
                684,
                684,
                760,
                600,
                5000
            ],
            "sg_area": [
                12.92,
                18.62,
                19.38,
                19.0,
                17.48,
                22.23
            ],
            "first_drop": [
                17.0,
                24.5,
                25.5,
                25.0,
                23.0,
                29.25
            ],
            "last_drop": [
                0.0,
                1.0,
                0.0,
                2.75,
                0.0,
                7.25
            ],
            "acc_auc": 96420.0,
            "acc_auc_norm": 18.386727688787186,
            "acc_auc_ratio_01": 0.18386727688787186
        },
        "4": {
            "peak_drop": [
                27.75,
                25.0,
                28.75,
                30.5,
                27.25
            ],
            "recovery_time": [
                684,
                684,
                684,
                684,
                760
            ],
            "sg_area": [
                21.09,
                16.15,
                21.85,
                18.81,
                20.71
            ],
            "first_drop": [
                27.75,
                21.25,
                28.75,
                24.75,
                27.25
            ],
            "last_drop": [
                0.0,
                0.0,
                0.0,
                1.5,
                4.5
            ],
            "acc_auc": 111039.0,
            "acc_auc_norm": 24.763380909901873,
            "acc_auc_ratio_01": 0.24763380909901872
        },
        "5": {
            "peak_drop": [
                25.75,
                25.75,
                25.0,
                33.25
            ],
            "recovery_time": [
                532,
                684,
                600,
                684
            ],
            "sg_area": [
                19.57,
                19.57,
                19.0,
                25.27
            ],
            "first_drop": [
                25.75,
                25.75,
                25.0,
                33.25
            ],
            "last_drop": [
                0.0,
                0.25,
                0.0,
                5.75
            ],
            "acc_auc": 104040.0,
            "acc_auc_norm": 27.937701396348015,
            "acc_auc_ratio_01": 0.27937701396348014
        },
        "6": {
            "peak_drop": [
                37.0,
                23.25,
                25.25
            ],
            "recovery_time": [
                608,
                600,
                600
            ],
            "sg_area": [
                28.12,
                11.21,
                19.19
            ],
            "first_drop": [
                37.0,
                14.75,
                25.25
            ],
            "last_drop": [
                1.5,
                4.5,
                0.0
            ],
            "acc_auc": 86427.0,
            "acc_auc_norm": 29.158906882591094,
            "acc_auc_ratio_01": 0.29158906882591096
        },
        "7": {
            "peak_drop": [
                31.75,
                19.0
            ],
            "recovery_time": [
                684,
                600
            ],