{
    "forgetting": 41.44444444444444,
    "learning_success": 68.8,
    "retention_ratio": 0.45784883720930236,
    "stability_gap": 20.33422222222222,
    "peak_drop": 28.522222222222222,
    "first_drop": 26.755555555555556,
    "last_drop": 8.755555555555556,
    "recovery_time_median": 684.0,
    "recovery_rate": 0.6888888888888889,
    "recovery_window": 5000,
    "recovery_scale": 0.8,
    "sg_window_steps": 100,
    "acc_bounds": [
        0.0,
        100.0
    ],
    "acc_auc_norm_mean": 34.330559725339185,
    "acc_auc_ratio_01_mean": 0.3433055972533919,
    "per_task_metrics": {
        "0": {
            "peak_drop": [
                49.75,
                36.0,
                18.75,
                23.0,
                18.5,
                13.75,
                13.75,
                13.5,
                7.5
            ],
            "recovery_time": [
                5000,
                5000,
                608,
                600,
                608,
                600,
                600,
                600,
                152
            ],
            "sg_area": [
                33.44,
                26.22,
                14.25,
                14.63,
                12.92,
                8.55,
                7.98,
                10.26,
                5.7
            ],
            "first_drop": [
                44.0,
                34.5,
                18.75,
                19.25,
                17.0,
                11.25,
                10.5,
                13.5,
                7.5
            ],
            "last_drop": [
                18.0,
                12.75,
                0.0,
                3.75,
                4.75,
                0.5,
                2.75,
                2.75,
                0.0
            ],
            "acc_auc": 158908.0,
            "acc_auc_norm": 21.120148856990962,
            "acc_auc_ratio_01": 0.2112014885699096
        },
        "1": {
            "peak_drop": [
                42.25,
                30.75,
                19.5,
                16.75,
                14.25,
                14.0,
                17.75,
                16.5
            ],
            "recovery_time": [
                5000,
                5000,
                600,
                600,
                400,
                600,
                684,
                684
            ],
            "sg_area": [
                32.11,
                22.61,
                14.82,
                12.73,
                10.83,
                7.22,
                9.12,
                7.03
            ],
            "first_drop": [
                42.25,
                29.75,
                19.5,
                16.75,
                14.25,
                9.5,
                12.0,
                9.25
            ],
            "last_drop": [
                14.25,
                11.5,
                1.75,
                0.0,
                1.5,
                0.25,
                2.0,
                0.0
            ],
            "acc_auc": 126634.0,
            "acc_auc_norm": 18.72176227084565,
            "acc_auc_ratio_01": 0.18721762270845652
        },
        "2": {
            "peak_drop": [
                47.5,
                31.5,
                17.25,
                32.75,
                22.5,
                17.75,
                23.25
            ],
            "recovery_time": [
                5000,
                684,
                304,
                684,
                684,
                600,
                600
            ],
            "sg_area": [
                36.1,
                23.94,
                13.11,
                24.89,
                15.01,
                10.83,
                17.48
            ],
            "first_drop": [
                47.5,
                31.5,
                17.25,
                32.75,
                19.75,
                14.25,
                23.0
            ],
            "last_drop": [
                22.25,
                4.5,
                0.0,
                4.75,
                0.75,
                0.0,
                0.75
            ],
            "acc_auc": 174812.0,
            "acc_auc_norm": 29.115922718187875,
            "acc_auc_ratio_01": 0.29115922718187875
        },
        "3": {
            "peak_drop": [
                59.75,
                23.0,
                27.0,
                20.5,
                17.5,
                19.5
            ],
            "recovery_time": [
                5000,
                608,
                684,
                684,
                684,
                5000
            ],
            "sg_area": [
                42.18,
                15.58,
                20.52,
                13.11,
                13.3,
                14.82
            ],
            "first_drop": [
                55.5,
                20.5,
                27.0,
                17.25,
                17.5,
                19.5
            ],
            "last_drop": [
                34.0,
                2.0,
                3.0,
                1.25,
                0.0,
                8.75
            ],
            "acc_auc": 108243.0,
            "acc_auc_norm": 20.641304347826086,
            "acc_auc_ratio_01": 0.20641304347826087
        },
        "4": {
            "peak_drop": [
                62.75,
                18.75,
                18.0,
                25.75,
                22.75
            ],
            "recovery_time": [
                5000,
                228,
                600,
                456,
                608
            ],
            "sg_area": [
                45.41,
                14.06,
                13.3,
                14.25,
                14.06
            ],
            "first_drop": [
                59.75,
                18.5,
                17.5,
                18.75,
                18.5
            ],
            "last_drop": [
                41.75,
                0.0,
                0.0,
                2.75,
                5.25
            ],
            "acc_auc": 127222.0,
            "acc_auc_norm": 28.37243532560214,
            "acc_auc_ratio_01": 0.2837243532560214
        },
        "5": {
            "peak_drop": [
                63.5,
                29.25,
                22.0,
                27.5
            ],
            "recovery_time": [
                5000,
                600,
                532,
                5000
            ],
            "sg_area": [
                46.55,
                20.71,
                16.72,
                20.9
            ],
            "first_drop": [
                61.25,
                27.25,
                22.0,
                27.5
            ],
            "last_drop": [
                31.25,
                11.0,
                0.0,
                9.75
            ],
            "acc_auc": 122014.0,
            "acc_auc_norm": 32.76423200859291,
            "acc_auc_ratio_01": 0.32764232008592914
        },
        "6": {
            "peak_drop": [
                66.5,
                19.0,
                22.5
            ],
            "recovery_time": [
                5000,
                456,
                684
            ],
            "sg_area": [
                50.54,
                13.49,
                17.1
            ],
            "first_drop": [
                66.5,
                17.75,
                22.5
            ],
            "last_drop": [
                40.25,
                0.0,
                0.25
            ],
            "acc_auc": 97730.0,
            "acc_auc_norm": 32.972334682860996,
            "acc_auc_ratio_01": 0.32972334682861
        },
        "7": {
            "peak_drop": [
                56.25,
                27.5
            ],
            "recovery_time": [
                5000,
                5000
            ],