{
    "forgetting": 41.861111111111114,
    "learning_success": 68.15,
    "retention_ratio": 0.44717534849596474,
    "stability_gap": 20.06822222222222,
    "peak_drop": 28.544444444444444,
    "first_drop": 26.405555555555555,
    "last_drop": 8.988888888888889,
    "recovery_time_median": 684.0,
    "recovery_rate": 0.6444444444444445,
    "recovery_window": 5000,
    "recovery_scale": 0.8,
    "sg_window_steps": 100,
    "acc_bounds": [
        0.0,
        100.0
    ],
    "acc_auc_norm_mean": 34.02182404179648,
    "acc_auc_ratio_01_mean": 0.3402182404179648,
    "per_task_metrics": {
        "0": {
            "peak_drop": [
                49.75,
                38.75,
                18.5,
                23.75,
                21.5,
                12.0,
                15.5,
                14.5,
                5.0
            ],
            "recovery_time": [
                5000,
                5000,
                600,
                608,
                5000,
                400,
                600,
                5000,
                152
            ],
            "sg_area": [
                33.44,
                27.36,
                12.92,
                13.49,
                15.96,
                7.03,
                8.17,
                11.02,
                3.8
            ],
            "first_drop": [
                44.0,
                36.0,
                17.0,
                17.75,
                21.0,
                9.25,
                10.75,
                14.5,
                5.0
            ],
            "last_drop": [
                17.5,
                12.0,
                0.0,
                1.5,
                9.25,
                0.0,
                3.75,
                5.5,
                0.0
            ],
            "acc_auc": 160115.0,
            "acc_auc_norm": 21.28056884635832,
            "acc_auc_ratio_01": 0.21280568846358322
        },
        "1": {
            "peak_drop": [
                45.0,
                33.0,
                19.25,
                18.5,
                11.75,
                15.75,
                19.5,
                14.5
            ],
            "recovery_time": [
                5000,
                5000,
                608,
                684,
                400,
                600,
                684,
                600
            ],
            "sg_area": [
                31.73,
                21.85,
                13.68,
                14.06,
                8.93,
                7.22,
                11.59,
                3.23
            ],
            "first_drop": [
                41.75,
                28.75,
                18.0,
                18.5,
                11.75,
                9.5,
                15.25,
                4.25
            ],
            "last_drop": [
                15.25,
                11.0,
                1.25,
                2.5,
                1.0,
                0.0,
                4.75,
                1.0
            ],
            "acc_auc": 126489.0,
            "acc_auc_norm": 18.700325251330575,
            "acc_auc_ratio_01": 0.18700325251330574
        },
        "2": {
            "peak_drop": [
                50.0,
                31.5,
                19.0,
                32.5,
                22.5,
                18.5,
                22.5
            ],
            "recovery_time": [
                5000,
                684,
                600,
                684,
                600,
                600,
                600
            ],
            "sg_area": [
                38.0,
                23.94,
                14.25,
                24.7,
                13.68,
                12.92,
                17.1
            ],
            "first_drop": [
                50.0,
                31.5,
                18.75,
                32.5,
                18.0,
                17.0,
                22.5
            ],
            "last_drop": [
                22.5,
                3.25,
                0.0,
                7.25,
                0.0,
                0.0,
                3.0
            ],
            "acc_auc": 169825.0,
            "acc_auc_norm": 28.28530979347102,
            "acc_auc_ratio_01": 0.2828530979347102
        },
        "3": {
            "peak_drop": [
                57.75,
                20.5,
                24.25,
                18.25,
                20.0,
                19.25
            ],
            "recovery_time": [
                5000,
                600,
                684,
                684,
                684,
                5000
            ],
            "sg_area": [
                41.04,
                12.35,
                18.43,
                10.45,
                15.2,
                13.11
            ],
            "first_drop": [
                54.0,
                16.25,
                24.25,
                13.75,
                20.0,
                17.25
            ],
            "last_drop": [
                32.5,
                3.0,
                1.5,
                0.25,
                2.25,
                5.75
            ],
            "acc_auc": 109537.0,
            "acc_auc_norm": 20.88806254767353,
            "acc_auc_ratio_01": 0.2088806254767353
        },
        "4": {
            "peak_drop": [
                60.5,
                22.75,
                18.75,
                26.25,
                19.0
            ],
            "recovery_time": [
                5000,
                684,
                532,
                684,
                608
            ],
            "sg_area": [
                45.98,
                17.29,
                11.02,
                14.44,
                12.16
            ],
            "first_drop": [
                60.5,
                22.75,
                14.5,
                19.0,
                16.0
            ],
            "last_drop": [
                37.5,
                3.5,
                0.0,
                3.5,
                4.0
            ],
            "acc_auc": 125970.0,
            "acc_auc_norm": 28.093220338983052,
            "acc_auc_ratio_01": 0.2809322033898305
        },
        "5": {
            "peak_drop": [
                61.0,
                31.5,
                23.0,
                27.5
            ],
            "recovery_time": [
                5000,
                600,
                532,
                5000
            ],
            "sg_area": [
                46.36,
                22.8,
                17.48,
                20.9
            ],
            "first_drop": [
                61.0,
                30.0,
                23.0,
                27.5
            ],
            "last_drop": [
                30.5,
                8.75,
                0.0,
                10.75
            ],
            "acc_auc": 121126.0,
            "acc_auc_norm": 32.52577873254565,
            "acc_auc_ratio_01": 0.3252577873254565
        },
        "6": {
            "peak_drop": [
                67.25,
                17.5,
                21.75
            ],
            "recovery_time": [
                5000,
                228,
                600
            ],
            "sg_area": [
                50.16,
                13.3,
                16.53
            ],
            "first_drop": [
                66.0,
                17.5,
                21.75
            ],
            "last_drop": [
                43.5,
                0.0,
                0.0
            ],
            "acc_auc": 94932.0,
            "acc_auc_norm": 32.02834008097166,
            "acc_auc_ratio_01": 0.3202834008097166
        },
        "7": {
            "peak_drop": [
                56.5,
                25.0
            ],
            "recovery_time": [
                5000,
                5000
            ],