{
    "forgetting": 30.47222222222222,
    "learning_success": 54.325,
    "retention_ratio": 0.5236999539806718,
    "stability_gap": 19.18577777777778,
    "peak_drop": 27.516666666666666,
    "first_drop": 25.244444444444444,
    "last_drop": 6.616666666666666,
    "recovery_time_median": 684.0,
    "recovery_rate": 0.7555555555555555,
    "recovery_window": 5000,
    "recovery_scale": 0.8,
    "sg_window_steps": 100,
    "acc_bounds": [
        0.0,
        100.0
    ],
    "acc_auc_norm_mean": 31.93841146570013,
    "acc_auc_ratio_01_mean": 0.3193841146570013,
    "per_task_metrics": {
        "0": {
            "peak_drop": [
                49.75,
                49.0,
                32.5,
                32.25,
                22.5,
                18.0,
                16.75,
                19.5,
                8.25
            ],
            "recovery_time": [
                608,
                5000,
                600,
                608,
                600,
                760,
                600,
                5000,
                228
            ],
            "sg_area": [
                33.44,
                31.73,
                24.7,
                22.42,
                17.1,
                9.5,
                8.93,
                14.25,
                6.27
            ],
            "first_drop": [
                44.0,
                41.75,
                32.5,
                29.5,
                22.5,
                12.5,
                11.75,
                18.75,
                8.25
            ],
            "last_drop": [
                5.75,
                12.75,
                0.5,
                10.25,
                3.0,
                2.75,
                1.25,
                6.5,
                0.0
            ],
            "acc_auc": 173640.0,
            "acc_auc_norm": 23.078149920255182,
            "acc_auc_ratio_01": 0.2307814992025518
        },
        "1": {
            "peak_drop": [
                17.0,
                35.0,
                31.5,
                22.25,
                16.25,
                16.75,
                19.75,
                16.5
            ],
            "recovery_time": [
                600,
                684,
                684,
                684,
                456,
                76,
                760,
                684
            ],
            "sg_area": [
                12.92,
                23.18,
                23.94,
                16.91,
                8.36,
                1.52,
                12.92,
                11.21
            ],
            "first_drop": [
                17.0,
                30.5,
                31.5,
                22.25,
                11.0,
                2.0,
                17.0,
                14.75
            ],
            "last_drop": [
                0.0,
                4.0,
                8.5,
                1.25,
                0.0,
                0.75,
                3.25,
                0.0
            ],
            "acc_auc": 125584.0,
            "acc_auc_norm": 18.566528681253697,
            "acc_auc_ratio_01": 0.18566528681253697
        },
        "2": {
            "peak_drop": [
                34.5,
                36.75,
                24.25,
                29.75,
                23.75,
                14.0,
                18.0
            ],
            "recovery_time": [
                684,
                600,
                684,
                760,
                760,
                380,
                532
            ],
            "sg_area": [
                26.22,
                27.93,
                14.44,
                22.61,
                16.53,
                8.55,
                13.68
            ],
            "first_drop": [
                34.5,
                36.75,
                19.0,
                29.75,
                21.75,
                11.25,
                18.0
            ],
            "last_drop": [
                0.0,
                3.0,
                1.5,
                3.0,
                7.0,
                0.0,
                0.0
            ],
            "acc_auc": 160945.0,
            "acc_auc_norm": 26.806295802798136,
            "acc_auc_ratio_01": 0.26806295802798136
        },
        "3": {
            "peak_drop": [
                39.5,
                22.5,
                21.25,
                23.0,
                17.25,
                23.0
            ],
            "recovery_time": [
                5000,
                684,
                760,
                600,
                380,
                5000
            ],
            "sg_area": [
                27.55,
                16.72,
                16.15,
                13.87,
                13.11,
                17.48
            ],
            "first_drop": [
                36.25,
                22.0,
                21.25,
                18.25,
                17.25,
                23.0
            ],
            "last_drop": [
                10.0,
                3.0,
                0.0,
                4.75,
                0.0,
                9.75
            ],
            "acc_auc": 98994.0,
            "acc_auc_norm": 18.877574370709382,
            "acc_auc_ratio_01": 0.18877574370709382
        },
        "4": {
            "peak_drop": [
                49.75,
                18.75,
                23.0,
                27.25,
                19.0
            ],
            "recovery_time": [
                5000,
                684,
                600,
                5000,
                684
            ],
            "sg_area": [
                37.24,
                7.98,
                17.48,
                15.39,
                14.25
            ],
            "first_drop": [
                49.0,
                10.5,
                23.0,
                20.25,
                18.75
            ],
            "last_drop": [
                29.5,
                0.0,
                0.0,
                7.75,
                1.75
            ],
            "acc_auc": 114291.0,
            "acc_auc_norm": 25.488626226583406,
            "acc_auc_ratio_01": 0.25488626226583405
        },
        "5": {
            "peak_drop": [
                54.5,
                19.75,
                16.5,
                24.25
            ],
            "recovery_time": [
                5000,
                456,
                400,
                684
            ],
            "sg_area": [
                41.42,
                11.21,
                12.54,
                18.43
            ],
            "first_drop": [
                54.5,
                14.75,
                16.5,
                24.25
            ],
            "last_drop": [
                28.75,
                2.75,
                0.0,
                1.0
            ],
            "acc_auc": 104715.0,
            "acc_auc_norm": 28.118958109559614,
            "acc_auc_ratio_01": 0.28118958109559616
        },
        "6": {
            "peak_drop": [
                59.0,
                14.75,
                21.25
            ],
            "recovery_time": [
                5000,
                228,
                608
            ],
            "sg_area": [
                44.84,
                9.31,
                16.15
            ],
            "first_drop": [
                59.0,
                12.25,
                21.25
            ],
            "last_drop": [
                32.5,
                0.25,
                0.0
            ],
            "acc_auc": 91969.0,
            "acc_auc_norm": 31.028677462887988,
            "acc_auc_ratio_01": 0.3102867746288799
        },
        "7": {
            "peak_drop": [
                55.75,
                19.5
            ],
            "recovery_time": [
                5000,
                5000
            ],