{
    "forgetting": 41.861111111111114,
    "learning_success": 67.775,
    "retention_ratio": 0.44411656215418666,
    "stability_gap": 20.300444444444445,
    "peak_drop": 28.8,
    "first_drop": 26.711111111111112,
    "last_drop": 8.683333333333334,
    "recovery_time_median": 608.0,
    "recovery_rate": 0.6444444444444445,
    "recovery_window": 5000,
    "recovery_scale": 0.8,
    "sg_window_steps": 100,
    "acc_bounds": [
        0.0,
        100.0
    ],
    "acc_auc_norm_mean": 33.85055922249033,
    "acc_auc_ratio_01_mean": 0.3385055922249033,
    "per_task_metrics": {
        "0": {
            "peak_drop": [
                49.75,
                38.0,
                20.75,
                23.5,
                20.75,
                16.5,
                14.0,
                17.75,
                8.5
            ],
            "recovery_time": [
                5000,
                5000,
                608,
                600,
                608,
                600,
                600,
                760,
                304
            ],
            "sg_area": [
                33.44,
                27.36,
                15.77,
                12.92,
                15.77,
                11.21,
                6.08,
                12.16,
                6.46
            ],
            "first_drop": [
                44.0,
                36.0,
                20.75,
                17.0,
                20.75,
                14.75,
                8.0,
                16.0,
                8.5
            ],
            "last_drop": [
                17.5,
                10.0,
                2.5,
                1.0,
                5.75,
                2.0,
                1.0,
                4.0,
                0.0
            ],
            "acc_auc": 162232.0,
            "acc_auc_norm": 21.56193514088251,
            "acc_auc_ratio_01": 0.2156193514088251
        },
        "1": {
            "peak_drop": [
                42.5,
                31.0,
                19.5,
                17.25,
                16.5,
                15.75,
                20.25,
                15.25
            ],
            "recovery_time": [
                5000,
                5000,
                600,
                600,
                400,
                600,
                5000,
                684
            ],
            "sg_area": [
                30.21,
                22.04,
                14.82,
                13.11,
                9.31,
                8.17,
                10.83,
                6.65
            ],
            "first_drop": [
                39.75,
                29.0,
                19.5,
                17.25,
                12.25,
                10.75,
                14.25,
                8.75
            ],
            "last_drop": [
                14.75,
                10.75,
                3.0,
                0.0,
                2.25,
                0.0,
                5.0,
                0.0
            ],
            "acc_auc": 125393.0,
            "acc_auc_norm": 18.53829095209935,
            "acc_auc_ratio_01": 0.18538290952099348
        },
        "2": {
            "peak_drop": [
                51.25,
                30.75,
                19.75,
                31.75,
                19.75,
                17.75,
                18.75
            ],
            "recovery_time": [
                5000,
                600,
                304,
                5000,
                600,
                600,
                532
            ],
            "sg_area": [
                38.95,
                23.37,
                15.01,
                24.13,
                14.25,
                12.54,
                14.25
            ],
            "first_drop": [
                51.25,
                30.75,
                19.75,
                31.75,
                18.75,
                16.5,
                18.75
            ],
            "last_drop": [
                24.25,
                2.25,
                0.0,
                8.25,
                0.0,
                2.5,
                0.0
            ],
            "acc_auc": 170286.0,
            "acc_auc_norm": 28.36209193870753,
            "acc_auc_ratio_01": 0.2836209193870753
        },
        "3": {
            "peak_drop": [
                56.75,
                23.25,
                22.25,
                17.5,
                17.0,
                18.5
            ],
            "recovery_time": [
                5000,
                760,
                684,
                600,
                684,
                5000
            ],
            "sg_area": [
                41.04,
                16.72,
                16.91,
                9.31,
                12.92,
                11.97
            ],
            "first_drop": [
                54.0,
                22.0,
                22.25,
                12.25,
                17.0,
                15.75
            ],
            "last_drop": [
                29.75,
                5.25,
                2.5,
                1.0,
                1.25,
                5.5
            ],
            "acc_auc": 107625.0,
            "acc_auc_norm": 20.523455377574372,
            "acc_auc_ratio_01": 0.20523455377574373
        },
        "4": {
            "peak_drop": [
                63.5,
                25.5,
                18.25,
                21.0,
                18.75
            ],
            "recovery_time": [
                5000,
                600,
                600,
                456,
                600
            ],
            "sg_area": [
                48.26,
                16.72,
                11.02,
                14.44,
                12.35
            ],
            "first_drop": [
                63.5,
                22.0,
                14.5,
                19.0,
                16.25
            ],
            "last_drop": [
                35.5,
                3.5,
                0.0,
                3.0,
                2.25
            ],
            "acc_auc": 124165.0,
            "acc_auc_norm": 27.690677966101696,
            "acc_auc_ratio_01": 0.27690677966101696
        },
        "5": {
            "peak_drop": [
                63.75,
                32.25,
                24.5,
                27.5
            ],
            "recovery_time": [
                5000,
                684,
                600,
                5000
            ],
            "sg_area": [
                47.88,
                22.23,
                18.62,
                20.52
            ],
            "first_drop": [
                63.0,
                29.25,
                24.5,
                27.0
            ],
            "last_drop": [
                31.5,
                7.75,
                0.0,
                11.25
            ],
            "acc_auc": 121768.0,
            "acc_auc_norm": 32.69817400644468,
            "acc_auc_ratio_01": 0.3269817400644468
        },
        "6": {
            "peak_drop": [
                68.0,
                20.25,
                24.0
            ],
            "recovery_time": [
                5000,
                600,
                600
            ],
            "sg_area": [
                50.54,
                13.49,
                18.24
            ],
            "first_drop": [
                66.5,
                17.75,
                24.0
            ],
            "last_drop": [
                40.75,
                0.25,
                2.5
            ],
            "acc_auc": 96592.0,
            "acc_auc_norm": 32.58839406207827,
            "acc_auc_ratio_01": 0.32588394062078274
        },
        "7": {
            "peak_drop": [
                56.0,
                28.75
            ],
            "recovery_time": [
                5000,
                5000
            ],