{
    "forgetting": 21.72222222222222,
    "learning_success": 40.4,
    "retention_ratio": 0.6485148514851485,
    "stability_gap": 19.527777777777782,
    "peak_drop": 27.233333333333334,
    "first_drop": 25.694444444444443,
    "last_drop": 4.9,
    "recovery_time_median": 684.0,
    "recovery_rate": 0.8,
    "recovery_window": 5000,
    "recovery_scale": 0.8,
    "sg_window_steps": 100,
    "acc_bounds": [
        0.0,
        100.0
    ],
    "acc_auc_norm_mean": 30.061584863310237,
    "acc_auc_ratio_01_mean": 0.30061584863310237,
    "per_task_metrics": {
        "0": {
            "peak_drop": [
                49.75,
                50.75,
                31.75,
                30.0,
                30.75,
                19.25,
                21.5,
                24.0,
                21.0
            ],
            "recovery_time": [
                684,
                5000,
                600,
                600,
                600,
                608,
                600,
                760,
                5000
            ],
            "sg_area": [
                33.44,
                34.39,
                24.13,
                19.76,
                22.42,
                11.97,
                16.34,
                18.24,
                15.96
            ],
            "first_drop": [
                44.0,
                45.25,
                31.75,
                26.0,
                29.5,
                15.75,
                21.5,
                24.0,
                21.0
            ],
            "last_drop": [
                5.25,
                15.0,
                0.75,
                2.75,
                7.25,
                1.75,
                0.0,
                1.0,
                5.75
            ],
            "acc_auc": 170333.0,
            "acc_auc_norm": 22.6386230728336,
            "acc_auc_ratio_01": 0.226386230728336
        },
        "1": {
            "peak_drop": [
                6.5,
                34.0,
                31.0,
                27.0,
                24.75,
                20.25,
                19.5,
                16.25
            ],
            "recovery_time": [
                228,
                760,
                600,
                684,
                5000,
                532,
                760,
                608
            ],
            "sg_area": [
                4.94,
                25.27,
                23.56,
                20.14,
                14.06,
                10.26,
                12.92,
                12.35
            ],
            "first_drop": [
                6.5,
                33.25,
                31.0,
                26.5,
                18.5,
                13.5,
                17.0,
                16.25
            ],
            "last_drop": [
                0.0,
                3.75,
                0.75,
                0.5,
                8.25,
                0.0,
                2.75,
                0.0
            ],
            "acc_auc": 117473.0,
            "acc_auc_norm": 17.3673861620343,
            "acc_auc_ratio_01": 0.173673861620343
        },
        "2": {
            "peak_drop": [
                14.25,
                34.25,
                28.25,
                31.5,
                26.5,
                22.5,
                20.75
            ],
            "recovery_time": [
                380,
                600,
                600,
                760,
                760,
                608,
                600
            ],
            "sg_area": [
                10.83,
                26.03,
                19.57,
                23.94,
                20.14,
                17.1,
                15.77
            ],
            "first_drop": [
                14.25,
                34.25,
                25.75,
                31.5,
                26.5,
                22.5,
                20.75
            ],
            "last_drop": [
                0.0,
                0.0,
                2.0,
                6.5,
                0.0,
                2.5,
                0.0
            ],
            "acc_auc": 150858.0,
            "acc_auc_norm": 25.126249167221854,
            "acc_auc_ratio_01": 0.25126249167221854
        },
        "3": {
            "peak_drop": [
                26.0,
                19.0,
                24.75,
                25.0,
                21.0,
                24.75
            ],
            "recovery_time": [
                760,
                600,
                684,
                600,
                684,
                684
            ],
            "sg_area": [
                19.57,
                14.25,
                18.81,
                19.0,
                15.58,
                18.81
            ],
            "first_drop": [
                25.75,
                18.75,
                24.75,
                25.0,
                20.5,
                24.75
            ],
            "last_drop": [
                1.0,
                0.0,
                1.5,
                1.25,
                0.0,
                9.75
            ],
            "acc_auc": 91315.0,
            "acc_auc_norm": 17.41323417238749,
            "acc_auc_ratio_01": 0.1741323417238749
        },
        "4": {
            "peak_drop": [
                33.75,
                21.5,
                26.0,
                27.0,
                22.75
            ],
            "recovery_time": [
                5000,
                684,
                600,
                760,
                760
            ],
            "sg_area": [
                25.65,
                8.17,
                19.0,
                16.72,
                15.2
            ],
            "first_drop": [
                33.75,
                10.75,
                25.0,
                22.0,
                20.0
            ],
            "last_drop": [
                10.25,
                0.0,
                0.0,
                4.75,
                4.0
            ],
            "acc_auc": 105652.0,
            "acc_auc_norm": 23.56199821587868,
            "acc_auc_ratio_01": 0.23561998215878682
        },
        "5": {
            "peak_drop": [
                33.5,
                23.25,
                18.75,
                30.5
            ],
            "recovery_time": [
                5000,
                600,
                608,
                5000
            ],
            "sg_area": [
                25.46,
                17.67,
                14.25,
                22.04
            ],
            "first_drop": [
                33.5,
                23.25,
                18.75,
                29.0
            ],
            "last_drop": [
                11.0,
                0.5,
                0.0,
                12.25
            ],
            "acc_auc": 100706.0,
            "acc_auc_norm": 27.042427497314716,
            "acc_auc_ratio_01": 0.27042427497314714
        },
        "6": {
            "peak_drop": [
                48.0,
                13.0,
                25.75
            ],
            "recovery_time": [
                5000,
                456,
                684
            ],
            "sg_area": [
                36.48,
                6.46,
                19.57
            ],
            "first_drop": [
                48.0,
                8.5,
                25.75
            ],
            "last_drop": [
                20.25,
                0.0,
                0.75
            ],
            "acc_auc": 83588.0,
            "acc_auc_norm": 28.201079622132255,
            "acc_auc_ratio_01": 0.2820107962213225
        },
        "7": {
            "peak_drop": [
                49.25,
                20.0
            ],
            "recovery_time": [
                5000,
                600
            ],