{
    "forgetting": 39.75,
    "learning_success": 65.425,
    "retention_ratio": 0.4531906763469622,
    "stability_gap": 19.01688888888889,
    "peak_drop": 27.233333333333334,
    "first_drop": 25.022222222222222,
    "last_drop": 8.733333333333333,
    "recovery_time_median": 608.0,
    "recovery_rate": 0.7333333333333333,
    "recovery_window": 5000,
    "recovery_scale": 0.8,
    "sg_window_steps": 100,
    "acc_bounds": [
        0.0,
        100.0
    ],
    "acc_auc_norm_mean": 33.38334694340314,
    "acc_auc_ratio_01_mean": 0.33383346943403147,
    "per_task_metrics": {
        "0": {
            "peak_drop": [
                49.75,
                37.75,
                21.25,
                20.75,
                18.75,
                14.0,
                13.5,
                13.75,
                7.0
            ],
            "recovery_time": [
                5000,
                5000,
                600,
                600,
                608,
                600,
                600,
                608,
                304
            ],
            "sg_area": [
                33.44,
                26.03,
                16.15,
                11.97,
                13.11,
                7.6,
                4.18,
                10.45,
                5.32
            ],
            "first_drop": [
                44.0,
                34.25,
                21.25,
                15.75,
                17.25,
                10.0,
                5.5,
                13.75,
                7.0
            ],
            "last_drop": [
                16.5,
                12.25,
                1.25,
                2.25,
                4.5,
                2.5,
                3.0,
                3.0,
                0.0
            ],
            "acc_auc": 164040.0,
            "acc_auc_norm": 21.802232854864435,
            "acc_auc_ratio_01": 0.21802232854864434
        },
        "1": {
            "peak_drop": [
                32.0,
                28.25,
                22.75,
                21.5,
                12.75,
                10.5,
                20.5,
                13.75
            ],
            "recovery_time": [
                608,
                760,
                600,
                684,
                456,
                76,
                5000,
                456
            ],
            "sg_area": [
                22.99,
                19.76,
                17.29,
                16.34,
                6.65,
                1.71,
                12.73,
                6.08
            ],
            "first_drop": [
                30.25,
                26.0,
                22.75,
                21.5,
                8.75,
                2.25,
                16.75,
                8.0
            ],
            "last_drop": [
                5.25,
                6.25,
                0.75,
                3.75,
                2.75,
                0.0,
                6.0,
                0.0
            ],
            "acc_auc": 125482.0,
            "acc_auc_norm": 18.55144884683619,
            "acc_auc_ratio_01": 0.1855144884683619
        },
        "2": {
            "peak_drop": [
                42.0,
                29.75,
                17.5,
                27.5,
                21.0,
                14.75,
                21.5
            ],
            "recovery_time": [
                5000,
                600,
                532,
                600,
                684,
                380,
                600
            ],
            "sg_area": [
                31.92,
                22.61,
                13.3,
                20.9,
                14.06,
                5.7,
                13.11
            ],
            "first_drop": [
                42.0,
                29.75,
                17.5,
                27.5,
                18.5,
                7.5,
                17.25
            ],
            "last_drop": [
                17.0,
                2.5,
                0.0,
                3.5,
                6.75,
                0.0,
                0.0
            ],
            "acc_auc": 168067.0,
            "acc_auc_norm": 27.992504996668888,
            "acc_auc_ratio_01": 0.2799250499666889
        },
        "3": {
            "peak_drop": [
                58.25,
                20.25,
                23.75,
                16.25,
                18.5,
                21.75
            ],
            "recovery_time": [
                5000,
                684,
                684,
                532,
                400,
                5000
            ],
            "sg_area": [
                40.85,
                13.68,
                18.05,
                9.69,
                14.06,
                16.34
            ],
            "first_drop": [
                53.75,
                18.0,
                23.75,
                12.75,
                18.5,
                21.5
            ],
            "last_drop": [
                33.0,
                2.25,
                4.25,
                0.0,
                0.0,
                8.5
            ],
            "acc_auc": 105148.0,
            "acc_auc_norm": 20.051106025934402,
            "acc_auc_ratio_01": 0.200511060259344
        },
        "4": {
            "peak_drop": [
                58.25,
                15.0,
                19.5,
                27.0,
                22.25
            ],
            "recovery_time": [
                5000,
                400,
                600,
                684,
                608
            ],
            "sg_area": [
                41.42,
                9.12,
                14.82,
                15.58,
                16.15
            ],
            "first_drop": [
                54.5,
                12.0,
                19.5,
                20.5,
                21.25
            ],
            "last_drop": [
                41.5,
                0.0,
                0.0,
                3.0,
                5.0
            ],
            "acc_auc": 122042.0,
            "acc_auc_norm": 27.21721677074041,
            "acc_auc_ratio_01": 0.2721721677074041
        },
        "5": {
            "peak_drop": [
                63.25,
                22.5,
                18.5,
                29.0
            ],
            "recovery_time": [
                5000,
                600,
                532,
                5000
            ],
            "sg_area": [
                48.07,
                17.1,
                14.06,
                22.04
            ],
            "first_drop": [
                63.25,
                22.5,
                18.5,
                29.0
            ],
            "last_drop": [
                36.0,
                4.75,
                0.0,
                7.5
            ],
            "acc_auc": 115826.0,
            "acc_auc_norm": 31.102577873254564,
            "acc_auc_ratio_01": 0.31102577873254567
        },
        "6": {
            "peak_drop": [
                64.75,
                14.0,
                22.75
            ],
            "recovery_time": [
                5000,
                228,
                684
            ],
            "sg_area": [
                49.21,
                8.36,
                17.29
            ],
            "first_drop": [
                64.75,
                11.0,
                22.75
            ],
            "last_drop": [
                42.5,
                0.0,
                0.0
            ],
            "acc_auc": 94130.0,
            "acc_auc_norm": 31.757759784075574,
            "acc_auc_ratio_01": 0.31757759784075573
        },
        "7": {
            "peak_drop": [
                61.75,
                21.25
            ],
            "recovery_time": [
                5000,
                608
            ],