{
    "forgetting": 42.388888888888886,
    "learning_success": 68.625,
    "retention_ratio": 0.44408014571949,
    "stability_gap": 20.190666666666665,
    "peak_drop": 28.63888888888889,
    "first_drop": 26.566666666666666,
    "last_drop": 8.805555555555555,
    "recovery_time_median": 684.0,
    "recovery_rate": 0.6666666666666666,
    "recovery_window": 5000,
    "recovery_scale": 0.8,
    "sg_window_steps": 100,
    "acc_bounds": [
        0.0,
        100.0
    ],
    "acc_auc_norm_mean": 34.307449544834945,
    "acc_auc_ratio_01_mean": 0.34307449544834945,
    "per_task_metrics": {
        "0": {
            "peak_drop": [
                49.75,
                37.0,
                20.5,
                23.25,
                23.0,
                14.5,
                11.5,
                17.0,
                10.5
            ],
            "recovery_time": [
                5000,
                5000,
                608,
                600,
                5000,
                600,
                600,
                600,
                304
            ],
            "sg_area": [
                33.44,
                26.22,
                14.06,
                14.44,
                17.48,
                9.12,
                3.99,
                12.92,
                7.98
            ],
            "first_drop": [
                44.0,
                34.5,
                18.5,
                19.0,
                23.0,
                12.0,
                5.25,
                17.0,
                10.5
            ],
            "last_drop": [
                17.75,
                11.25,
                1.25,
                0.0,
                7.75,
                1.5,
                1.5,
                2.25,
                0.0
            ],
            "acc_auc": 162169.0,
            "acc_auc_norm": 21.553561935140884,
            "acc_auc_ratio_01": 0.21553561935140883
        },
        "1": {
            "peak_drop": [
                42.0,
                32.75,
                21.25,
                16.0,
                10.25,
                13.25,
                14.75,
                11.75
            ],
            "recovery_time": [
                5000,
                5000,
                608,
                600,
                400,
                532,
                684,
                456
            ],
            "sg_area": [
                31.73,
                22.99,
                16.15,
                12.16,
                7.6,
                4.94,
                9.31,
                4.56
            ],
            "first_drop": [
                41.75,
                30.25,
                21.25,
                16.0,
                10.0,
                6.5,
                12.25,
                6.0
            ],
            "last_drop": [
                13.5,
                9.25,
                5.0,
                0.75,
                2.0,
                0.25,
                2.25,
                0.0
            ],
            "acc_auc": 126866.0,
            "acc_auc_norm": 18.75606150206978,
            "acc_auc_ratio_01": 0.1875606150206978
        },
        "2": {
            "peak_drop": [
                50.5,
                32.5,
                21.25,
                32.25,
                21.25,
                16.0,
                22.5
            ],
            "recovery_time": [
                5000,
                600,
                304,
                600,
                684,
                600,
                600
            ],
            "sg_area": [
                38.38,
                24.7,
                16.15,
                24.51,
                15.39,
                9.5,
                15.01
            ],
            "first_drop": [
                50.5,
                32.5,
                21.25,
                32.25,
                20.25,
                12.5,
                19.75
            ],
            "last_drop": [
                23.75,
                3.25,
                0.0,
                4.0,
                2.75,
                0.0,
                2.75
            ],
            "acc_auc": 168827.0,
            "acc_auc_norm": 28.1190872751499,
            "acc_auc_ratio_01": 0.281190872751499
        },
        "3": {
            "peak_drop": [
                60.75,
                24.0,
                24.5,
                18.25,
                16.5,
                18.75
            ],
            "recovery_time": [
                5000,
                684,
                684,
                684,
                684,
                5000
            ],
            "sg_area": [
                43.32,
                15.58,
                18.62,
                11.02,
                12.54,
                12.16
            ],
            "first_drop": [
                57.0,
                20.5,
                24.5,
                14.5,
                16.5,
                16.0
            ],
            "last_drop": [
                32.5,
                3.25,
                4.25,
                0.0,
                0.25,
                9.0
            ],
            "acc_auc": 107962.0,
            "acc_auc_norm": 20.587719298245613,
            "acc_auc_ratio_01": 0.20587719298245613
        },
        "4": {
            "peak_drop": [
                60.5,
                17.25,
                18.75,
                22.0,
                20.25
            ],
            "recovery_time": [
                5000,
                600,
                600,
                760,
                600
            ],
            "sg_area": [
                44.46,
                12.92,
                12.92,
                13.87,
                13.3
            ],
            "first_drop": [
                58.5,
                17.0,
                17.0,
                18.25,
                17.5
            ],
            "last_drop": [
                39.5,
                0.25,
                0.0,
                4.75,
                0.25
            ],
            "acc_auc": 126394.0,
            "acc_auc_norm": 28.18777876895629,
            "acc_auc_ratio_01": 0.2818777876895629
        },
        "5": {
            "peak_drop": [
                63.0,
                34.5,
                26.75,
                26.75
            ],
            "recovery_time": [
                5000,
                760,
                600,
                5000
            ],
            "sg_area": [
                45.22,
                26.03,
                15.2,
                19.76
            ],
            "first_drop": [
                59.5,
                34.25,
                20.0,
                26.0
            ],
            "last_drop": [
                29.25,
                8.75,
                0.0,
                11.25
            ],
            "acc_auc": 123585.0,
            "acc_auc_norm": 33.18609022556391,
            "acc_auc_ratio_01": 0.3318609022556391
        },
        "6": {
            "peak_drop": [
                69.25,
                19.5,
                22.0
            ],
            "recovery_time": [
                5000,
                456,
                684
            ],
            "sg_area": [
                52.44,
                14.82,
                16.53
            ],
            "first_drop": [
                69.0,
                19.5,
                21.75
            ],
            "last_drop": [
                42.5,
                1.0,
                3.0
            ],
            "acc_auc": 96003.0,
            "acc_auc_norm": 32.38967611336032,
            "acc_auc_ratio_01": 0.3238967611336032
        },
        "7": {
            "peak_drop": [
                59.0,
                28.5
            ],
            "recovery_time": [
                5000,
                5000
            ],