{
    "forgetting": 53.888888888888886,
    "learning_success": 73.2,
    "retention_ratio": 0.337431693989071,
    "stability_gap": 15.63488888888889,
    "peak_drop": 22.583333333333332,
    "first_drop": 20.572222222222223,
    "last_drop": 11.472222222222221,
    "recovery_time_median": 532.0,
    "recovery_rate": 0.6666666666666666,
    "recovery_window": 5000,
    "recovery_scale": 0.8,
    "sg_window_steps": 100,
    "acc_bounds": [
        0.0,
        100.0
    ],
    "acc_auc_norm_mean": 33.452952891820054,
    "acc_auc_ratio_01_mean": 0.33452952891820054,
    "per_task_metrics": {
        "0": {
            "peak_drop": [
                53.75,
                18.5,
                9.75,
                10.5,
                12.0,
                7.25,
                11.0,
                10.25,
                1.0
            ],
            "recovery_time": [
                5000,
                456,
                200,
                228,
                684,
                200,
                152,
                304,
                76
            ],
            "sg_area": [
                34.58,
                13.11,
                3.8,
                7.41,
                7.41,
                4.18,
                4.94,
                5.7,
                0.76
            ],
            "first_drop": [
                45.5,
                17.25,
                5.0,
                9.75,
                9.75,
                5.5,
                6.5,
                7.5,
                1.0
            ],
            "last_drop": [
                35.75,
                7.5,
                0.0,
                0.0,
                3.5,
                0.0,
                4.25,
                5.25,
                0.0
            ],
            "acc_auc": 144079.0,
            "acc_auc_norm": 19.14925571504519,
            "acc_auc_ratio_01": 0.19149255715045188
        },
        "1": {
            "peak_drop": [
                53.0,
                22.25,
                13.25,
                12.5,
                5.5,
                9.5,
                10.75,
                3.75
            ],
            "recovery_time": [
                5000,
                5000,
                400,
                608,
                76,
                200,
                684,
                152
            ],
            "sg_area": [
                38.0,
                13.11,
                10.07,
                9.5,
                0.0,
                3.42,
                4.94,
                2.85
            ],
            "first_drop": [
                50.0,
                17.25,
                13.25,
                12.5,
                0.0,
                4.5,
                6.5,
                3.75
            ],
            "last_drop": [
                33.75,
                8.5,
                0.5,
                1.75,
                0.0,
                0.25,
                3.0,
                0.0
            ],
            "acc_auc": 108531.0,
            "acc_auc_norm": 16.04538734476641,
            "acc_auc_ratio_01": 0.1604538734476641
        },
        "2": {
            "peak_drop": [
                59.75,
                24.5,
                10.0,
                14.75,
                10.0,
                7.75,
                12.75
            ],
            "recovery_time": [
                5000,
                5000,
                152,
                380,
                200,
                380,
                304
            ],
            "sg_area": [
                45.41,
                18.62,
                7.6,
                11.21,
                7.6,
                4.75,
                7.6
            ],
            "first_drop": [
                59.75,
                24.5,
                10.0,
                14.75,
                10.0,
                6.25,
                10.0
            ],
            "last_drop": [
                35.75,
                11.75,
                0.0,
                2.5,
                1.0,
                0.0,
                0.0
            ],
            "acc_auc": 158768.0,
            "acc_auc_norm": 26.443704197201864,
            "acc_auc_ratio_01": 0.2644370419720186
        },
        "3": {
            "peak_drop": [
                68.25,
                13.5,
                12.25,
                8.75,
                6.25,
                14.0
            ],
            "recovery_time": [
                5000,
                600,
                456,
                532,
                200,
                5000
            ],
            "sg_area": [
                51.87,
                9.88,
                9.31,
                6.65,
                4.75,
                8.17
            ],
            "first_drop": [
                68.25,
                13.0,
                12.25,
                8.75,
                6.25,
                10.75
            ],
            "last_drop": [
                50.75,
                5.25,
                2.5,
                0.75,
                0.0,
                7.5
            ],
            "acc_auc": 95474.0,
            "acc_auc_norm": 18.206331045003814,
            "acc_auc_ratio_01": 0.18206331045003815
        },
        "4": {
            "peak_drop": [
                61.0,
                19.25,
                10.0,
                11.25,
                15.0
            ],
            "recovery_time": [
                5000,
                600,
                380,
                304,
                600
            ],
            "sg_area": [
                46.36,
                10.45,
                5.7,
                5.7,
                8.55
            ],
            "first_drop": [
                61.0,
                13.75,
                7.5,
                7.5,
                11.25
            ],
            "last_drop": [
                48.25,
                8.0,
                0.0,
                0.0,
                3.25
            ],
            "acc_auc": 116265.0,
            "acc_auc_norm": 25.92885816235504,
            "acc_auc_ratio_01": 0.2592885816235504
        },
        "5": {
            "peak_drop": [
                60.5,
                24.75,
                20.25,
                19.0
            ],
            "recovery_time": [
                5000,
                5000,
                600,
                5000
            ],
            "sg_area": [
                42.94,
                18.43,
                14.82,
                11.78
            ],
            "first_drop": [
                56.5,
                24.25,
                19.5,
                15.5
            ],
            "last_drop": [
                38.25,
                9.0,
                2.25,
                13.0
            ],
            "acc_auc": 117038.0,
            "acc_auc_norm": 31.428034371643395,
            "acc_auc_ratio_01": 0.31428034371643393
        },
        "6": {
            "peak_drop": [
                66.25,
                10.25,
                17.0
            ],
            "recovery_time": [
                5000,
                228,
                532
            ],
            "sg_area": [
                49.97,
                6.46,
                12.92
            ],
            "first_drop": [
                65.75,
                8.5,
                17.0
            ],
            "last_drop": [
                57.0,
                0.0,
                4.0
            ],
            "acc_auc": 91872.0,
            "acc_auc_norm": 30.995951417004047,
            "acc_auc_ratio_01": 0.3099595141700405
        },
        "7": {
            "peak_drop": [
                57.0,
                27.5
            ],
            "recovery_time": [
                5000,
                5000
            ],