{
    "forgetting": 56.77777777777778,
    "learning_success": 68.375,
    "retention_ratio": 0.25265082266910416,
    "stability_gap": 13.954444444444446,
    "peak_drop": 19.322222222222223,
    "first_drop": 18.36111111111111,
    "last_drop": 11.86111111111111,
    "recovery_time_median": 5000.0,
    "recovery_rate": 0.4666666666666667,
    "recovery_window": 5000,
    "recovery_scale": 0.8,
    "sg_window_steps": 100,
    "acc_bounds": [
        0.0,
        100.0
    ],
    "acc_auc_norm_mean": 27.85554946285842,
    "acc_auc_ratio_01_mean": 0.2785554946285842,
    "per_task_metrics": {
        "0": {
            "peak_drop": [
                57.25,
                17.5,
                4.0,
                11.0,
                9.25,
                6.75,
                8.5,
                6.5,
                3.5
            ],
            "recovery_time": [
                5000,
                5000,
                200,
                304,
                532,
                304,
                152,
                380,
                152
            ],
            "sg_area": [
                39.33,
                13.3,
                2.09,
                3.8,
                7.03,
                5.13,
                3.61,
                4.94,
                2.66
            ],
            "first_drop": [
                51.75,
                17.5,
                2.75,
                5.0,
                9.25,
                6.75,
                4.75,
                6.5,
                3.5
            ],
            "last_drop": [
                40.5,
                9.75,
                0.0,
                0.25,
                0.0,
                0.0,
                3.0,
                2.0,
                0.0
            ],
            "acc_auc": 107833.0,
            "acc_auc_norm": 14.33187134502924,
            "acc_auc_ratio_01": 0.1433187134502924
        },
        "1": {
            "peak_drop": [
                43.25,
                20.0,
                5.75,
                4.5,
                1.75,
                3.0,
                4.75,
                1.75
            ],
            "recovery_time": [
                5000,
                5000,
                608,
                400,
                76,
                76,
                5000,
                200
            ],
            "sg_area": [
                32.87,
                13.3,
                4.37,
                3.42,
                0.0,
                0.0,
                3.23,
                1.33
            ],
            "first_drop": [
                43.25,
                17.5,
                5.75,
                4.5,
                0.0,
                0.0,
                4.25,
                1.75
            ],
            "last_drop": [
                32.25,
                14.5,
                0.25,
                2.75,
                0.0,
                0.0,
                2.25,
                0.0
            ],
            "acc_auc": 62329.0,
            "acc_auc_norm": 9.21481371969249,
            "acc_auc_ratio_01": 0.0921481371969249
        },
        "2": {
            "peak_drop": [
                58.25,
                28.5,
                5.75,
                10.0,
                10.25,
                4.25,
                5.25
            ],
            "recovery_time": [
                5000,
                5000,
                152,
                5000,
                152,
                228,
                152
            ],
            "sg_area": [
                44.27,
                21.66,
                4.37,
                6.46,
                7.79,
                2.66,
                3.42
            ],
            "first_drop": [
                58.25,
                28.5,
                5.75,
                8.5,
                10.25,
                3.5,
                4.5
            ],
            "last_drop": [
                36.5,
                15.75,
                0.0,
                5.0,
                3.25,
                0.0,
                0.0
            ],
            "acc_auc": 105212.0,
            "acc_auc_norm": 17.5236508994004,
            "acc_auc_ratio_01": 0.175236508994004
        },
        "3": {
            "peak_drop": [
                61.25,
                14.5,
                5.0,
                2.0,
                2.25,
                5.0
            ],
            "recovery_time": [
                5000,
                5000,
                5000,
                532,
                228,
                5000
            ],
            "sg_area": [
                46.55,
                9.12,
                3.42,
                1.52,
                1.71,
                3.8
            ],
            "first_drop": [
                61.25,
                12.0,
                4.5,
                2.0,
                2.25,
                5.0
            ],
            "last_drop": [
                48.25,
                11.5,
                3.0,
                0.0,
                0.0,
                2.5
            ],
            "acc_auc": 60434.0,
            "acc_auc_norm": 11.524408848207475,
            "acc_auc_ratio_01": 0.11524408848207475
        },
        "4": {
            "peak_drop": [
                58.5,
                19.25,
                11.5,
                8.25,
                6.5
            ],
            "recovery_time": [
                5000,
                5000,
                5000,
                400,
                228
            ],
            "sg_area": [
                42.94,
                13.3,
                8.74,
                6.08,
                4.56
            ],
            "first_drop": [
                56.5,
                17.5,
                11.5,
                8.0,
                6.0
            ],
            "last_drop": [
                45.25,
                13.25,
                3.75,
                1.5,
                0.0
            ],
            "acc_auc": 86799.0,
            "acc_auc_norm": 19.35749330954505,
            "acc_auc_ratio_01": 0.19357493309545049
        },
        "5": {
            "peak_drop": [
                57.25,
                20.75,
                18.25,
                10.5
            ],
            "recovery_time": [
                5000,
                5000,
                5000,
                5000
            ],
            "sg_area": [
                43.51,
                15.77,
                12.54,
                7.98
            ],
            "first_drop": [
                57.25,
                20.75,
                16.5,
                10.5
            ],
            "last_drop": [
                38.25,
                8.25,
                13.5,
                6.25
            ],
            "acc_auc": 96915.0,
            "acc_auc_norm": 26.024436090225564,
            "acc_auc_ratio_01": 0.2602443609022556
        },
        "6": {
            "peak_drop": [
                63.5,
                14.75,
                9.75
            ],
            "recovery_time": [
                5000,
                5000,
                684
            ],
            "sg_area": [
                48.26,
                6.84,
                7.41
            ],
            "first_drop": [
                63.5,
                9.0,
                9.75
            ],
            "last_drop": [
                55.25,
                3.75,
                3.0
            ],
            "acc_auc": 75011.0,
            "acc_auc_norm": 25.30735492577598,
            "acc_auc_ratio_01": 0.25307354925775977
        },
        "7": {
            "peak_drop": [
                53.5,
                28.75
            ],
            "recovery_time": [
                5000,
                5000
            ],