{
    "forgetting": 54.138888888888886,
    "learning_success": 73.85,
    "retention_ratio": 0.3402166553825322,
    "stability_gap": 16.255555555555556,
    "peak_drop": 23.016666666666666,
    "first_drop": 21.38888888888889,
    "last_drop": 11.761111111111111,
    "recovery_time_median": 532.0,
    "recovery_rate": 0.7111111111111111,
    "recovery_window": 5000,
    "recovery_scale": 0.8,
    "sg_window_steps": 100,
    "acc_bounds": [
        0.0,
        100.0
    ],
    "acc_auc_norm_mean": 32.918455418521454,
    "acc_auc_ratio_01_mean": 0.3291845541852146,
    "per_task_metrics": {
        "0": {
            "peak_drop": [
                50.75,
                21.0,
                13.25,
                12.5,
                13.25,
                10.25,
                9.25,
                9.0,
                2.5
            ],
            "recovery_time": [
                5000,
                532,
                200,
                228,
                380,
                200,
                76,
                532,
                152
            ],
            "sg_area": [
                35.53,
                14.63,
                10.07,
                6.65,
                7.22,
                3.61,
                0.0,
                6.84,
                1.9
            ],
            "first_drop": [
                46.75,
                19.25,
                13.25,
                8.75,
                9.5,
                4.75,
                0.0,
                9.0,
                2.5
            ],
            "last_drop": [
                36.25,
                4.25,
                0.5,
                0.0,
                1.75,
                1.75,
                2.25,
                4.5,
                0.0
            ],
            "acc_auc": 142988.0,
            "acc_auc_norm": 19.004253056884636,
            "acc_auc_ratio_01": 0.19004253056884635
        },
        "1": {
            "peak_drop": [
                54.25,
                20.5,
                13.5,
                11.0,
                6.75,
                12.25,
                10.25,
                4.25
            ],
            "recovery_time": [
                5000,
                5000,
                228,
                456,
                200,
                532,
                5000,
                152
            ],
            "sg_area": [
                36.86,
                13.87,
                10.26,
                8.36,
                2.47,
                4.94,
                4.56,
                3.23
            ],
            "first_drop": [
                48.5,
                18.25,
                13.5,
                11.0,
                3.25,
                6.5,
                6.0,
                4.25
            ],
            "last_drop": [
                35.25,
                6.75,
                1.5,
                0.75,
                0.0,
                3.5,
                5.25,
                0.0
            ],
            "acc_auc": 113176.0,
            "acc_auc_norm": 16.73211117681845,
            "acc_auc_ratio_01": 0.16732111176818448
        },
        "2": {
            "peak_drop": [
                52.75,
                24.0,
                10.75,
                20.5,
                12.75,
                5.75,
                13.25
            ],
            "recovery_time": [
                5000,
                760,
                200,
                532,
                456,
                152,
                400
            ],
            "sg_area": [
                40.09,
                18.24,
                8.17,
                15.58,
                7.6,
                4.37,
                10.07
            ],
            "first_drop": [
                52.75,
                24.0,
                10.75,
                20.5,
                10.0,
                5.75,
                13.25
            ],
            "last_drop": [
                40.0,
                5.75,
                0.0,
                3.0,
                5.5,
                0.0,
                0.25
            ],
            "acc_auc": 155620.0,
            "acc_auc_norm": 25.919387075283144,
            "acc_auc_ratio_01": 0.25919387075283146
        },
        "3": {
            "peak_drop": [
                67.25,
                11.5,
                13.75,
                9.25,
                7.25,
                15.25
            ],
            "recovery_time": [
                5000,
                600,
                304,
                532,
                200,
                5000
            ],
            "sg_area": [
                49.21,
                8.74,
                10.45,
                6.65,
                5.51,
                11.59
            ],
            "first_drop": [
                64.75,
                11.5,
                13.75,
                8.75,
                7.25,
                15.25
            ],
            "last_drop": [
                52.5,
                1.25,
                2.25,
                1.25,
                0.0,
                11.0
            ],
            "acc_auc": 98090.0,
            "acc_auc_norm": 18.70518688024409,
            "acc_auc_ratio_01": 0.18705186880244087
        },
        "4": {
            "peak_drop": [
                68.0,
                12.25,
                8.75,
                13.25,
                12.5
            ],
            "recovery_time": [
                5000,
                228,
                380,
                400,
                380
            ],
            "sg_area": [
                51.68,
                8.17,
                6.65,
                6.84,
                7.6
            ],
            "first_drop": [
                68.0,
                10.75,
                8.75,
                9.0,
                10.0
            ],
            "last_drop": [
                54.0,
                2.0,
                0.0,
                1.75,
                0.0
            ],
            "acc_auc": 116310.0,
            "acc_auc_norm": 25.938893844781447,
            "acc_auc_ratio_01": 0.25938893844781447
        },
        "5": {
            "peak_drop": [
                67.0,
                23.5,
                16.5,
                20.75
            ],
            "recovery_time": [
                5000,
                684,
                400,
                5000
            ],
            "sg_area": [
                48.07,
                17.86,
                11.02,
                15.77
            ],
            "first_drop": [
                63.25,
                23.5,
                14.5,
                20.75
            ],
            "last_drop": [
                43.5,
                8.0,
                0.25,
                12.5
            ],
            "acc_auc": 115608.0,
            "acc_auc_norm": 31.044038668098818,
            "acc_auc_ratio_01": 0.31044038668098817
        },
        "6": {
            "peak_drop": [
                74.25,
                4.0,
                16.5
            ],
            "recovery_time": [
                5000,
                76,
                532
            ],
            "sg_area": [
                56.43,
                1.71,
                12.54
            ],
            "first_drop": [
                74.25,
                2.25,
                16.5
            ],
            "last_drop": [
                62.0,
                0.0,
                2.0
            ],
            "acc_auc": 92808.0,
            "acc_auc_norm": 31.31174089068826,
            "acc_auc_ratio_01": 0.3131174089068826
        },
        "7": {
            "peak_drop": [
                63.5,
                16.75
            ],
            "recovery_time": [
                5000,
                600
            ],