{
    "forgetting": 53.19444444444444,
    "learning_success": 73.425,
    "retention_ratio": 0.34797412325502214,
    "stability_gap": 15.846000000000004,
    "peak_drop": 22.605555555555554,
    "first_drop": 20.85,
    "last_drop": 11.377777777777778,
    "recovery_time_median": 456.0,
    "recovery_rate": 0.6444444444444445,
    "recovery_window": 5000,
    "recovery_scale": 0.8,
    "sg_window_steps": 100,
    "acc_bounds": [
        0.0,
        100.0
    ],
    "acc_auc_norm_mean": 33.17140439255175,
    "acc_auc_ratio_01_mean": 0.3317140439255175,
    "per_task_metrics": {
        "0": {
            "peak_drop": [
                51.25,
                21.25,
                10.75,
                11.75,
                13.75,
                10.5,
                8.0,
                9.5,
                3.5
            ],
            "recovery_time": [
                5000,
                456,
                200,
                228,
                532,
                200,
                76,
                380,
                152
            ],
            "sg_area": [
                34.77,
                15.2,
                8.17,
                5.7,
                9.88,
                6.08,
                1.33,
                7.22,
                2.66
            ],
            "first_drop": [
                45.75,
                20.0,
                10.75,
                7.5,
                13.0,
                8.0,
                1.75,
                9.5,
                3.5
            ],
            "last_drop": [
                35.75,
                5.5,
                0.0,
                0.0,
                3.0,
                2.25,
                3.5,
                3.5,
                0.0
            ],
            "acc_auc": 141224.0,
            "acc_auc_norm": 18.769803296119086,
            "acc_auc_ratio_01": 0.18769803296119086
        },
        "1": {
            "peak_drop": [
                52.0,
                20.25,
                9.5,
                9.25,
                6.0,
                6.0,
                9.25,
                4.25
            ],
            "recovery_time": [
                5000,
                5000,
                400,
                456,
                76,
                76,
                5000,
                76
            ],
            "sg_area": [
                34.39,
                12.35,
                7.22,
                7.03,
                1.14,
                1.9,
                5.89,
                1.14
            ],
            "first_drop": [
                45.25,
                16.25,
                9.5,
                9.25,
                1.5,
                2.5,
                7.75,
                1.5
            ],
            "last_drop": [
                34.0,
                9.5,
                0.5,
                0.25,
                0.0,
                0.0,
                4.5,
                0.0
            ],
            "acc_auc": 108345.0,
            "acc_auc_norm": 16.01788882318155,
            "acc_auc_ratio_01": 0.1601788882318155
        },
        "2": {
            "peak_drop": [
                53.0,
                23.5,
                8.0,
                13.75,
                11.75,
                9.0,
                11.0
            ],
            "recovery_time": [
                5000,
                5000,
                152,
                532,
                200,
                152,
                380
            ],
            "sg_area": [
                40.28,
                17.86,
                6.08,
                10.45,
                8.93,
                4.56,
                8.36
            ],
            "first_drop": [
                53.0,
                23.5,
                8.0,
                13.75,
                11.75,
                6.0,
                11.0
            ],
            "last_drop": [
                36.25,
                10.0,
                0.0,
                1.75,
                2.25,
                0.0,
                0.0
            ],
            "acc_auc": 159031.0,
            "acc_auc_norm": 26.48750832778148,
            "acc_auc_ratio_01": 0.2648750832778148
        },
        "3": {
            "peak_drop": [
                65.75,
                13.25,
                11.75,
                10.25,
                7.25,
                13.0
            ],
            "recovery_time": [
                5000,
                608,
                200,
                304,
                200,
                5000
            ],
            "sg_area": [
                47.31,
                9.5,
                8.93,
                5.51,
                5.51,
                9.88
            ],
            "first_drop": [
                62.25,
                12.5,
                11.75,
                7.25,
                7.25,
                13.0
            ],
            "last_drop": [
                48.5,
                5.25,
                0.5,
                1.25,
                0.0,
                6.5
            ],
            "acc_auc": 96697.0,
            "acc_auc_norm": 18.439549961861175,
            "acc_auc_ratio_01": 0.18439549961861176
        },
        "4": {
            "peak_drop": [
                68.0,
                18.0,
                9.75,
                13.75,
                13.25
            ],
            "recovery_time": [
                5000,
                228,
                380,
                400,
                532
            ],
            "sg_area": [
                50.54,
                12.16,
                6.46,
                7.98,
                9.31
            ],
            "first_drop": [
                66.5,
                16.0,
                8.5,
                10.5,
                12.25
            ],
            "last_drop": [
                51.75,
                5.25,
                0.0,
                0.0,
                2.5
            ],
            "acc_auc": 114960.0,
            "acc_auc_norm": 25.637823371989295,
            "acc_auc_ratio_01": 0.25637823371989293
        },
        "5": {
            "peak_drop": [
                64.5,
                25.75,
                17.75,
                18.75
            ],
            "recovery_time": [
                5000,
                5000,
                532,
                5000
            ],
            "sg_area": [
                44.65,
                18.43,
                13.49,
                14.25
            ],
            "first_drop": [
                58.75,
                24.25,
                17.75,
                18.75
            ],
            "last_drop": [
                41.5,
                9.75,
                3.0,
                6.5
            ],
            "acc_auc": 113968.0,
            "acc_auc_norm": 30.603651987110634,
            "acc_auc_ratio_01": 0.30603651987110636
        },
        "6": {
            "peak_drop": [
                71.5,
                5.5,
                19.5
            ],
            "recovery_time": [
                5000,
                76,
                684
            ],
            "sg_area": [
                52.44,
                2.85,
                14.82
            ],
            "first_drop": [
                69.0,
                3.75,
                19.5
            ],
            "last_drop": [
                60.75,
                0.0,
                4.25
            ],
            "acc_auc": 93584.0,
            "acc_auc_norm": 31.573549257759783,
            "acc_auc_ratio_01": 0.3157354925775978
        },
        "7": {
            "peak_drop": [
                61.0,
                24.75
            ],
            "recovery_time": [
                5000,
                5000
            ],