{
    "forgetting": 55.388888888888886,
    "learning_success": 73.375,
    "retention_ratio": 0.32061328790459964,
    "stability_gap": 15.858666666666666,
    "peak_drop": 22.42222222222222,
    "first_drop": 20.866666666666667,
    "last_drop": 11.561111111111112,
    "recovery_time_median": 532.0,
    "recovery_rate": 0.5777777777777777,
    "recovery_window": 5000,
    "recovery_scale": 0.8,
    "sg_window_steps": 100,
    "acc_bounds": [
        0.0,
        100.0
    ],
    "acc_auc_norm_mean": 32.98917618038175,
    "acc_auc_ratio_01_mean": 0.3298917618038175,
    "per_task_metrics": {
        "0": {
            "peak_drop": [
                55.0,
                17.0,
                7.0,
                10.5,
                13.75,
                2.75,
                12.25,
                9.5,
                3.0
            ],
            "recovery_time": [
                5000,
                456,
                200,
                228,
                5000,
                76,
                152,
                304,
                152
            ],
            "sg_area": [
                33.44,
                12.73,
                5.32,
                6.46,
                10.45,
                2.09,
                5.51,
                7.22,
                2.28
            ],
            "first_drop": [
                44.0,
                16.75,
                7.0,
                8.5,
                13.75,
                2.75,
                7.25,
                9.5,
                3.0
            ],
            "last_drop": [
                37.75,
                4.25,
                0.0,
                0.0,
                4.5,
                0.0,
                5.5,
                2.5,
                0.0
            ],
            "acc_auc": 140623.0,
            "acc_auc_norm": 18.689925571504517,
            "acc_auc_ratio_01": 0.18689925571504518
        },
        "1": {
            "peak_drop": [
                55.5,
                22.5,
                10.75,
                9.5,
                5.0,
                6.5,
                8.5,
                3.25
            ],
            "recovery_time": [
                5000,
                5000,
                380,
                760,
                76,
                76,
                5000,
                76
            ],
            "sg_area": [
                42.18,
                11.4,
                8.17,
                7.22,
                0.57,
                0.0,
                4.37,
                0.0
            ],
            "first_drop": [
                55.5,
                15.0,
                10.75,
                9.5,
                0.75,
                0.0,
                5.75,
                0.0
            ],
            "last_drop": [
                36.0,
                10.25,
                0.0,
                2.0,
                0.0,
                0.0,
                5.0,
                0.0
            ],
            "acc_auc": 101698.0,
            "acc_auc_norm": 15.03518628030751,
            "acc_auc_ratio_01": 0.1503518628030751
        },
        "2": {
            "peak_drop": [
                57.0,
                28.0,
                11.5,
                16.0,
                9.25,
                5.25,
                12.25
            ],
            "recovery_time": [
                5000,
                5000,
                400,
                152,
                200,
                76,
                228
            ],
            "sg_area": [
                43.32,
                21.28,
                8.74,
                12.16,
                7.03,
                1.33,
                7.41
            ],
            "first_drop": [
                57.0,
                28.0,
                11.5,
                16.0,
                9.25,
                1.75,
                9.75
            ],
            "last_drop": [
                33.75,
                12.25,
                0.75,
                2.0,
                3.25,
                0.0,
                0.0
            ],
            "acc_auc": 145134.0,
            "acc_auc_norm": 24.17288474350433,
            "acc_auc_ratio_01": 0.2417288474350433
        },
        "3": {
            "peak_drop": [
                67.0,
                18.25,
                11.0,
                7.25,
                7.25,
                10.75
            ],
            "recovery_time": [
                5000,
                5000,
                456,
                304,
                380,
                5000
            ],
            "sg_area": [
                50.92,
                13.11,
                8.36,
                5.51,
                3.8,
                8.17
            ],
            "first_drop": [
                67.0,
                17.25,
                11.0,
                7.25,
                5.0,
                10.75
            ],
            "last_drop": [
                46.75,
                11.0,
                0.25,
                0.0,
                0.0,
                4.5
            ],
            "acc_auc": 93551.0,
            "acc_auc_norm": 17.839626239511823,
            "acc_auc_ratio_01": 0.17839626239511822
        },
        "4": {
            "peak_drop": [
                62.75,
                16.5,
                11.75,
                10.5,
                15.25
            ],
            "recovery_time": [
                5000,
                5000,
                380,
                228,
                532
            ],
            "sg_area": [
                47.69,
                11.4,
                8.93,
                6.84,
                11.59
            ],
            "first_drop": [
                62.75,
                15.0,
                11.75,
                9.0,
                15.25
            ],
            "last_drop": [
                50.5,
                8.5,
                0.75,
                0.0,
                1.75
            ],
            "acc_auc": 110111.0,
            "acc_auc_norm": 24.556422836752898,
            "acc_auc_ratio_01": 0.24556422836752897
        },
        "5": {
            "peak_drop": [
                59.75,
                25.25,
                17.25,
                18.25
            ],
            "recovery_time": [
                5000,
                5000,
                608,
                5000
            ],
            "sg_area": [
                41.8,
                18.43,
                12.16,
                13.87
            ],
            "first_drop": [
                55.0,
                24.25,
                16.0,
                18.25
            ],
            "last_drop": [
                39.0,
                11.25,
                5.0,
                12.25
            ],
            "acc_auc": 115561.0,
            "acc_auc_norm": 31.03141783029001,
            "acc_auc_ratio_01": 0.3103141783029001
        },
        "6": {
            "peak_drop": [
                67.75,
                14.0,
                17.5
            ],
            "recovery_time": [
                5000,
                304,
                684
            ],
            "sg_area": [
                51.49,
                9.88,
                13.3
            ],
            "first_drop": [
                67.75,
                13.0,
                17.5
            ],
            "last_drop": [
                55.0,
                1.0,
                5.25
            ],
            "acc_auc": 91239.0,
            "acc_auc_norm": 30.782388663967613,
            "acc_auc_ratio_01": 0.30782388663967614
        },
        "7": {
            "peak_drop": [
                60.0,
                29.5
            ],
            "recovery_time": [
                5000,
                5000
            ],