{
    "forgetting": 55.97222222222222,
    "learning_success": 72.375,
    "retention_ratio": 0.30397236614853196,
    "stability_gap": 14.972,
    "peak_drop": 21.67222222222222,
    "first_drop": 19.7,
    "last_drop": 11.827777777777778,
    "recovery_time_median": 456.0,
    "recovery_rate": 0.5333333333333333,
    "recovery_window": 5000,
    "recovery_scale": 0.8,
    "sg_window_steps": 100,
    "acc_bounds": [
        0.0,
        100.0
    ],
    "acc_auc_norm_mean": 31.855015611672467,
    "acc_auc_ratio_01_mean": 0.31855015611672466,
    "per_task_metrics": {
        "0": {
            "peak_drop": [
                55.0,
                19.25,
                5.25,
                13.25,
                15.0,
                9.0,
                10.25,
                8.75,
                0.0
            ],
            "recovery_time": [
                5000,
                5000,
                200,
                228,
                456,
                304,
                152,
                380,
                76
            ],
            "sg_area": [
                34.2,
                14.63,
                3.99,
                7.22,
                11.4,
                4.56,
                5.32,
                6.65,
                0.0
            ],
            "first_drop": [
                45.0,
                19.25,
                5.25,
                9.5,
                15.0,
                6.0,
                7.0,
                8.75,
                0.0
            ],
            "last_drop": [
                37.0,
                8.25,
                0.0,
                1.5,
                2.25,
                1.0,
                4.5,
                3.75,
                0.0
            ],
            "acc_auc": 131874.0,
            "acc_auc_norm": 17.527113237639554,
            "acc_auc_ratio_01": 0.17527113237639555
        },
        "1": {
            "peak_drop": [
                53.5,
                21.5,
                9.25,
                5.75,
                3.75,
                7.25,
                8.25,
                3.25
            ],
            "recovery_time": [
                5000,
                5000,
                456,
                200,
                76,
                304,
                5000,
                76
            ],
            "sg_area": [
                38.57,
                12.16,
                7.03,
                4.37,
                0.76,
                2.85,
                3.61,
                0.38
            ],
            "first_drop": [
                50.75,
                16.0,
                9.25,
                5.75,
                1.0,
                3.75,
                4.75,
                0.5
            ],
            "last_drop": [
                36.25,
                12.5,
                0.0,
                1.75,
                0.0,
                1.75,
                2.25,
                0.0
            ],
            "acc_auc": 92231.0,
            "acc_auc_norm": 13.635570668243643,
            "acc_auc_ratio_01": 0.13635570668243643
        },
        "2": {
            "peak_drop": [
                57.0,
                27.75,
                7.5,
                12.25,
                12.0,
                2.75,
                8.75
            ],
            "recovery_time": [
                5000,
                5000,
                152,
                152,
                200,
                76,
                228
            ],
            "sg_area": [
                41.8,
                21.09,
                5.7,
                7.79,
                7.22,
                1.9,
                6.65
            ],
            "first_drop": [
                55.0,
                27.75,
                7.5,
                10.25,
                9.5,
                2.5,
                8.75
            ],
            "last_drop": [
                35.5,
                13.25,
                0.0,
                1.25,
                5.5,
                0.0,
                0.0
            ],
            "acc_auc": 138240.0,
            "acc_auc_norm": 23.02465023317788,
            "acc_auc_ratio_01": 0.2302465023317788
        },
        "3": {
            "peak_drop": [
                64.5,
                16.5,
                7.0,
                7.0,
                6.0,
                9.75
            ],
            "recovery_time": [
                5000,
                5000,
                456,
                304,
                200,
                5000
            ],
            "sg_area": [
                49.02,
                11.78,
                5.32,
                5.32,
                3.23,
                7.41
            ],
            "first_drop": [
                64.5,
                15.5,
                7.0,
                7.0,
                4.25,
                9.75
            ],
            "last_drop": [
                45.75,
                13.0,
                0.5,
                0.0,
                0.0,
                5.0
            ],
            "acc_auc": 82502.0,
            "acc_auc_norm": 15.732646834477498,
            "acc_auc_ratio_01": 0.15732646834477498
        },
        "4": {
            "peak_drop": [
                61.0,
                15.75,
                13.0,
                9.25,
                11.25
            ],
            "recovery_time": [
                5000,
                5000,
                600,
                400,
                304
            ],
            "sg_area": [
                46.36,
                11.21,
                8.17,
                2.85,
                8.55
            ],
            "first_drop": [
                61.0,
                14.75,
                10.75,
                3.75,
                11.25
            ],
            "last_drop": [
                49.25,
                8.0,
                2.75,
                0.0,
                1.0
            ],
            "acc_auc": 104611.0,
            "acc_auc_norm": 23.32983942908118,
            "acc_auc_ratio_01": 0.23329839429081178
        },
        "5": {
            "peak_drop": [
                63.5,
                24.25,
                16.75,
                14.75
            ],
            "recovery_time": [
                5000,
                5000,
                5000,
                5000
            ],
            "sg_area": [
                44.08,
                18.43,
                11.59,
                10.26
            ],
            "first_drop": [
                58.0,
                24.25,
                15.25,
                13.5
            ],
            "last_drop": [
                39.5,
                12.75,
                6.25,
                8.75
            ],
            "acc_auc": 108577.0,
            "acc_auc_norm": 29.156015037593985,
            "acc_auc_ratio_01": 0.29156015037593985
        },
        "6": {
            "peak_drop": [
                65.75,
                15.0,
                16.5
            ],
            "recovery_time": [
                5000,
                380,
                5000
            ],
            "sg_area": [
                48.07,
                8.74,
                12.54
            ],
            "first_drop": [
                63.25,
                11.5,
                16.5
            ],
            "last_drop": [
                56.0,
                0.0,
                6.5
            ],
            "acc_auc": 87920.0,
            "acc_auc_norm": 29.662618083670715,
            "acc_auc_ratio_01": 0.29662618083670717
        },
        "7": {
            "peak_drop": [
                58.0,
                31.0
            ],
            "recovery_time": [
                5000,
                5000
            ],