{
    "forgetting": 57.19444444444444,
    "learning_success": 61.775,
    "retention_ratio": 0.16673411574261435,
    "stability_gap": 10.673777777777778,
    "peak_drop": 15.11111111111111,
    "first_drop": 14.044444444444444,
    "last_drop": 11.555555555555555,
    "recovery_time_median": 5000.0,
    "recovery_rate": 0.24444444444444444,
    "recovery_window": 5000,
    "recovery_scale": 0.8,
    "sg_window_steps": 100,
    "acc_bounds": [
        0.0,
        100.0
    ],
    "acc_auc_norm_mean": 22.05101924457565,
    "acc_auc_ratio_01_mean": 0.2205101924457565,
    "per_task_metrics": {
        "0": {
            "peak_drop": [
                59.5,
                11.0,
                2.75,
                5.0,
                3.75,
                4.0,
                4.5,
                4.25,
                0.0
            ],
            "recovery_time": [
                5000,
                5000,
                152,
                5000,
                400,
                456,
                760,
                5000,
                76
            ],
            "sg_area": [
                39.9,
                8.36,
                2.09,
                2.09,
                1.71,
                3.04,
                1.71,
                3.23,
                0.0
            ],
            "first_drop": [
                52.5,
                11.0,
                2.75,
                2.75,
                2.25,
                4.0,
                2.25,
                4.25,
                0.0
            ],
            "last_drop": [
                48.25,
                7.25,
                0.0,
                2.75,
                0.0,
                0.0,
                1.0,
                3.75,
                0.0
            ],
            "acc_auc": 64045.0,
            "acc_auc_norm": 8.512094630515683,
            "acc_auc_ratio_01": 0.08512094630515683
        },
        "1": {
            "peak_drop": [
                36.0,
                10.5,
                0.25,
                0.25,
                0.0,
                0.0,
                0.0,
                0.0
            ],
            "recovery_time": [
                5000,
                5000,
                380,
                76,
                5000,
                5000,
                5000,
                5000
            ],
            "sg_area": [
                26.41,
                7.6,
                0.19,
                0.0,
                0.0,
                0.0,
                0.0,
                0.0
            ],
            "first_drop": [
                34.75,
                10.0,
                0.25,
                0.0,
                0.0,
                0.0,
                0.0,
                0.0
            ],
            "last_drop": [
                31.25,
                10.25,
                0.0,
                0.25,
                0.0,
                0.0,
                0.0,
                0.0
            ],
            "acc_auc": 32482.0,
            "acc_auc_norm": 4.802188054405677,
            "acc_auc_ratio_01": 0.048021880544056775
        },
        "2": {
            "peak_drop": [
                49.75,
                17.5,
                7.25,
                6.0,
                5.25,
                2.5,
                2.0
            ],
            "recovery_time": [
                5000,
                5000,
                152,
                380,
                5000,
                228,
                400
            ],
            "sg_area": [
                37.81,
                13.3,
                4.56,
                4.18,
                3.8,
                1.33,
                1.52
            ],
            "first_drop": [
                49.75,
                17.5,
                6.0,
                5.5,
                5.0,
                1.75,
                2.0
            ],
            "last_drop": [
                41.0,
                9.75,
                2.0,
                0.75,
                2.75,
                0.5,
                0.0
            ],
            "acc_auc": 68245.0,
            "acc_auc_norm": 11.366588940706196,
            "acc_auc_ratio_01": 0.11366588940706196
        },
        "3": {
            "peak_drop": [
                53.5,
                7.25,
                1.75,
                0.0,
                0.0,
                0.0
            ],
            "recovery_time": [
                5000,
                5000,
                5000,
                5000,
                5000,
                5000
            ],
            "sg_area": [
                38.95,
                3.61,
                1.33,
                0.0,
                0.0,
                0.0
            ],
            "first_drop": [
                51.25,
                4.75,
                1.75,
                0.0,
                0.0,
                0.0
            ],
            "last_drop": [
                47.0,
                6.5,
                1.75,
                0.0,
                0.0,
                0.0
            ],
            "acc_auc": 43960.0,
            "acc_auc_norm": 8.382913806254768,
            "acc_auc_ratio_01": 0.08382913806254769
        },
        "4": {
            "peak_drop": [
                57.25,
                17.0,
                6.25,
                2.25,
                0.0
            ],
            "recovery_time": [
                5000,
                5000,
                5000,
                5000,
                5000
            ],
            "sg_area": [
                43.51,
                12.73,
                4.75,
                1.71,
                0.0
            ],
            "first_drop": [
                57.25,
                16.75,
                6.25,
                2.25,
                0.0
            ],
            "last_drop": [
                48.0,
                11.0,
                4.0,
                2.25,
                0.0
            ],
            "acc_auc": 61314.0,
            "acc_auc_norm": 13.673951828724354,
            "acc_auc_ratio_01": 0.13673951828724354
        },
        "5": {
            "peak_drop": [
                52.75,
                18.0,
                11.25,
                8.75
            ],
            "recovery_time": [
                5000,
                5000,
                5000,
                5000
            ],
            "sg_area": [
                31.54,
                9.69,
                6.46,
                6.65
            ],
            "first_drop": [
                41.5,
                12.75,
                8.5,
                8.75
            ],
            "last_drop": [
                43.5,
                9.25,
                4.0,
                8.0
            ],
            "acc_auc": 73255.0,
            "acc_auc_norm": 19.67105263157895,
            "acc_auc_ratio_01": 0.19671052631578947
        },
        "6": {
            "peak_drop": [
                57.5,
                7.25,
                5.75
            ],
            "recovery_time": [
                5000,
                5000,
                5000
            ],
            "sg_area": [
                42.37,
                3.04,
                3.8
            ],
            "first_drop": [
                55.75,
                4.0,
                5.0
            ],
            "last_drop": [
                55.75,
                2.25,
                4.25
            ],
            "acc_auc": 56017.0,
            "acc_auc_norm": 18.899122807017545,
            "acc_auc_ratio_01": 0.18899122807017543
        },
        "7": {
            "peak_drop": [
                49.0,
                28.25
            ],
            "recovery_time": [
                5000,
                5000
            ],
            "sg_area": [
                37.05,
                21.47
            ],