{
    "forgetting": 40.166666666666664,
    "learning_success": 63.4,
    "retention_ratio": 0.42981072555205047,
    "stability_gap": 18.93244444444445,
    "peak_drop": 27.13888888888889,
    "first_drop": 24.91111111111111,
    "last_drop": 8.727777777777778,
    "recovery_time_median": 608.0,
    "recovery_rate": 0.7333333333333333,
    "recovery_window": 5000,
    "recovery_scale": 0.8,
    "sg_window_steps": 100,
    "acc_bounds": [
        0.0,
        100.0
    ],
    "acc_auc_norm_mean": 31.496680314119875,
    "acc_auc_ratio_01_mean": 0.3149668031411987,
    "per_task_metrics": {
        "0": {
            "peak_drop": [
                49.5,
                40.25,
                22.0,
                20.5,
                19.5,
                14.5,
                13.75,
                12.5,
                9.0
            ],
            "recovery_time": [
                5000,
                5000,
                600,
                600,
                600,
                608,
                600,
                600,
                304
            ],
            "sg_area": [
                33.06,
                27.93,
                16.72,
                15.58,
                14.63,
                7.98,
                8.74,
                9.12,
                6.84
            ],
            "first_drop": [
                43.5,
                36.75,
                22.0,
                20.5,
                19.25,
                10.5,
                11.5,
                12.0,
                9.0
            ],
            "last_drop": [
                14.25,
                14.25,
                2.25,
                3.5,
                3.0,
                3.0,
                3.0,
                1.25,
                0.0
            ],
            "acc_auc": 159893.0,
            "acc_auc_norm": 21.25106326422116,
            "acc_auc_ratio_01": 0.2125106326422116
        },
        "1": {
            "peak_drop": [
                29.0,
                28.75,
                23.75,
                20.5,
                13.25,
                11.75,
                17.75,
                15.5
            ],
            "recovery_time": [
                600,
                5000,
                532,
                608,
                400,
                532,
                760,
                304
            ],
            "sg_area": [
                19.76,
                20.71,
                18.05,
                15.58,
                8.55,
                6.27,
                9.88,
                5.51
            ],
            "first_drop": [
                26.0,
                27.25,
                23.75,
                20.5,
                11.25,
                8.25,
                13.0,
                7.25
            ],
            "last_drop": [
                1.0,
                8.75,
                1.75,
                0.0,
                3.75,
                0.0,
                1.5,
                0.0
            ],
            "acc_auc": 117334.0,
            "acc_auc_norm": 17.346836191602602,
            "acc_auc_ratio_01": 0.17346836191602602
        },
        "2": {
            "peak_drop": [
                43.25,
                33.25,
                19.25,
                28.25,
                19.75,
                16.0,
                17.25
            ],
            "recovery_time": [
                5000,
                600,
                684,
                760,
                456,
                76,
                532
            ],
            "sg_area": [
                32.3,
                25.27,
                14.25,
                21.47,
                15.01,
                3.61,
                11.78
            ],
            "first_drop": [
                42.5,
                33.25,
                18.75,
                28.25,
                19.75,
                4.75,
                15.5
            ],
            "last_drop": [
                18.75,
                0.75,
                0.0,
                6.75,
                5.5,
                0.0,
                0.0
            ],
            "acc_auc": 158386.0,
            "acc_auc_norm": 26.3800799467022,
            "acc_auc_ratio_01": 0.263800799467022
        },
        "3": {
            "peak_drop": [
                54.0,
                20.0,
                21.0,
                16.75,
                12.0,
                21.0
            ],
            "recovery_time": [
                5000,
                684,
                684,
                600,
                200,
                5000
            ],
            "sg_area": [
                40.28,
                14.25,
                15.39,
                10.07,
                9.12,
                15.01
            ],
            "first_drop": [
                53.0,
                18.75,
                20.25,
                13.25,
                12.0,
                19.75
            ],
            "last_drop": [
                29.0,
                2.25,
                4.0,
                3.75,
                0.0,
                10.5
            ],
            "acc_auc": 93783.0,
            "acc_auc_norm": 17.883867276887873,
            "acc_auc_ratio_01": 0.17883867276887874
        },
        "4": {
            "peak_drop": [
                58.5,
                18.0,
                24.0,
                21.75,
                21.75
            ],
            "recovery_time": [
                5000,
                456,
                532,
                760,
                608
            ],
            "sg_area": [
                42.94,
                11.78,
                15.01,
                9.69,
                16.53
            ],
            "first_drop": [
                56.5,
                15.5,
                19.75,
                12.75,
                21.75
            ],
            "last_drop": [
                40.5,
                0.0,
                0.0,
                1.75,
                5.0
            ],
            "acc_auc": 112523.0,
            "acc_auc_norm": 25.094335414808207,
            "acc_auc_ratio_01": 0.25094335414808205
        },
        "5": {
            "peak_drop": [
                64.0,
                26.25,
                19.5,
                24.0
            ],
            "recovery_time": [
                5000,
                600,
                600,
                684
            ],
            "sg_area": [
                48.64,
                15.77,
                13.68,
                15.96
            ],
            "first_drop": [
                64.0,
                20.75,
                18.0,
                21.0
            ],
            "last_drop": [
                34.75,
                5.0,
                0.0,
                7.0
            ],
            "acc_auc": 108236.0,
            "acc_auc_norm": 29.064446831364126,
            "acc_auc_ratio_01": 0.29064446831364127
        },
        "6": {
            "peak_drop": [
                64.75,
                12.75,
                23.5
            ],
            "recovery_time": [
                5000,
                400,
                684
            ],
            "sg_area": [
                49.21,
                7.22,
                17.86
            ],
            "first_drop": [
                64.75,
                9.5,
                23.5
            ],
            "last_drop": [
                42.25,
                0.0,
                2.75
            ],
            "acc_auc": 88926.0,
            "acc_auc_norm": 30.002024291497975,
            "acc_auc_ratio_01": 0.30002024291497975
        },
        "7": {
            "peak_drop": [
                64.5,
                21.5
            ],
            "recovery_time": [
                5000,
                5000
            ],