{
    "forgetting": 41.44444444444444,
    "learning_success": 55.025,
    "retention_ratio": 0.3221263062244435,
    "stability_gap": 15.166222222222222,
    "peak_drop": 22.455555555555556,
    "first_drop": 19.955555555555556,
    "last_drop": 8.88888888888889,
    "recovery_time_median": 684.0,
    "recovery_rate": 0.6444444444444445,
    "recovery_window": 5000,
    "recovery_scale": 0.8,
    "sg_window_steps": 100,
    "acc_bounds": [
        0.0,
        100.0
    ],
    "acc_auc_norm_mean": 22.314595228539616,
    "acc_auc_ratio_01_mean": 0.2231459522853962,
    "per_task_metrics": {
        "0": {
            "peak_drop": [
                50.0,
                41.75,
                27.0,
                24.5,
                25.75,
                16.0,
                18.0,
                12.5,
                13.25
            ],
            "recovery_time": [
                5000,
                5000,
                600,
                600,
                5000,
                608,
                600,
                600,
                684
            ],
            "sg_area": [
                32.49,
                29.45,
                20.33,
                10.64,
                19.57,
                12.16,
                11.97,
                9.5,
                9.88
            ],
            "first_drop": [
                42.75,
                38.75,
                26.75,
                14.0,
                25.75,
                16.0,
                15.75,
                12.5,
                13.0
            ],
            "last_drop": [
                14.0,
                14.5,
                4.25,
                0.5,
                6.25,
                1.0,
                5.5,
                0.0,
                0.5
            ],
            "acc_auc": 134296.0,
            "acc_auc_norm": 17.849016480595427,
            "acc_auc_ratio_01": 0.17849016480595428
        },
        "1": {
            "peak_drop": [
                27.0,
                22.25,
                9.75,
                9.5,
                7.0,
                9.75,
                8.75,
                6.75
            ],
            "recovery_time": [
                760,
                5000,
                600,
                608,
                600,
                684,
                760,
                600
            ],
            "sg_area": [
                15.77,
                16.53,
                7.41,
                6.27,
                3.42,
                3.61,
                5.7,
                3.99
            ],
            "first_drop": [
                20.75,
                21.75,
                9.75,
                8.25,
                4.5,
                4.75,
                7.5,
                5.25
            ],
            "last_drop": [
                5.75,
                14.0,
                0.0,
                0.75,
                0.0,
                2.0,
                1.0,
                0.0
            ],
            "acc_auc": 62829.0,
            "acc_auc_norm": 9.288734476641041,
            "acc_auc_ratio_01": 0.09288734476641042
        },
        "2": {
            "peak_drop": [
                43.75,
                22.25,
                17.75,
                19.5,
                19.5,
                12.5,
                15.5
            ],
            "recovery_time": [
                5000,
                600,
                608,
                684,
                684,
                600,
                684
            ],
            "sg_area": [
                22.8,
                16.91,
                9.88,
                13.68,
                13.87,
                7.22,
                10.83
            ],
            "first_drop": [
                30.0,
                22.25,
                13.0,
                18.0,
                18.25,
                9.5,
                14.25
            ],
            "last_drop": [
                22.5,
                2.0,
                0.0,
                1.75,
                5.5,
                0.0,
                0.0
            ],
            "acc_auc": 90814.0,
            "acc_auc_norm": 15.125582944703531,
            "acc_auc_ratio_01": 0.1512558294470353
        },
        "3": {
            "peak_drop": [
                51.25,
                6.75,
                10.25,
                6.25,
                5.75,
                10.0
            ],
            "recovery_time": [
                5000,
                608,
                5000,
                684,
                200,
                5000
            ],
            "sg_area": [
                37.24,
                3.23,
                7.6,
                4.56,
                3.99,
                7.22
            ],
            "first_drop": [
                49.0,
                4.25,
                10.0,
                6.0,
                5.25,
                9.5
            ],
            "last_drop": [
                43.25,
                0.0,
                3.75,
                1.0,
                0.0,
                6.5
            ],
            "acc_auc": 49955.0,
            "acc_auc_norm": 9.526125095347064,
            "acc_auc_ratio_01": 0.09526125095347064
        },
        "4": {
            "peak_drop": [
                51.0,
                16.25,
                18.25,
                18.25,
                11.25
            ],
            "recovery_time": [
                5000,
                760,
                684,
                5000,
                532
            ],
            "sg_area": [
                38.76,
                12.35,
                11.59,
                7.98,
                7.98
            ],
            "first_drop": [
                51.0,
                16.25,
                15.25,
                10.5,
                10.5
            ],
            "last_drop": [
                37.75,
                1.25,
                0.0,
                6.0,
                0.0
            ],
            "acc_auc": 73844.0,
            "acc_auc_norm": 16.468331846565565,
            "acc_auc_ratio_01": 0.16468331846565565
        },
        "5": {
            "peak_drop": [
                56.5,
                16.75,
                18.75,
                14.0
            ],
            "recovery_time": [
                5000,
                456,
                684,
                5000
            ],
            "sg_area": [
                42.75,
                8.17,
                10.26,
                9.5
            ],
            "first_drop": [
                56.25,
                10.75,
                13.5,
                12.5
            ],
            "last_drop": [
                40.0,
                0.25,
                5.75,
                4.75
            ],
            "acc_auc": 74685.0,
            "acc_auc_norm": 20.055048335123523,
            "acc_auc_ratio_01": 0.20055048335123524
        },
        "6": {
            "peak_drop": [
                57.5,
                8.0,
                14.25
            ],
            "recovery_time": [
                5000,
                380,
                684
            ],
            "sg_area": [
                40.28,
                6.08,
                10.83
            ],
            "first_drop": [
                53.0,
                8.0,
                14.25
            ],
            "last_drop": [
                46.5,
                0.0,
                2.0
            ],
            "acc_auc": 61399.0,
            "acc_auc_norm": 20.714912280701753,
            "acc_auc_ratio_01": 0.20714912280701753
        },
        "7": {
            "peak_drop": [
                59.0,
                21.75
            ],
            "recovery_time": [
                5000,
                5000
            ],