{
    "forgetting": 39.44444444444444,
    "learning_success": 61.85,
    "retention_ratio": 0.42764753435731606,
    "stability_gap": 18.497555555555554,
    "peak_drop": 26.677777777777777,
    "first_drop": 24.33888888888889,
    "last_drop": 8.566666666666666,
    "recovery_time_median": 608.0,
    "recovery_rate": 0.7555555555555555,
    "recovery_window": 5000,
    "recovery_scale": 0.8,
    "sg_window_steps": 100,
    "acc_bounds": [
        0.0,
        100.0
    ],
    "acc_auc_norm_mean": 31.22996470681245,
    "acc_auc_ratio_01_mean": 0.3122996470681245,
    "per_task_metrics": {
        "0": {
            "peak_drop": [
                49.5,
                43.75,
                23.25,
                23.25,
                22.25,
                11.75,
                14.25,
                11.5,
                7.75
            ],
            "recovery_time": [
                5000,
                5000,
                600,
                600,
                600,
                456,
                600,
                600,
                152
            ],
            "sg_area": [
                33.06,
                28.31,
                17.29,
                17.1,
                15.96,
                5.89,
                8.74,
                8.36,
                5.13
            ],
            "first_drop": [
                43.5,
                37.25,
                22.75,
                22.5,
                21.0,
                7.75,
                11.5,
                11.0,
                6.75
            ],
            "last_drop": [
                12.75,
                14.75,
                2.0,
                1.25,
                7.25,
                1.0,
                4.25,
                0.25,
                0.75
            ],
            "acc_auc": 161346.0,
            "acc_auc_norm": 21.444178628389153,
            "acc_auc_ratio_01": 0.21444178628389154
        },
        "1": {
            "peak_drop": [
                29.0,
                32.0,
                23.0,
                19.75,
                13.75,
                10.0,
                15.75,
                12.75
            ],
            "recovery_time": [
                600,
                684,
                600,
                684,
                608,
                532,
                760,
                152
            ],
            "sg_area": [
                18.81,
                20.52,
                17.48,
                15.01,
                7.03,
                3.04,
                8.74,
                6.65
            ],
            "first_drop": [
                24.75,
                27.0,
                23.0,
                19.75,
                9.25,
                4.0,
                11.5,
                8.75
            ],
            "last_drop": [
                0.0,
                10.0,
                1.0,
                1.25,
                4.0,
                0.0,
                1.0,
                0.5
            ],
            "acc_auc": 115177.0,
            "acc_auc_norm": 17.02794204612655,
            "acc_auc_ratio_01": 0.1702794204612655
        },
        "2": {
            "peak_drop": [
                44.0,
                31.5,
                20.75,
                29.5,
                22.0,
                14.5,
                17.5
            ],
            "recovery_time": [
                5000,
                600,
                684,
                684,
                456,
                380,
                532
            ],
            "sg_area": [
                32.68,
                23.94,
                13.87,
                22.42,
                14.82,
                5.7,
                13.3
            ],
            "first_drop": [
                43.0,
                31.5,
                18.25,
                29.5,
                19.5,
                7.5,
                17.5
            ],
            "last_drop": [
                15.5,
                0.0,
                0.0,
                6.25,
                6.25,
                0.0,
                0.0
            ],
            "acc_auc": 156463.0,
            "acc_auc_norm": 26.059793471019322,
            "acc_auc_ratio_01": 0.2605979347101932
        },
        "3": {
            "peak_drop": [
                52.75,
                20.5,
                22.5,
                17.75,
                11.5,
                22.25
            ],
            "recovery_time": [
                5000,
                684,
                684,
                600,
                380,
                5000
            ],
            "sg_area": [
                40.09,
                14.44,
                17.1,
                11.59,
                8.74,
                15.2
            ],
            "first_drop": [
                52.75,
                19.0,
                22.5,
                15.25,
                11.5,
                20.0
            ],
            "last_drop": [
                29.25,
                1.5,
                2.75,
                6.0,
                0.0,
                11.25
            ],
            "acc_auc": 93395.0,
            "acc_auc_norm": 17.809877955758964,
            "acc_auc_ratio_01": 0.17809877955758963
        },
        "4": {
            "peak_drop": [
                58.75,
                20.5,
                20.0,
                25.5,
                19.5
            ],
            "recovery_time": [
                5000,
                684,
                532,
                760,
                684
            ],
            "sg_area": [
                41.42,
                13.49,
                11.78,
                9.69,
                13.87
            ],
            "first_drop": [
                54.5,
                17.75,
                15.5,
                12.75,
                18.25
            ],
            "last_drop": [
                37.0,
                2.0,
                0.0,
                4.25,
                3.25
            ],
            "acc_auc": 110860.0,
            "acc_auc_norm": 24.723461195361285,
            "acc_auc_ratio_01": 0.24723461195361285
        },
        "5": {
            "peak_drop": [
                58.75,
                22.75,
                15.75,
                22.5
            ],
            "recovery_time": [
                5000,
                456,
                532,
                684
            ],
            "sg_area": [
                44.65,
                17.29,
                11.97,
                17.1
            ],
            "first_drop": [
                58.75,
                22.75,
                15.75,
                22.5
            ],
            "last_drop": [
                33.5,
                5.5,
                0.0,
                8.25
            ],
            "acc_auc": 106006.0,
            "acc_auc_norm": 28.4656283566058,
            "acc_auc_ratio_01": 0.284656283566058
        },
        "6": {
            "peak_drop": [
                63.0,
                10.25,
                19.5
            ],
            "recovery_time": [
                5000,
                228,
                608
            ],
            "sg_area": [
                47.88,
                6.27,
                14.82
            ],
            "first_drop": [
                63.0,
                8.25,
                19.5
            ],
            "last_drop": [
                43.25,
                0.0,
                0.0
            ],
            "acc_auc": 87564.0,
            "acc_auc_norm": 29.54251012145749,
            "acc_auc_ratio_01": 0.2954251012145749
        },
        "7": {
            "peak_drop": [
                62.25,
                21.25
            ],
            "recovery_time": [
                5000,
                5000
            ],