{
    "forgetting": 40.55555555555556,
    "learning_success": 64.125,
    "retention_ratio": 0.43079922027290446,
    "stability_gap": 18.552444444444443,
    "peak_drop": 27.377777777777776,
    "first_drop": 24.41111111111111,
    "last_drop": 8.78888888888889,
    "recovery_time_median": 608.0,
    "recovery_rate": 0.7111111111111111,
    "recovery_window": 5000,
    "recovery_scale": 0.8,
    "sg_window_steps": 100,
    "acc_bounds": [
        0.0,
        100.0
    ],
    "acc_auc_norm_mean": 31.638780529780625,
    "acc_auc_ratio_01_mean": 0.3163878052978063,
    "per_task_metrics": {
        "0": {
            "peak_drop": [
                49.5,
                40.75,
                21.75,
                19.0,
                19.75,
                14.0,
                12.25,
                13.25,
                9.5
            ],
            "recovery_time": [
                5000,
                5000,
                600,
                600,
                600,
                600,
                600,
                608,
                228
            ],
            "sg_area": [
                33.06,
                24.51,
                15.77,
                13.68,
                14.25,
                6.84,
                6.27,
                10.07,
                7.22
            ],
            "first_drop": [
                43.5,
                32.25,
                20.75,
                18.0,
                18.75,
                9.0,
                8.25,
                13.25,
                9.5
            ],
            "last_drop": [
                16.0,
                12.5,
                3.0,
                3.0,
                3.25,
                3.75,
                0.25,
                2.75,
                0.0
            ],
            "acc_auc": 159395.0,
            "acc_auc_norm": 21.184875066454016,
            "acc_auc_ratio_01": 0.21184875066454015
        },
        "1": {
            "peak_drop": [
                31.0,
                31.75,
                22.0,
                21.5,
                12.25,
                13.25,
                19.0,
                17.5
            ],
            "recovery_time": [
                608,
                5000,
                600,
                684,
                400,
                532,
                760,
                304
            ],
            "sg_area": [
                22.23,
                18.24,
                16.72,
                16.34,
                8.55,
                4.56,
                9.69,
                5.7
            ],
            "first_drop": [
                29.25,
                24.0,
                22.0,
                21.5,
                11.25,
                6.0,
                12.75,
                7.5
            ],
            "last_drop": [
                3.75,
                9.5,
                0.0,
                1.75,
                3.5,
                0.0,
                2.5,
                0.0
            ],
            "acc_auc": 118477.0,
            "acc_auc_norm": 17.51581904198699,
            "acc_auc_ratio_01": 0.1751581904198699
        },
        "2": {
            "peak_drop": [
                46.25,
                31.0,
                21.25,
                30.5,
                23.0,
                14.0,
                18.0
            ],
            "recovery_time": [
                5000,
                600,
                600,
                684,
                5000,
                76,
                532
            ],
            "sg_area": [
                34.2,
                23.56,
                12.92,
                23.18,
                15.58,
                1.71,
                13.68
            ],
            "first_drop": [
                45.0,
                31.0,
                17.0,
                30.5,
                20.5,
                2.25,
                18.0
            ],
            "last_drop": [
                18.5,
                2.0,
                0.0,
                6.0,
                8.5,
                0.0,
                0.0
            ],
            "acc_auc": 159818.0,
            "acc_auc_norm": 26.61858760826116,
            "acc_auc_ratio_01": 0.26618587608261157
        },
        "3": {
            "peak_drop": [
                56.0,
                20.25,
                24.5,
                18.5,
                12.25,
                19.25
            ],
            "recovery_time": [
                5000,
                684,
                760,
                684,
                400,
                5000
            ],
            "sg_area": [
                40.47,
                14.44,
                18.62,
                11.59,
                9.31,
                14.63
            ],
            "first_drop": [
                53.25,
                19.0,
                24.5,
                15.25,
                12.25,
                19.25
            ],
            "last_drop": [
                30.5,
                1.0,
                5.0,
                4.75,
                0.0,
                8.25
            ],
            "acc_auc": 94730.0,
            "acc_auc_norm": 18.064454614797864,
            "acc_auc_ratio_01": 0.18064454614797865
        },
        "4": {
            "peak_drop": [
                57.0,
                21.0,
                23.25,
                21.5,
                19.75
            ],
            "recovery_time": [
                5000,
                228,
                600,
                456,
                608
            ],
            "sg_area": [
                43.32,
                12.54,
                12.16,
                8.17,
                14.06
            ],
            "first_drop": [
                57.0,
                16.5,
                16.0,
                10.75,
                18.5
            ],
            "last_drop": [
                40.25,
                0.0,
                0.0,
                4.25,
                2.5
            ],
            "acc_auc": 112304.0,
            "acc_auc_norm": 25.045495093666368,
            "acc_auc_ratio_01": 0.2504549509366637
        },
        "5": {
            "peak_drop": [
                62.0,
                25.5,
                18.75,
                23.5
            ],
            "recovery_time": [
                5000,
                456,
                532,
                684
            ],
            "sg_area": [
                45.79,
                15.77,
                14.25,
                17.86
            ],
            "first_drop": [
                60.25,
                20.75,
                18.75,
                23.5
            ],
            "last_drop": [
                35.25,
                5.25,
                0.0,
                8.0
            ],
            "acc_auc": 107382.0,
            "acc_auc_norm": 28.835123523093447,
            "acc_auc_ratio_01": 0.2883512352309345
        },
        "6": {
            "peak_drop": [
                65.5,
                13.5,
                21.25
            ],
            "recovery_time": [
                5000,
                228,
                684
            ],
            "sg_area": [
                48.45,
                6.65,
                16.15
            ],
            "first_drop": [
                63.75,
                8.75,
                21.25
            ],
            "last_drop": [
                41.0,
                0.0,
                1.25
            ],
            "acc_auc": 89274.0,
            "acc_auc_norm": 30.119433198380566,
            "acc_auc_ratio_01": 0.3011943319838057
        },
        "7": {
            "peak_drop": [
                64.25,
                20.5
            ],
            "recovery_time": [
                5000,
                5000
            ],