{
    "forgetting": 40.083333333333336,
    "learning_success": 51.525,
    "retention_ratio": 0.29985443959243085,
    "stability_gap": 14.148666666666667,
    "peak_drop": 20.794444444444444,
    "first_drop": 18.616666666666667,
    "last_drop": 8.61111111111111,
    "recovery_time_median": 608.0,
    "recovery_rate": 0.7333333333333333,
    "recovery_window": 5000,
    "recovery_scale": 0.8,
    "sg_window_steps": 100,
    "acc_bounds": [
        0.0,
        100.0
    ],
    "acc_auc_norm_mean": 21.43760911377403,
    "acc_auc_ratio_01_mean": 0.2143760911377403,
    "per_task_metrics": {
        "0": {
            "peak_drop": [
                50.0,
                47.0,
                27.5,
                25.25,
                22.75,
                16.75,
                16.75,
                9.75,
                10.5
            ],
            "recovery_time": [
                760,
                5000,
                600,
                608,
                600,
                684,
                600,
                600,
                600
            ],
            "sg_area": [
                32.49,
                33.44,
                20.52,
                11.97,
                17.29,
                12.54,
                10.83,
                7.22,
                7.41
            ],
            "first_drop": [
                42.75,
                44.0,
                27.0,
                15.75,
                22.75,
                16.5,
                14.25,
                9.5,
                9.75
            ],
            "last_drop": [
                9.25,
                17.5,
                5.75,
                4.0,
                4.25,
                1.0,
                7.75,
                0.0,
                0.75
            ],
            "acc_auc": 129959.0,
            "acc_auc_norm": 17.27259436469963,
            "acc_auc_ratio_01": 0.17272594364699628
        },
        "1": {
            "peak_drop": [
                21.75,
                21.75,
                10.75,
                9.0,
                5.75,
                7.0,
                4.25,
                5.0
            ],
            "recovery_time": [
                684,
                5000,
                600,
                608,
                380,
                608,
                600,
                600
            ],
            "sg_area": [
                12.35,
                16.15,
                8.17,
                6.84,
                2.85,
                3.61,
                2.85,
                1.9
            ],
            "first_drop": [
                16.25,
                21.25,
                10.75,
                9.0,
                3.75,
                4.75,
                3.75,
                2.5
            ],
            "last_drop": [
                1.25,
                11.75,
                1.25,
                2.25,
                0.0,
                3.75,
                0.0,
                0.25
            ],
            "acc_auc": 54896.0,
            "acc_auc_norm": 8.115907746895328,
            "acc_auc_ratio_01": 0.08115907746895328
        },
        "2": {
            "peak_drop": [
                40.0,
                21.0,
                16.5,
                19.0,
                18.5,
                10.0,
                12.75
            ],
            "recovery_time": [
                5000,
                600,
                608,
                684,
                684,
                380,
                608
            ],
            "sg_area": [
                22.99,
                15.96,
                9.88,
                11.78,
                12.92,
                5.32,
                7.98
            ],
            "first_drop": [
                30.25,
                21.0,
                13.0,
                15.5,
                17.0,
                7.0,
                10.5
            ],
            "last_drop": [
                17.5,
                3.0,
                0.0,
                0.75,
                7.0,
                0.0,
                0.0
            ],
            "acc_auc": 84851.0,
            "acc_auc_norm": 14.132411725516322,
            "acc_auc_ratio_01": 0.14132411725516322
        },
        "3": {
            "peak_drop": [
                43.75,
                3.75,
                10.5,
                4.25,
                4.0,
                5.5
            ],
            "recovery_time": [
                5000,
                456,
                5000,
                684,
                200,
                5000
            ],
            "sg_area": [
                32.49,
                1.52,
                7.22,
                3.23,
                2.47,
                4.18
            ],
            "first_drop": [
                42.75,
                2.0,
                9.5,
                4.25,
                3.25,
                5.5
            ],
            "last_drop": [
                38.75,
                0.0,
                6.5,
                0.25,
                0.0,
                3.0
            ],
            "acc_auc": 44684.0,
            "acc_auc_norm": 8.5209763539283,
            "acc_auc_ratio_01": 0.08520976353928299
        },
        "4": {
            "peak_drop": [
                51.5,
                15.25,
                15.75,
                14.5,
                10.0
            ],
            "recovery_time": [
                5000,
                760,
                684,
                600,
                532
            ],
            "sg_area": [
                39.14,
                11.21,
                10.45,
                7.6,
                7.03
            ],
            "first_drop": [
                51.5,
                14.75,
                13.75,
                10.0,
                9.25
            ],
            "last_drop": [
                37.0,
                1.75,
                0.75,
                4.5,
                0.0
            ],
            "acc_auc": 68659.0,
            "acc_auc_norm": 15.31199821587868,
            "acc_auc_ratio_01": 0.1531199821587868
        },
        "5": {
            "peak_drop": [
                54.0,
                13.5,
                17.0,
                12.75
            ],
            "recovery_time": [
                5000,
                456,
                608,
                684
            ],
            "sg_area": [
                40.09,
                7.03,
                11.21,
                7.79
            ],
            "first_drop": [
                52.75,
                9.25,
                14.75,
                10.25
            ],
            "last_drop": [
                38.0,
                0.0,
                5.75,
                2.0
            ],
            "acc_auc": 70479.0,
            "acc_auc_norm": 18.92561761546724,
            "acc_auc_ratio_01": 0.18925617615467238
        },
        "6": {
            "peak_drop": [
                54.0,
                5.5,
                13.75
            ],
            "recovery_time": [
                5000,
                228,
                684
            ],
            "sg_area": [
                38.19,
                4.18,
                10.07
            ],
            "first_drop": [
                50.25,
                5.5,
                13.25
            ],
            "last_drop": [
                44.75,
                0.0,
                2.75
            ],
            "acc_auc": 57963.0,
            "acc_auc_norm": 19.555668016194332,
            "acc_auc_ratio_01": 0.19555668016194333
        },
        "7": {
            "peak_drop": [
                60.5,
                20.5
            ],
            "recovery_time": [
                5000,
                5000
            ],