{
    "forgetting": 41.27777777777778,
    "learning_success": 64.85,
    "retention_ratio": 0.4271395528141866,
    "stability_gap": 19.046444444444443,
    "peak_drop": 27.844444444444445,
    "first_drop": 25.06111111111111,
    "last_drop": 8.86111111111111,
    "recovery_time_median": 608.0,
    "recovery_rate": 0.6888888888888889,
    "recovery_window": 5000,
    "recovery_scale": 0.8,
    "sg_window_steps": 100,
    "acc_bounds": [
        0.0,
        100.0
    ],
    "acc_auc_norm_mean": 32.037489828904505,
    "acc_auc_ratio_01_mean": 0.32037489828904514,
    "per_task_metrics": {
        "0": {
            "peak_drop": [
                49.5,
                39.75,
                22.0,
                19.5,
                22.5,
                12.5,
                13.75,
                13.0,
                8.75
            ],
            "recovery_time": [
                5000,
                5000,
                600,
                600,
                600,
                600,
                600,
                608,
                200
            ],
            "sg_area": [
                33.06,
                25.08,
                15.39,
                14.44,
                14.44,
                8.17,
                8.17,
                9.88,
                6.65
            ],
            "first_drop": [
                43.5,
                33.0,
                20.25,
                19.0,
                19.0,
                10.75,
                10.75,
                13.0,
                8.75
            ],
            "last_drop": [
                16.5,
                13.25,
                1.5,
                1.75,
                6.0,
                1.25,
                3.25,
                1.75,
                0.0
            ],
            "acc_auc": 157317.0,
            "acc_auc_norm": 20.908692185007975,
            "acc_auc_ratio_01": 0.20908692185007977
        },
        "1": {
            "peak_drop": [
                35.25,
                31.0,
                21.5,
                21.0,
                13.75,
                14.0,
                19.25,
                15.0
            ],
            "recovery_time": [
                684,
                5000,
                532,
                608,
                400,
                532,
                760,
                304
            ],
            "sg_area": [
                23.94,
                19.19,
                16.34,
                15.96,
                7.22,
                5.89,
                9.31,
                5.7
            ],
            "first_drop": [
                31.5,
                25.25,
                21.5,
                21.0,
                9.5,
                7.75,
                12.25,
                7.5
            ],
            "last_drop": [
                6.5,
                10.5,
                0.0,
                1.25,
                2.25,
                0.0,
                3.75,
                0.0
            ],
            "acc_auc": 119849.0,
            "acc_auc_norm": 17.718657599053813,
            "acc_auc_ratio_01": 0.17718657599053814
        },
        "2": {
            "peak_drop": [
                48.75,
                32.25,
                18.25,
                30.5,
                21.25,
                14.0,
                19.75
            ],
            "recovery_time": [
                5000,
                600,
                600,
                760,
                456,
                600,
                532
            ],
            "sg_area": [
                37.05,
                24.51,
                13.87,
                23.18,
                14.44,
                7.6,
                15.01
            ],
            "first_drop": [
                48.75,
                32.25,
                18.25,
                30.5,
                19.0,
                10.0,
                19.75
            ],
            "last_drop": [
                20.0,
                2.5,
                0.0,
                5.25,
                3.75,
                0.0,
                0.0
            ],
            "acc_auc": 161689.0,
            "acc_auc_norm": 26.930213191205862,
            "acc_auc_ratio_01": 0.2693021319120586
        },
        "3": {
            "peak_drop": [
                58.0,
                20.5,
                24.0,
                18.75,
                11.0,
                22.0
            ],
            "recovery_time": [
                5000,
                684,
                760,
                684,
                380,
                5000
            ],
            "sg_area": [
                42.56,
                13.3,
                18.24,
                11.4,
                8.36,
                15.96
            ],
            "first_drop": [
                56.0,
                17.5,
                24.0,
                15.0,
                11.0,
                21.0
            ],
            "last_drop": [
                32.5,
                0.75,
                4.0,
                4.5,
                0.0,
                11.25
            ],
            "acc_auc": 97099.0,
            "acc_auc_norm": 18.516209000762778,
            "acc_auc_ratio_01": 0.1851620900076278
        },
        "4": {
            "peak_drop": [
                60.0,
                20.5,
                23.5,
                21.75,
                23.5
            ],
            "recovery_time": [
                5000,
                228,
                600,
                456,
                5000
            ],
            "sg_area": [
                43.51,
                10.83,
                13.11,
                10.07,
                16.34
            ],
            "first_drop": [
                57.25,
                14.25,
                17.25,
                13.25,
                21.5
            ],
            "last_drop": [
                40.75,
                0.0,
                0.0,
                0.5,
                6.5
            ],
            "acc_auc": 114173.0,
            "acc_auc_norm": 25.462310437109725,
            "acc_auc_ratio_01": 0.25462310437109725
        },
        "5": {
            "peak_drop": [
                63.25,
                26.75,
                19.75,
                26.0
            ],
            "recovery_time": [
                5000,
                456,
                400,
                5000
            ],
            "sg_area": [
                48.07,
                14.25,
                13.3,
                19.19
            ],
            "first_drop": [
                63.25,
                18.75,
                17.5,
                25.25
            ],
            "last_drop": [
                35.5,
                4.5,
                0.0,
                9.75
            ],
            "acc_auc": 110372.0,
            "acc_auc_norm": 29.638023630504833,
            "acc_auc_ratio_01": 0.29638023630504834
        },
        "6": {
            "peak_drop": [
                66.25,
                13.75,
                19.75
            ],
            "recovery_time": [
                5000,
                456,
                608
            ],
            "sg_area": [
                48.07,
                8.74,
                15.01
            ],
            "first_drop": [
                63.25,
                11.5,
                19.75
            ],
            "last_drop": [
                41.25,
                0.0,
                0.0
            ],
            "acc_auc": 90060.0,
            "acc_auc_norm": 30.384615384615383,
            "acc_auc_ratio_01": 0.3038461538461538
        },
        "7": {
            "peak_drop": [
                63.5,
                22.5
            ],
            "recovery_time": [
                5000,
                5000
            ],