{
    "forgetting": 40.97222222222222,
    "learning_success": 57.075,
    "retention_ratio": 0.3539202803328953,
    "stability_gap": 16.39066666666667,
    "peak_drop": 24.35,
    "first_drop": 21.566666666666666,
    "last_drop": 8.811111111111112,
    "recovery_time_median": 684.0,
    "recovery_rate": 0.6,
    "recovery_window": 5000,
    "recovery_scale": 0.8,
    "sg_window_steps": 100,
    "acc_bounds": [
        0.0,
        100.0
    ],
    "acc_auc_norm_mean": 22.781009919337166,
    "acc_auc_ratio_01_mean": 0.22781009919337167,
    "per_task_metrics": {
        "0": {
            "peak_drop": [
                50.0,
                41.0,
                29.25,
                25.25,
                26.25,
                18.5,
                18.75,
                14.25,
                15.75
            ],
            "recovery_time": [
                5000,
                5000,
                600,
                600,
                760,
                608,
                600,
                684,
                608
            ],
            "sg_area": [
                32.49,
                29.83,
                20.9,
                11.59,
                19.95,
                14.06,
                13.11,
                9.88,
                11.78
            ],
            "first_drop": [
                42.75,
                39.25,
                27.5,
                15.25,
                26.25,
                18.5,
                17.25,
                13.0,
                15.5
            ],
            "last_drop": [
                13.75,
                14.0,
                4.5,
                0.25,
                5.0,
                2.75,
                3.75,
                0.25,
                0.0
            ],
            "acc_auc": 136189.0,
            "acc_auc_norm": 18.100611376927166,
            "acc_auc_ratio_01": 0.18100611376927167
        },
        "1": {
            "peak_drop": [
                29.5,
                24.0,
                10.25,
                10.5,
                8.0,
                10.75,
                12.0,
                8.5
            ],
            "recovery_time": [
                5000,
                5000,
                600,
                608,
                600,
                532,
                760,
                600
            ],
            "sg_area": [
                18.05,
                17.86,
                7.79,
                7.22,
                4.56,
                3.99,
                7.22,
                5.13
            ],
            "first_drop": [
                23.75,
                23.5,
                10.25,
                9.5,
                6.0,
                5.25,
                9.5,
                6.75
            ],
            "last_drop": [
                7.25,
                15.0,
                0.0,
                1.25,
                0.0,
                0.0,
                2.25,
                0.0
            ],
            "acc_auc": 67863.0,
            "acc_auc_norm": 10.032968657599055,
            "acc_auc_ratio_01": 0.10032968657599055
        },
        "2": {
            "peak_drop": [
                44.25,
                24.75,
                20.0,
                19.5,
                23.25,
                14.75,
                18.75
            ],
            "recovery_time": [
                5000,
                608,
                684,
                684,
                5000,
                600,
                684
            ],
            "sg_area": [
                23.56,
                18.81,
                10.64,
                14.82,
                17.1,
                7.41,
                12.92
            ],
            "first_drop": [
                31.0,
                24.75,
                14.0,
                19.5,
                22.5,
                9.75,
                17.0
            ],
            "last_drop": [
                21.0,
                3.25,
                0.0,
                0.75,
                7.5,
                0.0,
                0.0
            ],
            "acc_auc": 95296.0,
            "acc_auc_norm": 15.872085276482345,
            "acc_auc_ratio_01": 0.15872085276482345
        },
        "3": {
            "peak_drop": [
                53.5,
                9.5,
                13.0,
                10.0,
                7.75,
                12.5
            ],
            "recovery_time": [
                5000,
                684,
                5000,
                760,
                200,
                5000
            ],
            "sg_area": [
                38.95,
                4.56,
                9.69,
                7.22,
                5.7,
                8.55
            ],
            "first_drop": [
                51.25,
                6.0,
                12.75,
                9.5,
                7.5,
                11.25
            ],
            "last_drop": [
                42.5,
                0.0,
                3.0,
                2.0,
                0.0,
                6.75
            ],
            "acc_auc": 53099.0,
            "acc_auc_norm": 10.125667429443173,
            "acc_auc_ratio_01": 0.10125667429443172
        },
        "4": {
            "peak_drop": [
                54.0,
                15.75,
                17.0,
                20.0,
                13.5
            ],
            "recovery_time": [
                5000,
                684,
                684,
                5000,
                532
            ],
            "sg_area": [
                38.19,
                11.78,
                11.97,
                10.83,
                9.5
            ],
            "first_drop": [
                50.25,
                15.5,
                15.75,
                14.25,
                12.5
            ],
            "last_drop": [
                38.25,
                1.75,
                0.0,
                5.75,
                0.0
            ],
            "acc_auc": 74390.0,
            "acc_auc_norm": 16.590098126672615,
            "acc_auc_ratio_01": 0.16590098126672614
        },
        "5": {
            "peak_drop": [
                58.25,
                19.25,
                22.0,
                16.5
            ],
            "recovery_time": [
                5000,
                600,
                5000,
                5000
            ],
            "sg_area": [
                44.27,
                8.36,
                8.74,
                10.83
            ],
            "first_drop": [
                58.25,
                11.0,
                11.5,
                14.25
            ],
            "last_drop": [
                39.5,
                0.0,
                5.5,
                4.25
            ],
            "acc_auc": 77242.0,
            "acc_auc_norm": 20.741675617615467,
            "acc_auc_ratio_01": 0.20741675617615468
        },
        "6": {
            "peak_drop": [
                59.5,
                11.0,
                16.25
            ],
            "recovery_time": [
                5000,
                400,
                684
            ],
            "sg_area": [
                42.56,
                8.36,
                12.35
            ],
            "first_drop": [
                56.0,
                11.0,
                16.25
            ],
            "last_drop": [
                44.75,
                0.0,
                0.75
            ],
            "acc_auc": 62426.0,
            "acc_auc_norm": 21.06140350877193,
            "acc_auc_ratio_01": 0.2106140350877193
        },
        "7": {
            "peak_drop": [
                62.5,
                23.5
            ],
            "recovery_time": [
                5000,
                5000
            ],