{
    "forgetting": 42.138888888888886,
    "learning_success": 67.425,
    "retention_ratio": 0.4375231738969225,
    "stability_gap": 20.368000000000002,
    "peak_drop": 29.488888888888887,
    "first_drop": 26.8,
    "last_drop": 8.905555555555555,
    "recovery_time_median": 684.0,
    "recovery_rate": 0.6666666666666666,
    "recovery_window": 5000,
    "recovery_scale": 0.8,
    "sg_window_steps": 100,
    "acc_bounds": [
        0.0,
        100.0
    ],
    "acc_auc_norm_mean": 32.49501173082457,
    "acc_auc_ratio_01_mean": 0.3249501173082457,
    "per_task_metrics": {
        "0": {
            "peak_drop": [
                49.5,
                35.25,
                22.75,
                19.25,
                22.0,
                12.75,
                14.75,
                15.5,
                12.25
            ],
            "recovery_time": [
                5000,
                5000,
                608,
                600,
                600,
                400,
                600,
                380,
                304
            ],
            "sg_area": [
                33.06,
                24.7,
                17.29,
                14.44,
                16.72,
                9.69,
                5.13,
                11.78,
                9.31
            ],
            "first_drop": [
                43.5,
                32.5,
                22.75,
                19.0,
                22.0,
                12.75,
                6.75,
                15.5,
                12.25
            ],
            "last_drop": [
                17.0,
                10.0,
                3.0,
                3.0,
                7.0,
                0.0,
                1.25,
                2.75,
                0.0
            ],
            "acc_auc": 157705.0,
            "acc_auc_norm": 20.960260499734183,
            "acc_auc_ratio_01": 0.20960260499734182
        },
        "1": {
            "peak_drop": [
                42.75,
                33.5,
                21.0,
                17.0,
                16.25,
                15.0,
                21.0,
                13.5
            ],
            "recovery_time": [
                5000,
                5000,
                608,
                600,
                608,
                304,
                5000,
                76
            ],
            "sg_area": [
                28.5,
                23.94,
                15.96,
                10.45,
                10.83,
                7.03,
                9.31,
                0.38
            ],
            "first_drop": [
                37.5,
                31.5,
                21.0,
                13.75,
                14.25,
                9.25,
                12.25,
                0.5
            ],
            "last_drop": [
                11.5,
                12.0,
                3.0,
                0.0,
                4.0,
                0.0,
                6.5,
                0.0
            ],
            "acc_auc": 119457.0,
            "acc_auc_norm": 17.66070372560615,
            "acc_auc_ratio_01": 0.1766070372560615
        },
        "2": {
            "peak_drop": [
                50.5,
                31.25,
                23.5,
                31.25,
                26.0,
                20.25,
                24.5
            ],
            "recovery_time": [
                5000,
                600,
                684,
                760,
                684,
                600,
                532
            ],
            "sg_area": [
                38.38,
                23.75,
                15.39,
                23.75,
                15.58,
                11.4,
                18.62
            ],
            "first_drop": [
                50.5,
                31.25,
                20.25,
                31.25,
                20.5,
                15.0,
                24.5
            ],
            "last_drop": [
                22.25,
                3.25,
                0.0,
                6.5,
                2.0,
                0.0,
                0.75
            ],
            "acc_auc": 165248.0,
            "acc_auc_norm": 27.52298467688208,
            "acc_auc_ratio_01": 0.2752298467688208
        },
        "3": {
            "peak_drop": [
                62.0,
                23.5,
                23.0,
                20.0,
                16.5,
                19.5
            ],
            "recovery_time": [
                5000,
                684,
                760,
                684,
                684,
                5000
            ],
            "sg_area": [
                46.74,
                17.1,
                17.48,
                14.63,
                10.64,
                13.49
            ],
            "first_drop": [
                61.5,
                22.5,
                23.0,
                19.25,
                14.0,
                17.75
            ],
            "last_drop": [
                33.0,
                3.75,
                2.75,
                1.25,
                0.75,
                6.5
            ],
            "acc_auc": 98138.0,
            "acc_auc_norm": 18.714340198321892,
            "acc_auc_ratio_01": 0.1871434019832189
        },
        "4": {
            "peak_drop": [
                61.0,
                19.5,
                22.25,
                25.75,
                21.0
            ],
            "recovery_time": [
                5000,
                228,
                600,
                684,
                600
            ],
            "sg_area": [
                46.36,
                12.73,
                11.78,
                9.31,
                15.39
            ],
            "first_drop": [
                61.0,
                16.75,
                15.5,
                12.25,
                20.25
            ],
            "last_drop": [
                40.25,
                0.0,
                0.0,
                3.5,
                2.25
            ],
            "acc_auc": 114688.0,
            "acc_auc_norm": 25.577163247100803,
            "acc_auc_ratio_01": 0.25577163247100804
        },
        "5": {
            "peak_drop": [
                63.5,
                30.5,
                23.25,
                29.5
            ],
            "recovery_time": [
                5000,
                608,
                600,
                5000
            ],
            "sg_area": [
                48.26,
                19.19,
                17.67,
                22.42
            ],
            "first_drop": [
                63.5,
                25.25,
                23.25,
                29.5
            ],
            "last_drop": [
                31.5,
                7.75,
                0.0,
                13.25
            ],
            "acc_auc": 115773.0,
            "acc_auc_norm": 31.088345864661655,
            "acc_auc_ratio_01": 0.31088345864661654
        },
        "6": {
            "peak_drop": [
                71.75,
                17.5,
                26.25
            ],
            "recovery_time": [
                5000,
                532,
                684
            ],
            "sg_area": [
                51.87,
                12.16,
                19.95
            ],
            "first_drop": [
                68.25,
                16.0,
                26.25
            ],
            "last_drop": [
                42.5,
                0.0,
                4.75
            ],
            "acc_auc": 93131.0,
            "acc_auc_norm": 31.420715249662617,
            "acc_auc_ratio_01": 0.3142071524966262
        },
        "7": {
            "peak_drop": [
                61.0,
                26.0
            ],
            "recovery_time": [
                5000,
                5000
            ],