{
    "forgetting": 40.388888888888886,
    "learning_success": 57.65,
    "retention_ratio": 0.36947094535993064,
    "stability_gap": 17.11688888888889,
    "peak_drop": 25.444444444444443,
    "first_drop": 22.522222222222222,
    "last_drop": 8.655555555555555,
    "recovery_time_median": 760.0,
    "recovery_rate": 0.6888888888888889,
    "recovery_window": 5000,
    "recovery_scale": 0.8,
    "sg_window_steps": 100,
    "acc_bounds": [
        0.0,
        100.0
    ],
    "acc_auc_norm_mean": 23.049915454886012,
    "acc_auc_ratio_01_mean": 0.23049915454886016,
    "per_task_metrics": {
        "0": {
            "peak_drop": [
                50.0,
                40.25,
                28.75,
                28.25,
                28.25,
                18.0,
                17.75,
                17.5,
                15.0
            ],
            "recovery_time": [
                5000,
                5000,
                608,
                684,
                760,
                608,
                600,
                684,
                600
            ],
            "sg_area": [
                32.49,
                28.12,
                21.47,
                12.16,
                21.09,
                12.73,
                12.73,
                11.21,
                11.4
            ],
            "first_drop": [
                42.75,
                37.0,
                28.25,
                16.0,
                27.75,
                16.75,
                16.75,
                14.75,
                15.0
            ],
            "last_drop": [
                14.75,
                12.75,
                4.75,
                0.0,
                5.5,
                4.5,
                1.75,
                1.75,
                0.0
            ],
            "acc_auc": 137462.0,
            "acc_auc_norm": 18.269803296119086,
            "acc_auc_ratio_01": 0.18269803296119086
        },
        "1": {
            "peak_drop": [
                33.0,
                24.5,
                10.5,
                11.5,
                8.0,
                12.5,
                14.0,
                10.5
            ],
            "recovery_time": [
                5000,
                5000,
                600,
                608,
                600,
                684,
                760,
                684
            ],
            "sg_area": [
                19.19,
                17.48,
                7.98,
                8.36,
                4.94,
                6.65,
                8.74,
                6.46
            ],
            "first_drop": [
                25.25,
                23.0,
                10.5,
                11.0,
                6.5,
                8.75,
                11.5,
                8.5
            ],
            "last_drop": [
                8.5,
                15.25,
                0.0,
                2.0,
                0.0,
                0.0,
                2.5,
                0.0
            ],
            "acc_auc": 69647.0,
            "acc_auc_norm": 10.296717918391485,
            "acc_auc_ratio_01": 0.10296717918391485
        },
        "2": {
            "peak_drop": [
                46.0,
                26.75,
                20.75,
                20.0,
                25.5,
                17.0,
                19.75
            ],
            "recovery_time": [
                5000,
                608,
                684,
                684,
                684,
                600,
                684
            ],
            "sg_area": [
                22.04,
                20.33,
                11.21,
                15.01,
                17.86,
                7.6,
                14.44
            ],
            "first_drop": [
                29.0,
                26.75,
                14.75,
                19.75,
                23.5,
                10.0,
                19.0
            ],
            "last_drop": [
                19.75,
                3.5,
                0.0,
                0.25,
                7.25,
                0.0,
                0.0
            ],
            "acc_auc": 97932.0,
            "acc_auc_norm": 16.311125916055964,
            "acc_auc_ratio_01": 0.16311125916055963
        },
        "3": {
            "peak_drop": [
                53.75,
                13.25,
                12.75,
                11.5,
                9.0,
                13.25
            ],
            "recovery_time": [
                5000,
                684,
                760,
                760,
                760,
                5000
            ],
            "sg_area": [
                39.71,
                8.93,
                8.93,
                8.36,
                6.46,
                9.12
            ],
            "first_drop": [
                52.25,
                11.75,
                11.75,
                11.0,
                8.5,
                12.0
            ],
            "last_drop": [
                40.0,
                1.25,
                1.5,
                2.25,
                0.0,
                5.75
            ],
            "acc_auc": 53708.0,
            "acc_auc_norm": 10.241800152555301,
            "acc_auc_ratio_01": 0.10241800152555301
        },
        "4": {
            "peak_drop": [
                54.25,
                18.0,
                17.5,
                20.5,
                17.25
            ],
            "recovery_time": [
                5000,
                760,
                684,
                760,
                684
            ],
            "sg_area": [
                39.71,
                11.78,
                11.97,
                12.16,
                12.54
            ],
            "first_drop": [
                52.25,
                15.5,
                15.75,
                16.0,
                16.5
            ],
            "last_drop": [
                37.5,
                3.25,
                0.0,
                2.0,
                0.75
            ],
            "acc_auc": 75871.0,
            "acc_auc_norm": 16.920383586083855,
            "acc_auc_ratio_01": 0.16920383586083854
        },
        "5": {
            "peak_drop": [
                55.5,
                22.5,
                22.25,
                19.25
            ],
            "recovery_time": [
                5000,
                760,
                760,
                5000
            ],
            "sg_area": [
                41.8,
                12.35,
                10.45,
                12.92
            ],
            "first_drop": [
                55.0,
                16.25,
                13.75,
                17.0
            ],
            "last_drop": [
                38.75,
                0.5,
                4.25,
                5.75
            ],
            "acc_auc": 80652.0,
            "acc_auc_norm": 21.65735767991407,
            "acc_auc_ratio_01": 0.21657357679914072
        },
        "6": {
            "peak_drop": [
                60.75,
                11.25,
                20.5
            ],
            "recovery_time": [
                5000,
                684,
                684
            ],
            "sg_area": [
                43.51,
                8.55,
                15.58
            ],
            "first_drop": [
                57.25,
                11.25,
                20.5
            ],
            "last_drop": [
                44.0,
                0.0,
                0.25
            ],
            "acc_auc": 63194.0,
            "acc_auc_norm": 21.32051282051282,
            "acc_auc_ratio_01": 0.2132051282051282
        },
        "7": {
            "peak_drop": [
                61.5,
                23.5
            ],
            "recovery_time": [
                5000,
                5000
            ],