{
    "forgetting": 42.30555555555556,
    "learning_success": 67.425,
    "retention_ratio": 0.4352984797923619,
    "stability_gap": 20.929555555555556,
    "peak_drop": 30.1,
    "first_drop": 27.538888888888888,
    "last_drop": 9.1,
    "recovery_time_median": 684.0,
    "recovery_rate": 0.6444444444444445,
    "recovery_window": 5000,
    "recovery_scale": 0.8,
    "sg_window_steps": 100,
    "acc_bounds": [
        0.0,
        100.0
    ],
    "acc_auc_norm_mean": 32.34240686347274,
    "acc_auc_ratio_01_mean": 0.3234240686347274,
    "per_task_metrics": {
        "0": {
            "peak_drop": [
                49.5,
                38.75,
                20.5,
                23.0,
                20.0,
                13.75,
                12.5,
                15.75,
                11.25
            ],
            "recovery_time": [
                5000,
                5000,
                600,
                608,
                600,
                380,
                600,
                600,
                304
            ],
            "sg_area": [
                33.06,
                29.45,
                15.01,
                14.25,
                15.2,
                8.74,
                3.99,
                11.97,
                8.55
            ],
            "first_drop": [
                43.5,
                38.75,
                19.75,
                18.75,
                20.0,
                11.5,
                5.25,
                15.75,
                11.25
            ],
            "last_drop": [
                16.5,
                13.0,
                1.0,
                3.0,
                4.5,
                3.75,
                0.0,
                2.75,
                0.0
            ],
            "acc_auc": 154765.0,
            "acc_auc_norm": 20.569510898458265,
            "acc_auc_ratio_01": 0.20569510898458265
        },
        "1": {
            "peak_drop": [
                44.25,
                32.25,
                22.5,
                16.75,
                15.25,
                15.25,
                23.0,
                14.75
            ],
            "recovery_time": [
                5000,
                5000,
                684,
                600,
                600,
                304,
                5000,
                152
            ],
            "sg_area": [
                31.54,
                23.18,
                17.1,
                12.73,
                11.59,
                6.46,
                11.02,
                4.18
            ],
            "first_drop": [
                41.5,
                30.5,
                22.5,
                16.75,
                15.25,
                8.5,
                14.5,
                5.5
            ],
            "last_drop": [
                14.0,
                11.5,
                3.75,
                0.0,
                4.25,
                0.0,
                7.25,
                0.0
            ],
            "acc_auc": 118414.0,
            "acc_auc_norm": 17.50650502661147,
            "acc_auc_ratio_01": 0.1750650502661147
        },
        "2": {
            "peak_drop": [
                52.0,
                35.75,
                22.5,
                30.0,
                26.25,
                18.25,
                22.0
            ],
            "recovery_time": [
                5000,
                684,
                600,
                684,
                760,
                600,
                600
            ],
            "sg_area": [
                39.52,
                27.17,
                11.02,
                22.8,
                18.24,
                9.5,
                16.34
            ],
            "first_drop": [
                52.0,
                35.75,
                14.5,
                30.0,
                24.0,
                12.5,
                21.5
            ],
            "last_drop": [
                21.75,
                3.5,
                0.0,
                4.75,
                5.75,
                0.0,
                0.5
            ],
            "acc_auc": 163985.0,
            "acc_auc_norm": 27.312624916722186,
            "acc_auc_ratio_01": 0.27312624916722184
        },
        "3": {
            "peak_drop": [
                60.75,
                27.0,
                20.5,
                21.25,
                19.25,
                24.25
            ],
            "recovery_time": [
                5000,
                5000,
                684,
                684,
                684,
                5000
            ],
            "sg_area": [
                46.17,
                19.0,
                15.58,
                14.82,
                12.92,
                18.43
            ],
            "first_drop": [
                60.75,
                25.0,
                20.5,
                19.5,
                17.0,
                24.25
            ],
            "last_drop": [
                30.5,
                7.25,
                1.5,
                0.0,
                0.0,
                11.25
            ],
            "acc_auc": 97507.0,
            "acc_auc_norm": 18.594012204424104,
            "acc_auc_ratio_01": 0.18594012204424104
        },
        "4": {
            "peak_drop": [
                61.5,
                21.75,
                24.25,
                25.25,
                24.75
            ],
            "recovery_time": [
                5000,
                600,
                608,
                684,
                608
            ],
            "sg_area": [
                45.6,
                12.73,
                16.53,
                15.01,
                16.91
            ],
            "first_drop": [
                60.0,
                16.75,
                21.75,
                19.75,
                22.25
            ],
            "last_drop": [
                39.0,
                0.0,
                0.0,
                0.0,
                9.0
            ],
            "acc_auc": 116556.0,
            "acc_auc_norm": 25.993755575379126,
            "acc_auc_ratio_01": 0.25993755575379124
        },
        "5": {
            "peak_drop": [
                64.25,
                33.0,
                24.5,
                30.0
            ],
            "recovery_time": [
                5000,
                608,
                532,
                5000
            ],
            "sg_area": [
                45.79,
                21.66,
                18.62,
                20.71
            ],
            "first_drop": [
                60.25,
                28.5,
                24.5,
                27.25
            ],
            "last_drop": [
                30.25,
                9.0,
                0.0,
                12.25
            ],
            "acc_auc": 116572.0,
            "acc_auc_norm": 31.302900107411386,
            "acc_auc_ratio_01": 0.31302900107411386
        },
        "6": {
            "peak_drop": [
                71.5,
                19.0,
                23.75
            ],
            "recovery_time": [
                5000,
                456,
                684
            ],
            "sg_area": [
                54.34,
                14.25,
                18.05
            ],
            "first_drop": [
                71.5,
                18.75,
                23.75
            ],
            "last_drop": [
                43.0,
                0.0,
                0.75
            ],
            "acc_auc": 91414.0,
            "acc_auc_norm": 30.841430499325234,
            "acc_auc_ratio_01": 0.30841430499325234
        },
        "7": {
            "peak_drop": [
                60.5,
                29.25
            ],
            "recovery_time": [
                5000,
                5000
            ],