{
    "forgetting": 40.361111111111114,
    "learning_success": 58.3,
    "retention_ratio": 0.37692967409948547,
    "stability_gap": 17.817777777777778,
    "peak_drop": 26.322222222222223,
    "first_drop": 23.444444444444443,
    "last_drop": 8.688888888888888,
    "recovery_time_median": 760.0,
    "recovery_rate": 0.6,
    "recovery_window": 5000,
    "recovery_scale": 0.8,
    "sg_window_steps": 100,
    "acc_bounds": [
        0.0,
        100.0
    ],
    "acc_auc_norm_mean": 22.957522823102295,
    "acc_auc_ratio_01_mean": 0.22957522823102292,
    "per_task_metrics": {
        "0": {
            "peak_drop": [
                50.0,
                41.25,
                30.0,
                29.25,
                29.0,
                17.0,
                19.0,
                17.0,
                17.75
            ],
            "recovery_time": [
                5000,
                5000,
                600,
                684,
                5000,
                608,
                600,
                684,
                684
            ],
            "sg_area": [
                32.49,
                28.31,
                20.9,
                14.06,
                21.47,
                11.97,
                11.97,
                12.35,
                13.49
            ],
            "first_drop": [
                42.75,
                37.25,
                27.5,
                18.5,
                28.25,
                15.75,
                15.75,
                16.25,
                17.75
            ],
            "last_drop": [
                15.75,
                11.0,
                3.5,
                0.5,
                6.5,
                3.75,
                0.0,
                2.5,
                0.0
            ],
            "acc_auc": 137358.0,
            "acc_auc_norm": 18.25598086124402,
            "acc_auc_ratio_01": 0.1825598086124402
        },
        "1": {
            "peak_drop": [
                34.0,
                26.75,
                11.5,
                10.5,
                7.75,
                16.0,
                15.5,
                11.0
            ],
            "recovery_time": [
                5000,
                5000,
                608,
                608,
                600,
                684,
                5000,
                152
            ],
            "sg_area": [
                20.71,
                17.48,
                8.74,
                7.6,
                3.99,
                9.69,
                8.36,
                6.46
            ],
            "first_drop": [
                27.25,
                23.0,
                11.5,
                10.0,
                5.25,
                12.75,
                11.0,
                8.5
            ],
            "last_drop": [
                8.0,
                15.5,
                0.0,
                0.5,
                0.0,
                0.75,
                4.0,
                0.0
            ],
            "acc_auc": 71297.0,
            "acc_auc_norm": 10.540656416321703,
            "acc_auc_ratio_01": 0.10540656416321703
        },
        "2": {
            "peak_drop": [
                46.75,
                27.75,
                20.5,
                21.5,
                27.25,
                20.0,
                21.75
            ],
            "recovery_time": [
                5000,
                684,
                684,
                684,
                5000,
                600,
                684
            ],
            "sg_area": [
                22.99,
                19.95,
                12.35,
                16.34,
                20.14,
                9.88,
                16.53
            ],
            "first_drop": [
                30.25,
                26.25,
                16.25,
                21.5,
                26.5,
                13.0,
                21.75
            ],
            "last_drop": [
                20.25,
                4.0,
                0.0,
                0.75,
                6.5,
                0.0,
                0.0
            ],
            "acc_auc": 98205.0,
            "acc_auc_norm": 16.356595602931378,
            "acc_auc_ratio_01": 0.16356595602931379
        },
        "3": {
            "peak_drop": [
                53.25,
                14.25,
                14.25,
                13.0,
                9.5,
                14.25
            ],
            "recovery_time": [
                5000,
                684,
                760,
                5000,
                760,
                5000
            ],
            "sg_area": [
                39.33,
                9.69,
                10.26,
                9.5,
                7.22,
                10.64
            ],
            "first_drop": [
                51.75,
                12.75,
                13.5,
                12.5,
                9.5,
                14.0
            ],
            "last_drop": [
                38.25,
                1.25,
                1.5,
                3.0,
                0.0,
                6.75
            ],
            "acc_auc": 54864.0,
            "acc_auc_norm": 10.462242562929061,
            "acc_auc_ratio_01": 0.10462242562929061
        },
        "4": {
            "peak_drop": [
                53.25,
                19.25,
                18.25,
                21.25,
                15.75
            ],
            "recovery_time": [
                5000,
                760,
                684,
                684,
                600
            ],
            "sg_area": [
                40.47,
                13.49,
                12.16,
                13.11,
                11.59
            ],
            "first_drop": [
                53.25,
                17.75,
                16.0,
                17.25,
                15.25
            ],
            "last_drop": [
                37.0,
                3.5,
                0.0,
                4.0,
                0.0
            ],
            "acc_auc": 75251.0,
            "acc_auc_norm": 16.782114183764495,
            "acc_auc_ratio_01": 0.16782114183764496
        },
        "5": {
            "peak_drop": [
                58.5,
                20.5,
                22.5,
                20.5
            ],
            "recovery_time": [
                5000,
                760,
                760,
                5000
            ],
            "sg_area": [
                43.13,
                12.92,
                8.17,
                15.39
            ],
            "first_drop": [
                56.75,
                17.0,
                10.75,
                20.25
            ],
            "last_drop": [
                40.25,
                0.0,
                3.0,
                6.75
            ],
            "acc_auc": 80611.0,
            "acc_auc_norm": 21.646348012889366,
            "acc_auc_ratio_01": 0.21646348012889366
        },
        "6": {
            "peak_drop": [
                62.25,
                12.25,
                21.0
            ],
            "recovery_time": [
                5000,
                684,
                684
            ],
            "sg_area": [
                44.65,
                9.31,
                15.96
            ],
            "first_drop": [
                58.75,
                12.25,
                21.0
            ],
            "last_drop": [
                45.5,
                0.0,
                0.0
            ],
            "acc_auc": 63940.0,
            "acc_auc_norm": 21.572199730094468,
            "acc_auc_ratio_01": 0.21572199730094468
        },
        "7": {
            "peak_drop": [
                62.0,
                26.0
            ],
            "recovery_time": [
                5000,
                5000
            ],