{
    "forgetting": 41.388888888888886,
    "learning_success": 67.375,
    "retention_ratio": 0.44712430426716143,
    "stability_gap": 20.583333333333336,
    "peak_drop": 29.65,
    "first_drop": 27.083333333333332,
    "last_drop": 8.933333333333334,
    "recovery_time_median": 684.0,
    "recovery_rate": 0.6444444444444445,
    "recovery_window": 5000,
    "recovery_scale": 0.8,
    "sg_window_steps": 100,
    "acc_bounds": [
        0.0,
        100.0
    ],
    "acc_auc_norm_mean": 32.734191692164494,
    "acc_auc_ratio_01_mean": 0.32734191692164494,
    "per_task_metrics": {
        "0": {
            "peak_drop": [
                49.5,
                37.75,
                21.5,
                18.75,
                23.75,
                14.25,
                15.25,
                17.0,
                9.25
            ],
            "recovery_time": [
                5000,
                5000,
                600,
                600,
                608,
                380,
                600,
                760,
                304
            ],
            "sg_area": [
                33.06,
                27.74,
                16.34,
                12.54,
                15.58,
                8.74,
                5.51,
                12.35,
                6.65
            ],
            "first_drop": [
                43.5,
                36.5,
                21.5,
                16.5,
                20.5,
                11.5,
                7.25,
                16.25,
                8.75
            ],
            "last_drop": [
                17.5,
                11.0,
                3.0,
                0.0,
                8.5,
                0.25,
                0.0,
                4.0,
                0.0
            ],
            "acc_auc": 158367.0,
            "acc_auc_norm": 21.04824561403509,
            "acc_auc_ratio_01": 0.21048245614035088
        },
        "1": {
            "peak_drop": [
                42.5,
                35.0,
                19.5,
                16.5,
                16.25,
                13.5,
                22.0,
                13.5
            ],
            "recovery_time": [
                5000,
                5000,
                600,
                684,
                400,
                304,
                5000,
                76
            ],
            "sg_area": [
                28.12,
                22.99,
                14.82,
                12.35,
                11.78,
                5.51,
                7.6,
                1.52
            ],
            "first_drop": [
                37.0,
                30.25,
                19.5,
                16.25,
                15.5,
                7.25,
                10.0,
                2.0
            ],
            "last_drop": [
                10.0,
                13.5,
                0.75,
                0.0,
                4.5,
                0.0,
                5.25,
                0.0
            ],
            "acc_auc": 119502.0,
            "acc_auc_norm": 17.66735659373152,
            "acc_auc_ratio_01": 0.1766735659373152
        },
        "2": {
            "peak_drop": [
                50.25,
                35.0,
                21.25,
                30.75,
                24.5,
                20.5,
                21.75
            ],
            "recovery_time": [
                5000,
                684,
                684,
                684,
                684,
                600,
                532
            ],
            "sg_area": [
                37.62,
                26.6,
                15.58,
                23.37,
                18.05,
                9.88,
                16.53
            ],
            "first_drop": [
                49.5,
                35.0,
                20.5,
                30.75,
                23.75,
                13.0,
                21.75
            ],
            "last_drop": [
                21.0,
                3.0,
                0.0,
                4.5,
                3.5,
                0.0,
                0.0
            ],
            "acc_auc": 164124.0,
            "acc_auc_norm": 27.335776149233844,
            "acc_auc_ratio_01": 0.2733577614923384
        },
        "3": {
            "peak_drop": [
                61.5,
                22.75,
                22.75,
                18.0,
                19.0,
                21.5
            ],
            "recovery_time": [
                5000,
                684,
                760,
                684,
                684,
                5000
            ],
            "sg_area": [
                46.74,
                15.39,
                17.29,
                13.49,
                14.44,
                14.82
            ],
            "first_drop": [
                61.5,
                20.25,
                22.75,
                17.75,
                19.0,
                19.5
            ],
            "last_drop": [
                34.0,
                5.0,
                3.0,
                0.0,
                0.0,
                9.0
            ],
            "acc_auc": 98863.0,
            "acc_auc_norm": 18.852593440122043,
            "acc_auc_ratio_01": 0.18852593440122042
        },
        "4": {
            "peak_drop": [
                60.75,
                21.75,
                25.75,
                25.25,
                21.75
            ],
            "recovery_time": [
                5000,
                228,
                684,
                684,
                684
            ],
            "sg_area": [
                46.17,
                16.53,
                15.58,
                11.02,
                15.96
            ],
            "first_drop": [
                60.75,
                21.75,
                20.5,
                14.5,
                21.0
            ],
            "last_drop": [
                40.0,
                0.0,
                0.0,
                2.25,
                5.75
            ],
            "acc_auc": 115830.0,
            "acc_auc_norm": 25.831846565566458,
            "acc_auc_ratio_01": 0.2583184656556646
        },
        "5": {
            "peak_drop": [
                66.5,
                32.75,
                21.0,
                27.75
            ],
            "recovery_time": [
                5000,
                5000,
                532,
                5000
            ],
            "sg_area": [
                50.54,
                23.37,
                15.96,
                19.57
            ],
            "first_drop": [
                66.5,
                30.75,
                21.0,
                25.75
            ],
            "last_drop": [
                29.5,
                11.25,
                0.0,
                11.25
            ],
            "acc_auc": 114657.0,
            "acc_auc_norm": 30.788668098818476,
            "acc_auc_ratio_01": 0.3078866809881848
        },
        "6": {
            "peak_drop": [
                71.5,
                18.25,
                26.5
            ],
            "recovery_time": [
                5000,
                456,
                684
            ],
            "sg_area": [
                50.73,
                13.87,
                20.14
            ],
            "first_drop": [
                66.75,
                18.25,
                26.5
            ],
            "last_drop": [
                43.0,
                0.0,
                3.75
            ],
            "acc_auc": 93291.0,
            "acc_auc_norm": 31.474696356275302,
            "acc_auc_ratio_01": 0.314746963562753
        },
        "7": {
            "peak_drop": [
                60.25,
                27.0
            ],
            "recovery_time": [
                5000,
                5000
            ],