id,label,avg_acc,learning_success,forgetting,stability_gap,peak_drop,first_drop,last_drop,acc_auc_ratio_01_mean
0,Baseline,25.35,74.2,54.27777777777778,17.323777777777778,24.511111111111113,22.794444444444444,11.75,0.33257249338383976
0.03,lambda0.03_rho0.05,29.5,67.425,42.138888888888886,20.368000000000002,29.488888888888887,26.8,8.905555555555555,0.3249501173082457
0.03,lambda0.03_rho0.1,30.125,67.375,41.388888888888886,20.583333333333336,29.65,27.083333333333332,8.933333333333334,0.32734191692164494
0.03,lambda0.03_rho0.015,29.35,67.425,42.30555555555556,20.929555555555556,30.1,27.538888888888888,9.1,0.3234240686347274
0.3,lambda0.3_rho0.1,20.2,57.075,40.97222222222222,16.39066666666667,24.35,21.566666666666666,8.811111111111112,0.22781009919337167
0.3,lambda0.3_rho0.015,21.975,58.3,40.361111111111114,17.817777777777778,26.322222222222223,23.444444444444443,8.688888888888888,0.22957522823102292
0.3,lambda0.3_rho0.05,21.3,57.65,40.388888888888886,17.11688888888889,25.444444444444443,22.522222222222222,8.655555555555555,0.23049915454886016
