{
    "forgetting": 51.833333333333336,
    "learning_success": 73.725,
    "retention_ratio": 0.3672431332655138,
    "stability_gap": 19.40533333333334,
    "peak_drop": 26.761111111111113,
    "first_drop": 25.533333333333335,
    "last_drop": 11.433333333333334,
    "recovery_time_median": 600.0,
    "recovery_rate": 0.6222222222222222,
    "recovery_window": 5000,
    "recovery_scale": 0.8,
    "sg_window_steps": 100,
    "acc_bounds": [
        0.0,
        100.0
    ],
    "acc_auc_norm_mean": 33.930470066612244,
    "acc_auc_ratio_01_mean": 0.3393047006661225,
    "per_task_metrics": {
        "0": {
            "peak_drop": [
                54.25,
                26.5,
                17.25,
                19.75,
                15.5,
                19.5,
                18.0,
                22.75,
                6.25
            ],
            "recovery_time": [
                5000,
                5000,
                152,
                684,
                600,
                400,
                532,
                5000,
                228
            ],
            "sg_area": [
                41.04,
                20.14,
                13.11,
                14.06,
                10.64,
                14.82,
                13.68,
                15.39,
                3.23
            ],
            "first_drop": [
                54.0,
                26.5,
                17.25,
                18.5,
                14.0,
                19.5,
                18.0,
                20.25,
                4.25
            ],
            "last_drop": [
                26.5,
                8.5,
                0.0,
                4.75,
                1.25,
                0.0,
                0.0,
                9.25,
                0.0
            ],
            "acc_auc": 164925.0,
            "acc_auc_norm": 21.919856459330145,
            "acc_auc_ratio_01": 0.21919856459330145
        },
        "1": {
            "peak_drop": [
                58.25,
                23.25,
                10.0,
                17.5,
                10.75,
                19.75,
                21.75,
                8.25
            ],
            "recovery_time": [
                5000,
                5000,
                380,
                600,
                400,
                400,
                5000,
                228
            ],
            "sg_area": [
                37.43,
                16.91,
                6.65,
                12.92,
                3.61,
                14.06,
                16.34,
                6.27
            ],
            "first_drop": [
                49.25,
                22.25,
                8.75,
                17.0,
                4.75,
                18.5,
                21.5,
                8.25
            ],
            "last_drop": [
                34.75,
                8.25,
                0.0,
                4.25,
                0.0,
                0.75,
                6.75,
                0.0
            ],
            "acc_auc": 131929.0,
            "acc_auc_norm": 19.50458308693081,
            "acc_auc_ratio_01": 0.1950458308693081
        },
        "2": {
            "peak_drop": [
                59.75,
                21.25,
                13.25,
                19.75,
                21.5,
                18.0,
                10.5
            ],
            "recovery_time": [
                5000,
                684,
                152,
                760,
                400,
                532,
                304
            ],
            "sg_area": [
                45.41,
                16.15,
                10.07,
                14.25,
                16.34,
                13.68,
                7.98
            ],
            "first_drop": [
                59.75,
                21.25,
                13.25,
                18.75,
                21.5,
                18.0,
                10.5
            ],
            "last_drop": [
                37.5,
                6.75,
                0.0,
                7.0,
                0.0,
                1.75,
                0.0
            ],
            "acc_auc": 171796.0,
            "acc_auc_norm": 28.61359093937375,
            "acc_auc_ratio_01": 0.2861359093937375
        },
        "3": {
            "peak_drop": [
                60.5,
                19.75,
                17.0,
                13.5,
                10.0,
                16.0
            ],
            "recovery_time": [
                5000,
                532,
                456,
                608,
                456,
                5000
            ],
            "sg_area": [
                44.65,
                15.01,
                12.92,
                7.03,
                3.8,
                11.21
            ],
            "first_drop": [
                58.75,
                19.75,
                17.0,
                9.25,
                5.0,
                14.75
            ],
            "last_drop": [
                45.0,
                4.0,
                0.0,
                3.0,
                0.0,
                7.5
            ],
            "acc_auc": 106057.0,
            "acc_auc_norm": 20.2244469870328,
            "acc_auc_ratio_01": 0.202244469870328
        },
        "4": {
            "peak_drop": [
                71.5,
                14.25,
                20.0,
                18.0,
                14.75
            ],
            "recovery_time": [
                5000,
                228,
                532,
                532,
                456
            ],
            "sg_area": [
                54.34,
                10.83,
                15.2,
                12.16,
                7.22
            ],
            "first_drop": [
                71.5,
                14.25,
                20.0,
                16.0,
                9.5
            ],
            "last_drop": [
                53.25,
                0.0,
                4.0,
                1.5,
                0.25
            ],
            "acc_auc": 120013.0,
            "acc_auc_norm": 26.76471900089206,
            "acc_auc_ratio_01": 0.2676471900089206
        },
        "5": {
            "peak_drop": [
                69.25,
                20.25,
                25.5,
                18.25
            ],
            "recovery_time": [
                5000,
                200,
                456,
                5000
            ],
            "sg_area": [
                52.63,
                15.39,
                19.38,
                9.12
            ],
            "first_drop": [
                69.25,
                20.25,
                25.5,
                12.0
            ],
            "last_drop": [
                47.25,
                0.75,
                4.75,
                6.0
            ],
            "acc_auc": 112315.0,
            "acc_auc_norm": 30.159774436090224,
            "acc_auc_ratio_01": 0.30159774436090225
        },
        "6": {
            "peak_drop": [
                69.5,
                6.5,
                18.25
            ],
            "recovery_time": [
                5000,
                152,
                5000
            ],
            "sg_area": [
                52.82,
                4.94,
                13.87
            ],
            "first_drop": [
                69.5,
                6.5,
                18.25
            ],
            "last_drop": [
                55.75,
                0.0,
                6.0
            ],
            "acc_auc": 95761.0,
            "acc_auc_norm": 32.30802968960864,
            "acc_auc_ratio_01": 0.32308029689608636
        },
        "7": {
            "peak_drop": [
                72.5,
                17.0
            ],
            "recovery_time": [
                5000,
                5000
            ],