{
    "forgetting": 62.166666666666664,
    "learning_success": 74.75,
    "retention_ratio": 0.25150501672240805,
    "stability_gap": 13.262000000000002,
    "peak_drop": 19.283333333333335,
    "first_drop": 17.45,
    "last_drop": 12.911111111111111,
    "recovery_time_median": 380.0,
    "recovery_rate": 0.6444444444444445,
    "recovery_window": 5000,
    "recovery_scale": 0.8,
    "sg_window_steps": 100,
    "acc_bounds": [
        0.0,
        100.0
    ],
    "acc_auc_norm_mean": 29.69405688790646,
    "acc_auc_ratio_01_mean": 0.29694056887906456,
    "per_task_metrics": {
        "0": {
            "peak_drop": [
                53.25,
                7.25,
                0.75,
                6.0,
                3.5,
                0.75,
                1.5,
                5.0,
                0.0
            ],
            "recovery_time": [
                5000,
                400,
                76,
                152,
                76,
                76,
                76,
                5000,
                76
            ],
            "sg_area": [
                35.53,
                4.56,
                0.0,
                4.56,
                0.0,
                0.57,
                0.0,
                3.8,
                0.0
            ],
            "first_drop": [
                46.75,
                6.0,
                0.0,
                6.0,
                0.0,
                0.75,
                0.0,
                5.0,
                0.0
            ],
            "last_drop": [
                49.75,
                2.25,
                0.0,
                4.25,
                2.0,
                0.0,
                0.0,
                3.0,
                0.0
            ],
            "acc_auc": 89643.0,
            "acc_auc_norm": 11.914274322169058,
            "acc_auc_ratio_01": 0.11914274322169058
        },
        "1": {
            "peak_drop": [
                56.0,
                9.75,
                3.25,
                4.0,
                1.0,
                3.0,
                4.0,
                0.75
            ],
            "recovery_time": [
                5000,
                5000,
                76,
                76,
                76,
                152,
                5000,
                76
            ],
            "sg_area": [
                38.38,
                7.22,
                0.0,
                0.0,
                0.0,
                1.71,
                2.47,
                0.0
            ],
            "first_drop": [
                50.5,
                9.5,
                0.0,
                0.0,
                0.0,
                2.25,
                3.25,
                0.0
            ],
            "last_drop": [
                50.25,
                9.5,
                0.0,
                2.25,
                0.0,
                0.0,
                1.75,
                0.5
            ],
            "acc_auc": 70490.0,
            "acc_auc_norm": 10.42134831460674,
            "acc_auc_ratio_01": 0.1042134831460674
        },
        "2": {
            "peak_drop": [
                63.0,
                15.25,
                1.75,
                9.25,
                7.0,
                9.5,
                3.25
            ],
            "recovery_time": [
                5000,
                5000,
                76,
                152,
                76,
                152,
                76
            ],
            "sg_area": [
                47.31,
                5.89,
                0.0,
                7.03,
                0.0,
                7.22,
                0.19
            ],
            "first_drop": [
                62.25,
                7.75,
                0.0,
                9.25,
                0.0,
                9.5,
                0.25
            ],
            "last_drop": [
                50.0,
                12.25,
                0.0,
                2.75,
                0.0,
                2.5,
                0.0
            ],
            "acc_auc": 106609.0,
            "acc_auc_norm": 17.75632911392405,
            "acc_auc_ratio_01": 0.1775632911392405
        },
        "3": {
            "peak_drop": [
                70.0,
                11.75,
                6.5,
                6.5,
                5.5,
                7.25
            ],
            "recovery_time": [
                5000,
                600,
                532,
                200,
                152,
                5000
            ],
            "sg_area": [
                53.2,
                8.93,
                2.28,
                2.66,
                4.18,
                5.51
            ],
            "first_drop": [
                70.0,
                11.75,
                3.0,
                3.5,
                5.5,
                7.25
            ],
            "last_drop": [
                56.0,
                3.75,
                2.0,
                1.5,
                0.0,
                4.5
            ],
            "acc_auc": 86144.0,
            "acc_auc_norm": 16.427154843630817,
            "acc_auc_ratio_01": 0.16427154843630817
        },
        "4": {
            "peak_drop": [
                66.75,
                7.5,
                16.0,
                11.75,
                10.0
            ],
            "recovery_time": [
                5000,
                200,
                456,
                228,
                200
            ],
            "sg_area": [
                50.73,
                3.42,
                6.27,
                8.93,
                7.6
            ],
            "first_drop": [
                66.75,
                4.5,
                8.25,
                11.75,
                10.0
            ],
            "last_drop": [
                59.25,
                0.0,
                3.25,
                1.75,
                2.5
            ],
            "acc_auc": 102864.0,
            "acc_auc_norm": 22.94023193577163,
            "acc_auc_ratio_01": 0.22940231935771632
        },
        "5": {
            "peak_drop": [
                69.75,
                17.75,
                13.5,
                14.25
            ],
            "recovery_time": [
                5000,
                400,
                532,
                304
            ],
            "sg_area": [
                53.01,
                10.07,
                9.88,
                10.83
            ],
            "first_drop": [
                69.75,
                13.25,
                13.0,
                14.25
            ],
            "last_drop": [
                52.25,
                4.0,
                4.75,
                6.25
            ],
            "acc_auc": 101853.0,
            "acc_auc_norm": 27.350429645542427,
            "acc_auc_ratio_01": 0.2735042964554243
        },
        "6": {
            "peak_drop": [
                74.5,
                9.0,
                13.25
            ],
            "recovery_time": [
                5000,
                380,
                5000
            ],
            "sg_area": [
                56.62,
                4.75,
                8.36
            ],
            "first_drop": [
                74.5,
                6.25,
                11.0
            ],
            "last_drop": [
                60.5,
                0.0,
                5.25
            ],
            "acc_auc": 87410.0,
            "acc_auc_norm": 29.49055330634278,
            "acc_auc_ratio_01": 0.2949055330634278
        },
        "7": {
            "peak_drop": [
                69.25,
                20.25
            ],
            "recovery_time": [
                5000,
                5000
            ],
            "sg_area": [
                52.63,
                11.21
            ],