{
    "forgetting": 68.11111111111111,
    "learning_success": 74.725,
    "retention_ratio": 0.17965874874539983,
    "stability_gap": 11.315555555555557,
    "peak_drop": 16.833333333333332,
    "first_drop": 14.88888888888889,
    "last_drop": 13.894444444444444,
    "recovery_time_median": 152.0,
    "recovery_rate": 0.7111111111111111,
    "recovery_window": 5000,
    "recovery_scale": 0.8,
    "sg_window_steps": 100,
    "acc_bounds": [
        0.0,
        100.0
    ],
    "acc_auc_norm_mean": 26.49550421195691,
    "acc_auc_ratio_01_mean": 0.2649550421195691,
    "per_task_metrics": {
        "0": {
            "peak_drop": [
                59.0,
                0.5,
                1.5,
                2.5,
                2.0,
                0.5,
                1.75,
                0.75,
                2.0
            ],
            "recovery_time": [
                5000,
                76,
                200,
                152,
                76,
                76,
                152,
                76,
                152
            ],
            "sg_area": [
                36.29,
                0.0,
                1.14,
                0.76,
                0.0,
                0.0,
                0.95,
                0.0,
                1.14
            ],
            "first_drop": [
                47.75,
                0.0,
                1.5,
                1.0,
                0.0,
                0.0,
                1.25,
                0.0,
                1.5
            ],
            "last_drop": [
                58.5,
                0.0,
                0.0,
                1.0,
                0.5,
                0.0,
                0.75,
                0.0,
                0.0
            ],
            "acc_auc": 59971.0,
            "acc_auc_norm": 7.970627325890484,
            "acc_auc_ratio_01": 0.07970627325890484
        },
        "1": {
            "peak_drop": [
                59.75,
                2.75,
                1.0,
                0.0,
                1.5,
                2.0,
                2.5,
                0.75
            ],
            "recovery_time": [
                5000,
                76,
                152,
                76,
                76,
                76,
                76,
                76
            ],
            "sg_area": [
                37.43,
                0.0,
                0.76,
                0.0,
                0.0,
                0.38,
                0.0,
                0.0
            ],
            "first_drop": [
                49.25,
                0.0,
                1.0,
                0.0,
                0.0,
                0.5,
                0.0,
                0.0
            ],
            "last_drop": [
                59.0,
                2.5,
                0.75,
                0.0,
                0.0,
                0.5,
                1.5,
                0.0
            ],
            "acc_auc": 52763.0,
            "acc_auc_norm": 7.800561797752809,
            "acc_auc_ratio_01": 0.07800561797752809
        },
        "2": {
            "peak_drop": [
                70.0,
                13.5,
                0.75,
                5.75,
                3.25,
                0.0,
                3.0
            ],
            "recovery_time": [
                5000,
                5000,
                76,
                76,
                152,
                76,
                76
            ],
            "sg_area": [
                53.2,
                10.26,
                0.0,
                0.0,
                0.95,
                0.0,
                0.0
            ],
            "first_drop": [
                70.0,
                13.5,
                0.0,
                0.0,
                1.25,
                0.0,
                0.0
            ],
            "last_drop": [
                58.0,
                10.5,
                0.0,
                4.0,
                1.25,
                0.0,
                1.0
            ],
            "acc_auc": 87661.0,
            "acc_auc_norm": 14.600433044636908,
            "acc_auc_ratio_01": 0.14600433044636907
        },
        "3": {
            "peak_drop": [
                67.0,
                6.25,
                3.5,
                2.0,
                0.0,
                2.25
            ],
            "recovery_time": [
                5000,
                5000,
                76,
                76,
                76,
                5000
            ],
            "sg_area": [
                50.92,
                2.66,
                0.57,
                0.0,
                0.0,
                0.95
            ],
            "first_drop": [
                67.0,
                3.5,
                0.75,
                0.0,
                0.0,
                1.25
            ],
            "last_drop": [
                62.0,
                3.75,
                1.5,
                2.0,
                0.0,
                1.25
            ],
            "acc_auc": 63487.0,
            "acc_auc_norm": 12.106598016781083,
            "acc_auc_ratio_01": 0.12106598016781084
        },
        "4": {
            "peak_drop": [
                76.25,
                5.0,
                4.75,
                3.0,
                1.5
            ],
            "recovery_time": [
                5000,
                76,
                200,
                200,
                200
            ],
            "sg_area": [
                57.95,
                0.57,
                2.66,
                1.9,
                0.95
            ],
            "first_drop": [
                76.25,
                0.75,
                3.5,
                2.5,
                1.25
            ],
            "last_drop": [
                69.5,
                0.5,
                3.5,
                1.0,
                0.0
            ],
            "acc_auc": 72961.0,
            "acc_auc_norm": 16.271409455842996,
            "acc_auc_ratio_01": 0.16271409455842994
        },
        "5": {
            "peak_drop": [
                64.5,
                11.0,
                10.5,
                9.25
            ],
            "recovery_time": [
                5000,
                456,
                200,
                76
            ],
            "sg_area": [
                49.02,
                8.36,
                7.98,
                1.14
            ],
            "first_drop": [
                64.5,
                11.0,
                10.5,
                1.5
            ],
            "last_drop": [
                57.5,
                4.75,
                4.5,
                7.5
            ],
            "acc_auc": 95663.0,
            "acc_auc_norm": 25.688238453276046,
            "acc_auc_ratio_01": 0.25688238453276047
        },
        "6": {
            "peak_drop": [
                78.75,
                5.0,
                8.5
            ],
            "recovery_time": [
                5000,
                76,
                152
            ],
            "sg_area": [
                59.85,
                0.76,
                2.47
            ],
            "first_drop": [
                78.75,
                1.0,
                3.25
            ],
            "last_drop": [
                66.75,
                0.0,
                5.25
            ],
            "acc_auc": 76964.0,
            "acc_auc_norm": 25.966261808367072,
            "acc_auc_ratio_01": 0.25966261808367075
        },
        "7": {
            "peak_drop": [
                68.75,
                14.25
            ],
            "recovery_time": [
                5000,
                5000
            ],
            "sg_area": [
                51.11,
                6.46
            ],